x,y,value
-1,0,-0.96402758
-0.99,0,-0.96258698
-0.98,0,-0.96108983
-0.97,0,-0.95953401
-0.96,0,-0.95791731
-0.95,0,-0.95623746
-0.94,0,-0.95449211
-0.93,0,-0.95267884
-0.92,0,-0.95079514
-0.91,0,-0.94883842
-0.9,0,-0.94680601
-0.89,0,-0.94469516
-0.88,0,-0.94250301
-0.87,0,-0.94022664
-0.86,0,-0.93786303
-0.85,0,-0.93540907
-0.84,0,-0.93286155
-0.83,0,-0.93021718
-0.82,0,-0.92747257
-0.81,0,-0.92462422
-0.8,0,-0.92166855
-0.79,0,-0.91860189
-0.78,0,-0.91542046
-0.77,0,-0.91212037
-0.76,0,-0.90869766
-0.75,0,-0.90514825
-0.74,0,-0.90146799
-0.73,0,-0.8976526
-0.72,0,-0.89369773
-0.71,0,-0.88959892
-0.7,0,-0.88535165
-0.69,0,-0.88095127
-0.68,0,-0.87639307
-0.67,0,-0.87167225
-0.66,0,-0.86678393
-0.65,0,-0.86172316
-0.64,0,-0.85648492
-0.63,0,-0.85106411
-0.62,0,-0.8454556
-0.61,0,-0.83965418
-0.6,0,-0.83365461
-0.59,0,-0.82745161
-0.58,0,-0.82103988
-0.57,0,-0.81441409
-0.56,0,-0.80756892
-0.55,0,-0.80049902
-0.54,0,-0.7931991
-0.53,0,-0.78566386
-0.52,0,-0.77788807
-0.51,0,-0.76986654
-0.5,0,-0.76159416
-0.49,0,-0.7530659
-0.48,0,-0.74427687
-0.47,0,-0.73522225
-0.46,0,-0.72589741
-0.45,0,-0.71629787
-0.44,0,-0.70641932
-0.43,0,-0.69625767
-0.42,0,-0.68580906
-0.41,0,-0.67506987
-0.4,0,-0.66403677
-0.39,0,-0.65270671
-0.38,0,-0.64107696
-0.37,0,-0.62914516
-0.36,0,-0.6169093
-0.35,0,-0.60436778
-0.34,0,-0.5915194
-0.33,0,-0.57836341
-0.32,0,-0.56489955
-0.31,0,-0.55112803
-0.3,0,-0.53704957
-0.29,0,-0.52266543
-0.28,0,-0.50797743
-0.27,0,-0.49298797
-0.26,0,-0.47770001
-0.25,0,-0.46211716
-0.24,0,-0.44624361
-0.23,0,-0.43008421
-0.22,0,-0.41364444
-0.21,0,-0.39693043
-0.2,0,-0.37994896
-0.19,0,-0.36270747
-0.18,0,-0.34521403
-0.17,0,-0.32747739
-0.16,0,-0.30950692
-0.15,0,-0.29131261
-0.14,0,-0.27290508
-0.13,0,-0.25429553
-0.12,0,-0.23549575
-0.11,0,-0.21651806
-0.1,0,-0.19737532
-0.09,0,-0.17808087
-0.08,0,-0.1586485
-0.07,0,-0.13909245
-0.06,0,-0.1194273
-0.05,0,-0.099667995
-0.04,0,-0.079829769
-0.03,0,-0.059928104
-0.02,0,-0.03997868
-0.01,0,-0.019997334
0,0,0
0.01,0,0.019997334
0.02,0,0.03997868
0.03,0,0.059928104
0.04,0,0.079829769
0.05,0,0.099667995
0.06,0,0.1194273
0.07,0,0.13909245
0.08,0,0.1586485
0.09,0,0.17808087
0.1,0,0.19737532
0.11,0,0.21651806
0.12,0,0.23549575
0.13,0,0.25429553
0.14,0,0.27290508
0.15,0,0.29131261
0.16,0,0.30950692
0.17,0,0.32747739
0.18,0,0.34521403
0.19,0,0.36270747
0.2,0,0.37994896
0.21,0,0.39693043
0.22,0,0.41364444
0.23,0,0.43008421
0.24,0,0.44624361
0.25,0,0.46211716
0.26,0,0.47770001
0.27,0,0.49298797
0.28,0,0.50797743
0.29,0,0.52266543
0.3,0,0.53704957
0.31,0,0.55112803
0.32,0,0.56489955
0.33,0,0.57836341
0.34,0,0.5915194
0.35,0,0.60436778
0.36,0,0.6169093
0.37,0,0.62914516
0.38,0,0.64107696
0.39,0,0.65270671
0.4,0,0.66403677
0.41,0,0.67506987
0.42,0,0.68580906
0.43,0,0.69625767
0.44,0,0.70641932
0.45,0,0.71629787
0.46,0,0.72589741
0.47,0,0.73522225
0.48,0,0.74427687
0.49,0,0.7530659
0.5,0,0.76159416
0.51,0,0.76986654
0.52,0,0.77788807
0.53,0,0.78566386
0.54,0,0.7931991
0.55,0,0.80049902
0.56,0,0.80756892
0.57,0,0.81441409
0.58,0,0.82103988
0.59,0,0.82745161
0.6,0,0.83365461
0.61,0,0.83965418
0.62,0,0.8454556
0.63,0,0.85106411
0.64,0,0.85648492
0.65,0,0.86172316
0.66,0,0.86678393
0.67,0,0.87167225
0.68,0,0.87639307
0.69,0,0.88095127
0.7,0,0.88535165
0.71,0,0.88959892
0.72,0,0.89369773
0.73,0,0.8976526
0.74,0,0.90146799
0.75,0,0.90514825
0.76,0,0.90869766
0.77,0,0.91212037
0.78,0,0.91542046
0.79,0,0.91860189
0.8,0,0.92166855
0.81,0,0.92462422
0.82,0,0.92747257
0.83,0,0.93021718
0.84,0,0.93286155
0.85,0,0.93540907
0.86,0,0.93786303
0.87,0,0.94022664
0.88,0,0.94250301
0.89,0,0.94469516
0.9,0,0.94680601
0.91,0,0.94883842
0.92,0,0.95079514
0.93,0,0.95267884
0.94,0,0.95449211
0.95,0,0.95623746
0.96,0,0.95791731
0.97,0,0.95953401
0.98,0,0.96108983
0.99,0,0.96258698
1,0,0.96402758
-1,0.01,-0.96378974
-0.99,0.01,-0.96234949
-0.98,0.01,-0.96085271
-0.97,0.01,-0.95929727
-0.96,0.01,-0.95768097
-0.95,0.01,-0.95600154
-0.94,0.01,-0.95425662
-0.93,0.01,-0.9524438
-0.92,0.01,-0.95056056
-0.91,0.01,-0.94860433
-0.9,0.01,-0.94657242
-0.89,0.01,-0.94446208
-0.88,0.01,-0.94227047
-0.87,0.01,-0.93999467
-0.86,0.01,-0.93763164
-0.85,0.01,-0.93517829
-0.84,0.01,-0.9326314
-0.83,0.01,-0.92998768
-0.82,0.01,-0.92724374
-0.81,0.01,-0.9243961
-0.8,0.01,-0.92144116
-0.79,0.01,-0.91837526
-0.78,0.01,-0.9151946
-0.77,0.01,-0.91189533
-0.76,0.01,-0.90847346
-0.75,0.01,-0.90492494
-0.74,0.01,-0.90124558
-0.73,0.01,-0.89743113
-0.72,0.01,-0.89347723
-0.71,0.01,-0.88937944
-0.7,0.01,-0.88513321
-0.69,0.01,-0.88073392
-0.68,0.01,-0.87617684
-0.67,0.01,-0.87145719
-0.66,0.01,-0.86657008
-0.65,0.01,-0.86151056
-0.64,0.01,-0.8562736
-0.63,0.01,-0.85085414
-0.62,0.01,-0.84524701
-0.61,0.01,-0.83944702
-0.6,0.01,-0.83344893
-0.59,0.01,-0.82724746
-0.58,0.01,-0.82083731
-0.57,0.01,-0.81421316
-0.56,0.01,-0.80736967
-0.55,0.01,-0.80030152
-0.54,0.01,-0.7930034
-0.53,0.01,-0.78547002
-0.52,0.01,-0.77769615
-0.51,0.01,-0.76967659
-0.5,0.01,-0.76140626
-0.49,0.01,-0.75288011
-0.48,0.01,-0.74409324
-0.47,0.01,-0.73504086
-0.46,0.01,-0.72571832
-0.45,0.01,-0.71612115
-0.44,0.01,-0.70624503
-0.43,0.01,-0.69608589
-0.42,0.01,-0.68563986
-0.41,0.01,-0.67490332
-0.4,0.01,-0.66387294
-0.39,0.01,-0.65254567
-0.38,0.01,-0.64091879
-0.37,0.01,-0.62898994
-0.36,0.01,-0.6167571
-0.35,0.01,-0.60421867
-0.34,0.01,-0.59137346
-0.33,0.01,-0.57822072
-0.32,0.01,-0.56476018
-0.31,0.01,-0.55099205
-0.3,0.01,-0.53691707
-0.29,0.01,-0.52253648
-0.28,0.01,-0.5078521
-0.27,0.01,-0.49286634
-0.26,0.01,-0.47758215
-0.25,0.01,-0.46200314
-0.24,0.01,-0.44613351
-0.23,0.01,-0.4299781
-0.22,0.01,-0.41354239
-0.21,0.01,-0.3968325
-0.2,0.01,-0.37985522
-0.19,0.01,-0.36261798
-0.18,0.01,-0.34512886
-0.17,0.01,-0.3273966
-0.16,0.01,-0.30943056
-0.15,0.01,-0.29124074
-0.14,0.01,-0.27283775
-0.13,0.01,-0.25423279
-0.12,0.01,-0.23543765
-0.11,0.01,-0.21646464
-0.1,0.01,-0.19732662
-0.09,0.01,-0.17803693
-0.08,0.01,-0.15860936
-0.07,0.01,-0.13905813
-0.06,0.01,-0.11939783
-0.05,0.01,-0.099643405
-0.04,0.01,-0.079810074
-0.03,0.01,-0.059913318
-0.02,0.01,-0.039968817
-0.01,0.01,-0.0199924
0,0.01,0
0.01,0.01,0.0199924
0.02,0.01,0.039968817
0.03,0.01,0.059913318
0.04,0.01,0.079810074
0.05,0.01,0.099643405
0.06,0.01,0.11939783
0.07,0.01,0.13905813
0.08,0.01,0.15860936
0.09,0.01,0.17803693
0.1,0.01,0.19732662
0.11,0.01,0.21646464
0.12,0.01,0.23543765
0.13,0.01,0.25423279
0.14,0.01,0.27283775
0.15,0.01,0.29124074
0.16,0.01,0.30943056
0.17,0.01,0.3273966
0.18,0.01,0.34512886
0.19,0.01,0.36261798
0.2,0.01,0.37985522
0.21,0.01,0.3968325
0.22,0.01,0.41354239
0.23,0.01,0.4299781
0.24,0.01,0.44613351
0.25,0.01,0.46200314
0.26,0.01,0.47758215
0.27,0.01,0.49286634
0.28,0.01,0.5078521
0.29,0.01,0.52253648
0.3,0.01,0.53691707
0.31,0.01,0.55099205
0.32,0.01,0.56476018
0.33,0.01,0.57822072
0.34,0.01,0.59137346
0.35,0.01,0.60421867
0.36,0.01,0.6167571
0.37,0.01,0.62898994
0.38,0.01,0.64091879
0.39,0.01,0.65254567
0.4,0.01,0.66387294
0.41,0.01,0.67490332
0.42,0.01,0.68563986
0.43,0.01,0.69608589
0.44,0.01,0.70624503
0.45,0.01,0.71612115
0.46,0.01,0.72571832
0.47,0.01,0.73504086
0.48,0.01,0.74409324
0.49,0.01,0.75288011
0.5,0.01,0.76140626
0.51,0.01,0.76967659
0.52,0.01,0.77769615
0.53,0.01,0.78547002
0.54,0.01,0.7930034
0.55,0.01,0.80030152
0.56,0.01,0.80736967
0.57,0.01,0.81421316
0.58,0.01,0.82083731
0.59,0.01,0.82724746
0.6,0.01,0.83344893
0.61,0.01,0.83944702
0.62,0.01,0.84524701
0.63,0.01,0.85085414
0.64,0.01,0.8562736
0.65,0.01,0.86151056
0.66,0.01,0.86657008
0.67,0.01,0.87145719
0.68,0.01,0.87617684
0.69,0.01,0.88073392
0.7,0.01,0.88513321
0.71,0.01,0.88937944
0.72,0.01,0.89347723
0.73,0.01,0.89743113
0.74,0.01,0.90124558
0.75,0.01,0.90492494
0.76,0.01,0.90847346
0.77,0.01,0.91189533
0.78,0.01,0.9151946
0.79,0.01,0.91837526
0.8,0.01,0.92144116
0.81,0.01,0.9243961
0.82,0.01,0.92724374
0.83,0.01,0.92998768
0.84,0.01,0.9326314
0.85,0.01,0.93517829
0.86,0.01,0.93763164
0.87,0.01,0.93999467
0.88,0.01,0.94227047
0.89,0.01,0.94446208
0.9,0.01,0.94657242
0.91,0.01,0.94860433
0.92,0.01,0.95056056
0.93,0.01,0.9524438
0.94,0.01,0.95425662
0.95,0.01,0.95600154
0.96,0.01,0.95768097
0.97,0.01,0.95929727
0.98,0.01,0.96085271
0.99,0.01,0.96234949
1,0.01,0.96378974
-1,0.02,-0.96307644
-0.99,0.02,-0.96163726
-0.98,0.02,-0.96014159
-0.97,0.02,-0.9585873
-0.96,0.02,-0.95697219
-0.95,0.02,-0.955294
-0.94,0.02,-0.95355038
-0.93,0.02,-0.9517389
-0.92,0.02,-0.94985705
-0.91,0.02,-0.94790227
-0.9,0.02,-0.94587186
-0.89,0.02,-0.94376309
-0.88,0.02,-0.9415731
-0.87,0.02,-0.93929898
-0.86,0.02,-0.9369377
-0.85,0.02,-0.93448616
-0.84,0.02,-0.93194116
-0.83,0.02,-0.9292994
-0.82,0.02,-0.92655749
-0.81,0.02,-0.92371195
-0.8,0.02,-0.9207592
-0.79,0.02,-0.91769557
-0.78,0.02,-0.91451727
-0.77,0.02,-0.91122044
-0.76,0.02,-0.9078011
-0.75,0.02,-0.9042552
-0.74,0.02,-0.90057857
-0.73,0.02,-0.89676694
-0.72,0.02,-0.89281597
-0.71,0.02,-0.88872121
-0.7,0.02,-0.88447813
-0.69,0.02,-0.88008209
-0.68,0.02,-0.87552839
-0.67,0.02,-0.87081222
-0.66,0.02,-0.86592873
-0.65,0.02,-0.86087295
-0.64,0.02,-0.85563988
-0.63,0.02,-0.85022442
-0.62,0.02,-0.84462144
-0.61,0.02,-0.83882574
-0.6,0.02,-0.83283209
-0.59,0.02,-0.82663522
-0.58,0.02,-0.82022981
-0.57,0.02,-0.81361056
-0.56,0.02,-0.80677214
-0.55,0.02,-0.79970922
-0.54,0.02,-0.7924165
-0.53,0.02,-0.78488869
-0.52,0.02,-0.77712057
-0.51,0.02,-0.76910696
-0.5,0.02,-0.76084274
-0.49,0.02,-0.7523229
-0.48,0.02,-0.74354254
-0.47,0.02,-0.73449686
-0.46,0.02,-0.72518122
-0.45,0.02,-0.71559115
-0.44,0.02,-0.70572234
-0.43,0.02,-0.69557072
-0.42,0.02,-0.68513242
-0.41,0.02,-0.67440383
-0.4,0.02,-0.66338161
-0.39,0.02,-0.65206272
-0.38,0.02,-0.64044445
-0.37,0.02,-0.62852442
-0.36,0.02,-0.61630064
-0.35,0.02,-0.60377149
-0.34,0.02,-0.59093578
-0.33,0.02,-0.57779278
-0.32,0.02,-0.5643422
-0.31,0.02,-0.55058427
-0.3,0.02,-0.53651969
-0.29,0.02,-0.52214975
-0.28,0.02,-0.50747624
-0.27,0.02,-0.49250157
-0.26,0.02,-0.4772287
-0.25,0.02,-0.46166122
-0.24,0.02,-0.44580333
-0.23,0.02,-0.42965987
-0.22,0.02,-0.41323633
-0.21,0.02,-0.39653881
-0.2,0.02,-0.37957409
-0.19,0.02,-0.36234961
-0.18,0.02,-0.34487343
-0.17,0.02,-0.32715429
-0.16,0.02,-0.30920155
-0.15,0.02,-0.29102519
-0.14,0.02,-0.27263582
-0.13,0.02,-0.25404464
-0.12,0.02,-0.2352634
-0.11,0.02,-0.21630444
-0.1,0.02,-0.19718058
-0.09,0.02,-0.17790517
-0.08,0.02,-0.15849198
-0.07,0.02,-0.13895521
-0.06,0.02,-0.11930947
-0.05,0.02,-0.099569659
-0.04,0.02,-0.079751006
-0.03,0.02,-0.059868976
-0.02,0.02,-0.039939236
-0.01,0.02,-0.019977604
0,0.02,0
0.01,0.02,0.019977604
0.02,0.02,0.039939236
0.03,0.02,0.059868976
0.04,0.02,0.079751006
0.05,0.02,0.099569659
0.06,0.02,0.11930947
0.07,0.02,0.13895521
0.08,0.02,0.15849198
0.09,0.02,0.17790517
0.1,0.02,0.19718058
0.11,0.02,0.21630444
0.12,0.02,0.2352634
0.13,0.02,0.25404464
0.14,0.02,0.27263582
0.15,0.02,0.29102519
0.16,0.02,0.30920155
0.17,0.02,0.32715429
0.18,0.02,0.34487343
0.19,0.02,0.36234961
0.2,0.02,0.37957409
0.21,0.02,0.39653881
0.22,0.02,0.41323633
0.23,0.02,0.42965987
0.24,0.02,0.44580333
0.25,0.02,0.46166122
0.26,0.02,0.4772287
0.27,0.02,0.49250157
0.28,0.02,0.50747624
0.29,0.02,0.52214975
0.3,0.02,0.53651969
0.31,0.02,0.55058427
0.32,0.02,0.5643422
0.33,0.02,0.57779278
0.34,0.02,0.59093578
0.35,0.02,0.60377149
0.36,0.02,0.61630064
0.37,0.02,0.62852442
0.38,0.02,0.64044445
0.39,0.02,0.65206272
0.4,0.02,0.66338161
0.41,0.02,0.67440383
0.42,0.02,0.68513242
0.43,0.02,0.69557072
0.44,0.02,0.70572234
0.45,0.02,0.71559115
0.46,0.02,0.72518122
0.47,0.02,0.73449686
0.48,0.02,0.74354254
0.49,0.02,0.7523229
0.5,0.02,0.76084274
0.51,0.02,0.76910696
0.52,0.02,0.77712057
0.53,0.02,0.78488869
0.54,0.02,0.7924165
0.55,0.02,0.79970922
0.56,0.02,0.80677214
0.57,0.02,0.81361056
0.58,0.02,0.82022981
0.59,0.02,0.82663522
0.6,0.02,0.83283209
0.61,0.02,0.83882574
0.62,0.02,0.84462144
0.63,0.02,0.85022442
0.64,0.02,0.85563988
0.65,0.02,0.86087295
0.66,0.02,0.86592873
0.67,0.02,0.87081222
0.68,0.02,0.87552839
0.69,0.02,0.88008209
0.7,0.02,0.88447813
0.71,0.02,0.88872121
0.72,0.02,0.89281597
0.73,0.02,0.89676694
0.74,0.02,0.90057857
0.75,0.02,0.9042552
0.76,0.02,0.9078011
0.77,0.02,0.91122044
0.78,0.02,0.91451727
0.79,0.02,0.91769557
0.8,0.02,0.9207592
0.81,0.02,0.92371195
0.82,0.02,0.92655749
0.83,0.02,0.9292994
0.84,0.02,0.93194116
0.85,0.02,0.93448616
0.86,0.02,0.9369377
0.87,0.02,0.93929898
0.88,0.02,0.9415731
0.89,0.02,0.94376309
0.9,0.02,0.94587186
0.91,0.02,0.94790227
0.92,0.02,0.94985705
0.93,0.02,0.9517389
0.94,0.02,0.95355038
0.95,0.02,0.955294
0.96,0.02,0.95697219
0.97,0.02,0.9585873
0.98,0.02,0.96014159
0.99,0.02,0.96163726
1,0.02,0.96307644
-1,0.03,-0.96188839
-0.99,0.03,-0.96045098
-0.98,0.03,-0.95895716
-0.97,0.03,-0.95740478
-0.96,0.03,-0.95579167
-0.95,0.03,-0.95411555
-0.94,0.03,-0.95237408
-0.93,0.03,-0.95056483
-0.92,0.03,-0.94868531
-0.91,0.03,-0.94673293
-0.9,0.03,-0.94470503
-0.89,0.03,-0.94259886
-0.88,0.03,-0.94041158
-0.87,0.03,-0.93814026
-0.86,0.03,-0.9357819
-0.85,0.03,-0.93333338
-0.84,0.03,-0.93079152
-0.83,0.03,-0.92815301
-0.82,0.03,-0.92541449
-0.81,0.03,-0.92257246
-0.8,0.03,-0.91962336
-0.79,0.03,-0.9165635
-0.78,0.03,-0.91338912
-0.77,0.03,-0.91009636
-0.76,0.03,-0.90668124
-0.75,0.03,-0.90313971
-0.74,0.03,-0.89946761
-0.73,0.03,-0.89566069
-0.72,0.03,-0.8917146
-0.71,0.03,-0.88762489
-0.7,0.03,-0.88338704
-0.69,0.03,-0.87899642
-0.68,0.03,-0.87444834
-0.67,0.03,-0.86973799
-0.66,0.03,-0.86486052
-0.65,0.03,-0.85981098
-0.64,0.03,-0.85458436
-0.63,0.03,-0.84917558
-0.62,0.03,-0.84357951
-0.61,0.03,-0.83779097
-0.6,0.03,-0.83180471
-0.59,0.03,-0.82561548
-0.58,0.03,-0.81921798
-0.57,0.03,-0.81260689
-0.56,0.03,-0.80577691
-0.55,0.03,-0.7987227
-0.54,0.03,-0.79143897
-0.53,0.03,-0.78392046
-0.52,0.03,-0.77616192
-0.51,0.03,-0.76815819
-0.5,0.03,-0.75990417
-0.49,0.03,-0.75139484
-0.48,0.03,-0.7426253
-0.47,0.03,-0.73359078
-0.46,0.03,-0.72428664
-0.45,0.03,-0.71470839
-0.44,0.03,-0.70485176
-0.43,0.03,-0.69471266
-0.42,0.03,-0.68428724
-0.41,0.03,-0.67357188
-0.4,0.03,-0.66256326
-0.39,0.03,-0.65125834
-0.38,0.03,-0.6396544
-0.37,0.03,-0.62774908
-0.36,0.03,-0.61554037
-0.35,0.03,-0.60302667
-0.34,0.03,-0.5902068
-0.33,0.03,-0.57708001
-0.32,0.03,-0.56364603
-0.31,0.03,-0.54990507
-0.3,0.03,-0.53585784
-0.29,0.03,-0.52150563
-0.28,0.03,-0.50685022
-0.27,0.03,-0.49189402
-0.26,0.03,-0.47663999
-0.25,0.03,-0.46109171
-0.24,0.03,-0.44525339
-0.23,0.03,-0.42912985
-0.22,0.03,-0.41272656
-0.21,0.03,-0.39604964
-0.2,0.03,-0.37910585
-0.19,0.03,-0.36190261
-0.18,0.03,-0.344448
-0.17,0.03,-0.32675072
-0.16,0.03,-0.30882012
-0.15,0.03,-0.29066618
-0.14,0.03,-0.2722995
-0.13,0.03,-0.25373125
-0.12,0.03,-0.23497318
-0.11,0.03,-0.2160376
-0.1,0.03,-0.19693734
-0.09,0.03,-0.1776857
-0.08,0.03,-0.15829646
-0.07,0.03,-0.1387838
-0.06,0.03,-0.11916229
-0.05,0.03,-0.09944683
-0.04,0.03,-0.079652625
-0.03,0.03,-0.059795122
-0.02,0.03,-0.039889967
-0.01,0.03,-0.019952959
0,0.03,0
0.01,0.03,0.019952959
0.02,0.03,0.039889967
0.03,0.03,0.059795122
0.04,0.03,0.079652625
0.05,0.03,0.09944683
0.06,0.03,0.11916229
0.07,0.03,0.1387838
0.08,0.03,0.15829646
0.09,0.03,0.1776857
0.1,0.03,0.19693734
0.11,0.03,0.2160376
0.12,0.03,0.23497318
0.13,0.03,0.25373125
0.14,0.03,0.2722995
0.15,0.03,0.29066618
0.16,0.03,0.30882012
0.17,0.03,0.32675072
0.18,0.03,0.344448
0.19,0.03,0.36190261
0.2,0.03,0.37910585
0.21,0.03,0.39604964
0.22,0.03,0.41272656
0.23,0.03,0.42912985
0.24,0.03,0.44525339
0.25,0.03,0.46109171
0.26,0.03,0.47663999
0.27,0.03,0.49189402
0.28,0.03,0.50685022
0.29,0.03,0.52150563
0.3,0.03,0.53585784
0.31,0.03,0.54990507
0.32,0.03,0.56364603
0.33,0.03,0.57708001
0.34,0.03,0.5902068
0.35,0.03,0.60302667
0.36,0.03,0.61554037
0.37,0.03,0.62774908
0.38,0.03,0.6396544
0.39,0.03,0.65125834
0.4,0.03,0.66256326
0.41,0.03,0.67357188
0.42,0.03,0.68428724
0.43,0.03,0.69471266
0.44,0.03,0.70485176
0.45,0.03,0.71470839
0.46,0.03,0.72428664
0.47,0.03,0.73359078
0.48,0.03,0.7426253
0.49,0.03,0.75139484
0.5,0.03,0.75990417
0.51,0.03,0.76815819
0.52,0.03,0.77616192
0.53,0.03,0.78392046
0.54,0.03,0.79143897
0.55,0.03,0.7987227
0.56,0.03,0.80577691
0.57,0.03,0.81260689
0.58,0.03,0.81921798
0.59,0.03,0.82561548
0.6,0.03,0.83180471
0.61,0.03,0.83779097
0.62,0.03,0.84357951
0.63,0.03,0.84917558
0.64,0.03,0.85458436
0.65,0.03,0.85981098
0.66,0.03,0.86486052
0.67,0.03,0.86973799
0.68,0.03,0.87444834
0.69,0.03,0.87899642
0.7,0.03,0.88338704
0.71,0.03,0.88762489
0.72,0.03,0.8917146
0.73,0.03,0.89566069
0.74,0.03,0.89946761
0.75,0.03,0.90313971
0.76,0.03,0.90668124
0.77,0.03,0.91009636
0.78,0.03,0.91338912
0.79,0.03,0.9165635
0.8,0.03,0.91962336
0.81,0.03,0.92257246
0.82,0.03,0.92541449
0.83,0.03,0.92815301
0.84,0.03,0.93079152
0.85,0.03,0.93333338
0.86,0.03,0.9357819
0.87,0.03,0.93814026
0.88,0.03,0.94041158
0.89,0.03,0.94259886
0.9,0.03,0.94470503
0.91,0.03,0.94673293
0.92,0.03,0.94868531
0.93,0.03,0.95056483
0.94,0.03,0.95237408
0.95,0.03,0.95411555
0.96,0.03,0.95579167
0.97,0.03,0.95740478
0.98,0.03,0.95895716
0.99,0.03,0.96045098
1,0.03,0.96188839
-1,0.04,-0.96022676
-0.99,0.04,-0.95879184
-0.98,0.04,-0.95730059
-0.97,0.04,-0.9557509
-0.96,0.04,-0.95414057
-0.95,0.04,-0.95246735
-0.94,0.04,-0.95072889
-0.93,0.04,-0.94892277
-0.92,0.04,-0.94704649
-0.91,0.04,-0.94509749
-0.9,0.04,-0.94307309
-0.89,0.04,-0.94097055
-0.88,0.04,-0.93878705
-0.87,0.04,-0.93651966
-0.86,0.04,-0.93416537
-0.85,0.04,-0.93172108
-0.84,0.04,-0.92918361
-0.83,0.04,-0.92654966
-0.82,0.04,-0.92381587
-0.81,0.04,-0.92097875
-0.8,0.04,-0.91803474
-0.79,0.04,-0.91498017
-0.78,0.04,-0.91181127
-0.77,0.04,-0.9085242
-0.76,0.04,-0.90511498
-0.75,0.04,-0.90157957
-0.74,0.04,-0.89791382
-0.73,0.04,-0.89411347
-0.72,0.04,-0.89017419
-0.71,0.04,-0.88609155
-0.7,0.04,-0.88186102
-0.69,0.04,-0.87747799
-0.68,0.04,-0.87293776
-0.67,0.04,-0.86823555
-0.66,0.04,-0.8633665
-0.65,0.04,-0.85832569
-0.64,0.04,-0.8531081
-0.63,0.04,-0.84770866
-0.62,0.04,-0.84212226
-0.61,0.04,-0.83634371
-0.6,0.04,-0.8303678
-0.59,0.04,-0.82418926
-0.58,0.04,-0.81780281
-0.57,0.04,-0.81120314
-0.56,0.04,-0.80438496
-0.55,0.04,-0.79734293
-0.54,0.04,-0.79007179
-0.53,0.04,-0.78256626
-0.52,0.04,-0.77482113
-0.51,0.04,-0.76683122
-0.5,0.04,-0.75859146
-0.49,0.04,-0.75009683
-0.48,0.04,-0.74134244
-0.47,0.04,-0.73232353
-0.46,0.04,-0.72303546
-0.45,0.04,-0.71347376
-0.44,0.04,-0.70363416
-0.43,0.04,-0.69351257
-0.42,0.04,-0.68310516
-0.41,0.04,-0.67240831
-0.4,0.04,-0.66141871
-0.39,0.04,-0.65013331
-0.38,0.04,-0.63854942
-0.37,0.04,-0.62666466
-0.36,0.04,-0.61447705
-0.35,0.04,-0.60198497
-0.34,0.04,-0.58918724
-0.33,0.04,-0.57608313
-0.32,0.04,-0.56267235
-0.31,0.04,-0.54895512
-0.3,0.04,-0.53493217
-0.29,0.04,-0.52060474
-0.28,0.04,-0.50597466
-0.27,0.04,-0.49104429
-0.26,0.04,-0.47581661
-0.25,0.04,-0.46029519
-0.24,0.04,-0.44448423
-0.23,0.04,-0.42838854
-0.22,0.04,-0.41201359
-0.21,0.04,-0.39536547
-0.2,0.04,-0.37845096
-0.19,0.04,-0.36127744
-0.18,0.04,-0.34385298
-0.17,0.04,-0.32618627
-0.16,0.04,-0.30828664
-0.15,0.04,-0.29016407
-0.14,0.04,-0.27182911
-0.13,0.04,-0.25329293
-0.12,0.04,-0.23456727
-0.11,0.04,-0.21566441
-0.1,0.04,-0.19659714
-0.09,0.04,-0.17737876
-0.08,0.04,-0.15802301
-0.07,0.04,-0.13854406
-0.06,0.04,-0.11895644
-0.05,0.04,-0.099275039
-0.04,0.04,-0.079515028
-0.03,0.04,-0.059691828
-0.02,0.04,-0.039821058
-0.01,0.04,-0.019918491
0,0.04,0
0.01,0.04,0.019918491
0.02,0.04,0.039821058
0.03,0.04,0.059691828
0.04,0.04,0.079515028
0.05,0.04,0.099275039
0.06,0.04,0.11895644
0.07,0.04,0.13854406
0.08,0.04,0.15802301
0.09,0.04,0.17737876
0.1,0.04,0.19659714
0.11,0.04,0.21566441
0.12,0.04,0.23456727
0.13,0.04,0.25329293
0.14,0.04,0.27182911
0.15,0.04,0.29016407
0.16,0.04,0.30828664
0.17,0.04,0.32618627
0.18,0.04,0.34385298
0.19,0.04,0.36127744
0.2,0.04,0.37845096
0.21,0.04,0.39536547
0.22,0.04,0.41201359
0.23,0.04,0.42838854
0.24,0.04,0.44448423
0.25,0.04,0.46029519
0.26,0.04,0.47581661
0.27,0.04,0.49104429
0.28,0.04,0.50597466
0.29,0.04,0.52060474
0.3,0.04,0.53493217
0.31,0.04,0.54895512
0.32,0.04,0.56267235
0.33,0.04,0.57608313
0.34,0.04,0.58918724
0.35,0.04,0.60198497
0.36,0.04,0.61447705
0.37,0.04,0.62666466
0.38,0.04,0.63854942
0.39,0.04,0.65013331
0.4,0.04,0.66141871
0.41,0.04,0.67240831
0.42,0.04,0.68310516
0.43,0.04,0.69351257
0.44,0.04,0.70363416
0.45,0.04,0.71347376
0.46,0.04,0.72303546
0.47,0.04,0.73232353
0.48,0.04,0.74134244
0.49,0.04,0.75009683
0.5,0.04,0.75859146
0.51,0.04,0.76683122
0.52,0.04,0.77482113
0.53,0.04,0.78256626
0.54,0.04,0.79007179
0.55,0.04,0.79734293
0.56,0.04,0.80438496
0.57,0.04,0.81120314
0.58,0.04,0.81780281
0.59,0.04,0.82418926
0.6,0.04,0.8303678
0.61,0.04,0.83634371
0.62,0.04,0.84212226
0.63,0.04,0.84770866
0.64,0.04,0.8531081
0.65,0.04,0.85832569
0.66,0.04,0.8633665
0.67,0.04,0.86823555
0.68,0.04,0.87293776
0.69,0.04,0.87747799
0.7,0.04,0.88186102
0.71,0.04,0.88609155
0.72,0.04,0.89017419
0.73,0.04,0.89411347
0.74,0.04,0.89791382
0.75,0.04,0.90157957
0.76,0.04,0.90511498
0.77,0.04,0.9085242
0.78,0.04,0.91181127
0.79,0.04,0.91498017
0.8,0.04,0.91803474
0.81,0.04,0.92097875
0.82,0.04,0.92381587
0.83,0.04,0.92654966
0.84,0.04,0.92918361
0.85,0.04,0.93172108
0.86,0.04,0.93416537
0.87,0.04,0.93651966
0.88,0.04,0.93878705
0.89,0.04,0.94097055
0.9,0.04,0.94307309
0.91,0.04,0.94509749
0.92,0.04,0.94704649
0.93,0.04,0.94892277
0.94,0.04,0.95072889
0.95,0.04,0.95246735
0.96,0.04,0.95414057
0.97,0.04,0.9557509
0.98,0.04,0.95730059
0.99,0.04,0.95879184
1,0.04,0.96022676
-1,0.05,-0.95809319
-0.99,0.05,-0.95666146
-0.98,0.05,-0.95517353
-0.97,0.05,-0.95362728
-0.96,0.05,-0.95202053
-0.95,0.05,-0.95035102
-0.94,0.05,-0.94861642
-0.93,0.05,-0.94681431
-0.92,0.05,-0.94494221
-0.91,0.05,-0.94299754
-0.9,0.05,-0.94097764
-0.89,0.05,-0.93887977
-0.88,0.05,-0.93670112
-0.87,0.05,-0.93443877
-0.86,0.05,-0.93208971
-0.85,0.05,-0.92965085
-0.84,0.05,-0.92711902
-0.83,0.05,-0.92449092
-0.82,0.05,-0.9217632
-0.81,0.05,-0.91893239
-0.8,0.05,-0.91599492
-0.79,0.05,-0.91294714
-0.78,0.05,-0.90978528
-0.77,0.05,-0.90650551
-0.76,0.05,-0.90310387
-0.75,0.05,-0.89957632
-0.74,0.05,-0.8959187
-0.73,0.05,-0.8921268
-0.72,0.05,-0.88819628
-0.71,0.05,-0.8841227
-0.7,0.05,-0.87990157
-0.69,0.05,-0.87552828
-0.68,0.05,-0.87099814
-0.67,0.05,-0.86630638
-0.66,0.05,-0.86144815
-0.65,0.05,-0.85641854
-0.64,0.05,-0.85121254
-0.63,0.05,-0.8458251
-0.62,0.05,-0.84025112
-0.61,0.05,-0.83448541
-0.6,0.05,-0.82852277
-0.59,0.05,-0.82235796
-0.58,0.05,-0.8159857
-0.57,0.05,-0.8094007
-0.56,0.05,-0.80259766
-0.55,0.05,-0.79557129
-0.54,0.05,-0.7883163
-0.53,0.05,-0.78082745
-0.52,0.05,-0.77309952
-0.51,0.05,-0.76512737
-0.5,0.05,-0.75690591
-0.49,0.05,-0.74843016
-0.48,0.05,-0.73969523
-0.47,0.05,-0.73069635
-0.46,0.05,-0.72142891
-0.45,0.05,-0.71188846
-0.44,0.05,-0.70207072
-0.43,0.05,-0.69197163
-0.42,0.05,-0.68158734
-0.41,0.05,-0.67091426
-0.4,0.05,-0.65994907
-0.39,0.05,-0.64868875
-0.38,0.05,-0.6371306
-0.37,0.05,-0.62527225
-0.36,0.05,-0.61311171
-0.35,0.05,-0.60064739
-0.34,0.05,-0.5878781
-0.33,0.05,-0.57480311
-0.32,0.05,-0.56142213
-0.31,0.05,-0.54773538
-0.3,0.05,-0.53374358
-0.29,0.05,-0.51944799
-0.28,0.05,-0.50485041
-0.27,0.05,-0.48995322
-0.26,0.05,-0.47475937
-0.25,0.05,-0.45927244
-0.24,0.05,-0.44349661
-0.23,0.05,-0.42743669
-0.22,0.05,-0.41109812
-0.21,0.05,-0.394487
-0.2,0.05,-0.37761006
-0.19,0.05,-0.3604747
-0.18,0.05,-0.34308896
-0.17,0.05,-0.3254615
-0.16,0.05,-0.30760165
-0.15,0.05,-0.28951934
-0.14,0.05,-0.27122512
-0.13,0.05,-0.25273013
-0.12,0.05,-0.23404608
-0.11,0.05,-0.21518521
-0.1,0.05,-0.19616031
-0.09,0.05,-0.17698463
-0.08,0.05,-0.15767189
-0.07,0.05,-0.13823622
-0.06,0.05,-0.11869212
-0.05,0.05,-0.099054455
-0.04,0.05,-0.079338351
-0.03,0.05,-0.059559196
-0.02,0.05,-0.039732578
-0.01,0.05,-0.019874234
0,0.05,0
0.01,0.05,0.019874234
0.02,0.05,0.039732578
0.03,0.05,0.059559196
0.04,0.05,0.079338351
0.05,0.05,0.099054455
0.06,0.05,0.11869212
0.07,0.05,0.13823622
0.08,0.05,0.15767189
0.09,0.05,0.17698463
0.1,0.05,0.19616031
0.11,0.05,0.21518521
0.12,0.05,0.23404608
0.13,0.05,0.25273013
0.14,0.05,0.27122512
0.15,0.05,0.28951934
0.16,0.05,0.30760165
0.17,0.05,0.3254615
0.18,0.05,0.34308896
0.19,0.05,0.3604747
0.2,0.05,0.37761006
0.21,0.05,0.394487
0.22,0.05,0.41109812
0.23,0.05,0.42743669
0.24,0.05,0.44349661
0.25,0.05,0.45927244
0.26,0.05,0.47475937
0.27,0.05,0.48995322
0.28,0.05,0.50485041
0.29,0.05,0.51944799
0.3,0.05,0.53374358
0.31,0.05,0.54773538
0.32,0.05,0.56142213
0.33,0.05,0.57480311
0.34,0.05,0.5878781
0.35,0.05,0.60064739
0.36,0.05,0.61311171
0.37,0.05,0.62527225
0.38,0.05,0.6371306
0.39,0.05,0.64868875
0.4,0.05,0.65994907
0.41,0.05,0.67091426
0.42,0.05,0.68158734
0.43,0.05,0.69197163
0.44,0.05,0.70207072
0.45,0.05,0.71188846
0.46,0.05,0.72142891
0.47,0.05,0.73069635
0.48,0.05,0.73969523
0.49,0.05,0.74843016
0.5,0.05,0.75690591
0.51,0.05,0.76512737
0.52,0.05,0.77309952
0.53,0.05,0.78082745
0.54,0.05,0.7883163
0.55,0.05,0.79557129
0.56,0.05,0.80259766
0.57,0.05,0.8094007
0.58,0.05,0.8159857
0.59,0.05,0.82235796
0.6,0.05,0.82852277
0.61,0.05,0.83448541
0.62,0.05,0.84025112
0.63,0.05,0.8458251
0.64,0.05,0.85121254
0.65,0.05,0.85641854
0.66,0.05,0.86144815
0.67,0.05,0.86630638
0.68,0.05,0.87099814
0.69,0.05,0.87552828
0.7,0.05,0.87990157
0.71,0.05,0.8841227
0.72,0.05,0.88819628
0.73,0.05,0.8921268
0.74,0.05,0.8959187
0.75,0.05,0.89957632
0.76,0.05,0.90310387
0.77,0.05,0.90650551
0.78,0.05,0.90978528
0.79,0.05,0.91294714
0.8,0.05,0.91599492
0.81,0.05,0.91893239
0.82,0.05,0.9217632
0.83,0.05,0.92449092
0.84,0.05,0.92711902
0.85,0.05,0.92965085
0.86,0.05,0.93208971
0.87,0.05,0.93443877
0.88,0.05,0.93670112
0.89,0.05,0.93887977
0.9,0.05,0.94097764
0.91,0.05,0.94299754
0.92,0.05,0.94494221
0.93,0.05,0.94681431
0.94,0.05,0.94861642
0.95,0.05,0.95035102
0.96,0.05,0.95202053
0.97,0.05,0.95362728
0.98,0.05,0.95517353
0.99,0.05,0.95666146
1,0.05,0.95809319
-1,0.06,-0.95548979
-0.99,0.06,-0.95406195
-0.98,0.06,-0.95257806
-0.97,0.06,-0.95103601
-0.96,0.06,-0.94943363
-0.95,0.06,-0.94776866
-0.94,0.06,-0.94603877
-0.93,0.06,-0.94424156
-0.92,0.06,-0.94237455
-0.91,0.06,-0.94043515
-0.9,0.06,-0.93842074
-0.89,0.06,-0.93632858
-0.88,0.06,-0.93415585
-0.87,0.06,-0.93189964
-0.86,0.06,-0.92955697
-0.85,0.06,-0.92712474
-0.84,0.06,-0.92459978
-0.83,0.06,-0.92197883
-0.82,0.06,-0.91925852
-0.81,0.06,-0.9164354
-0.8,0.06,-0.91350591
-0.79,0.06,-0.91046641
-0.78,0.06,-0.90731315
-0.77,0.06,-0.90404229
-0.76,0.06,-0.90064989
-0.75,0.06,-0.89713192
-0.74,0.06,-0.89348425
-0.73,0.06,-0.88970265
-0.72,0.06,-0.88578281
-0.71,0.06,-0.8817203
-0.7,0.06,-0.87751064
-0.69,0.06,-0.87314923
-0.68,0.06,-0.8686314
-0.67,0.06,-0.86395239
-0.66,0.06,-0.85910737
-0.65,0.06,-0.85409142
-0.64,0.06,-0.84889956
-0.63,0.06,-0.84352677
-0.62,0.06,-0.83796792
-0.61,0.06,-0.83221788
-0.6,0.06,-0.82627145
-0.59,0.06,-0.82012339
-0.58,0.06,-0.81376844
-0.57,0.06,-0.80720134
-0.56,0.06,-0.80041678
-0.55,0.06,-0.7934095
-0.54,0.06,-0.78617423
-0.53,0.06,-0.77870573
-0.52,0.06,-0.7709988
-0.51,0.06,-0.76304831
-0.5,0.06,-0.75484919
-0.49,0.06,-0.74639647
-0.48,0.06,-0.73768527
-0.47,0.06,-0.72871085
-0.46,0.06,-0.7194686
-0.45,0.06,-0.70995407
-0.44,0.06,-0.70016301
-0.43,0.06,-0.69009135
-0.42,0.06,-0.67973528
-0.41,0.06,-0.6690912
-0.4,0.06,-0.65815581
-0.39,0.06,-0.64692609
-0.38,0.06,-0.63539934
-0.37,0.06,-0.62357322
-0.36,0.06,-0.61144572
-0.35,0.06,-0.59901527
-0.34,0.06,-0.58628068
-0.33,0.06,-0.57324121
-0.32,0.06,-0.55989659
-0.31,0.06,-0.54624703
-0.3,0.06,-0.53229325
-0.29,0.06,-0.51803651
-0.28,0.06,-0.50347859
-0.27,0.06,-0.48862188
-0.26,0.06,-0.47346932
-0.25,0.06,-0.45802447
-0.24,0.06,-0.44229151
-0.23,0.06,-0.42627522
-0.22,0.06,-0.40998105
-0.21,0.06,-0.39341507
-0.2,0.06,-0.37658399
-0.19,0.06,-0.35949519
-0.18,0.06,-0.34215669
-0.17,0.06,-0.32457713
-0.16,0.06,-0.30676581
-0.15,0.06,-0.28873264
-0.14,0.06,-0.27048813
-0.13,0.06,-0.2520434
-0.12,0.06,-0.23341011
-0.11,0.06,-0.2146005
-0.1,0.06,-0.19562729
-0.09,0.06,-0.17650372
-0.08,0.06,-0.15724345
-0.07,0.06,-0.13786059
-0.06,0.06,-0.11836961
-0.05,0.06,-0.098785298
-0.04,0.06,-0.079122767
-0.03,0.06,-0.059397358
-0.02,0.06,-0.039624614
-0.01,0.06,-0.01982023
0,0.06,0
0.01,0.06,0.01982023
0.02,0.06,0.039624614
0.03,0.06,0.059397358
0.04,0.06,0.079122767
0.05,0.06,0.098785298
0.06,0.06,0.11836961
0.07,0.06,0.13786059
0.08,0.06,0.15724345
0.09,0.06,0.17650372
0.1,0.06,0.19562729
0.11,0.06,0.2146005
0.12,0.06,0.23341011
0.13,0.06,0.2520434
0.14,0.06,0.27048813
0.15,0.06,0.28873264
0.16,0.06,0.30676581
0.17,0.06,0.32457713
0.18,0.06,0.34215669
0.19,0.06,0.35949519
0.2,0.06,0.37658399
0.21,0.06,0.39341507
0.22,0.06,0.40998105
0.23,0.06,0.42627522
0.24,0.06,0.44229151
0.25,0.06,0.45802447
0.26,0.06,0.47346932
0.27,0.06,0.48862188
0.28,0.06,0.50347859
0.29,0.06,0.51803651
0.3,0.06,0.53229325
0.31,0.06,0.54624703
0.32,0.06,0.55989659
0.33,0.06,0.57324121
0.34,0.06,0.58628068
0.35,0.06,0.59901527
0.36,0.06,0.61144572
0.37,0.06,0.62357322
0.38,0.06,0.63539934
0.39,0.06,0.64692609
0.4,0.06,0.65815581
0.41,0.06,0.6690912
0.42,0.06,0.67973528
0.43,0.06,0.69009135
0.44,0.06,0.70016301
0.45,0.06,0.70995407
0.46,0.06,0.7194686
0.47,0.06,0.72871085
0.48,0.06,0.73768527
0.49,0.06,0.74639647
0.5,0.06,0.75484919
0.51,0.06,0.76304831
0.52,0.06,0.7709988
0.53,0.06,0.77870573
0.54,0.06,0.78617423
0.55,0.06,0.7934095
0.56,0.06,0.80041678
0.57,0.06,0.80720134
0.58,0.06,0.81376844
0.59,0.06,0.82012339
0.6,0.06,0.82627145
0.61,0.06,0.83221788
0.62,0.06,0.83796792
0.63,0.06,0.84352677
0.64,0.06,0.84889956
0.65,0.06,0.85409142
0.66,0.06,0.85910737
0.67,0.06,0.86395239
0.68,0.06,0.8686314
0.69,0.06,0.87314923
0.7,0.06,0.87751064
0.71,0.06,0.8817203
0.72,0.06,0.88578281
0.73,0.06,0.88970265
0.74,0.06,0.89348425
0.75,0.06,0.89713192
0.76,0.06,0.90064989
0.77,0.06,0.90404229
0.78,0.06,0.90731315
0.79,0.06,0.91046641
0.8,0.06,0.91350591
0.81,0.06,0.9164354
0.82,0.06,0.91925852
0.83,0.06,0.92197883
0.84,0.06,0.92459978
0.85,0.06,0.92712474
0.86,0.06,0.92955697
0.87,0.06,0.93189964
0.88,0.06,0.93415585
0.89,0.06,0.93632858
0.9,0.06,0.93842074
0.91,0.06,0.94043515
0.92,0.06,0.94237455
0.93,0.06,0.94424156
0.94,0.06,0.94603877
0.95,0.06,0.94776866
0.96,0.06,0.94943363
0.97,0.06,0.95103601
0.98,0.06,0.95257806
0.99,0.06,0.95406195
1,0.06,0.95548979
-1,0.07,-0.95241913
-0.99,0.07,-0.95099587
-0.98,0.07,-0.94951675
-0.97,0.07,-0.94797966
-0.96,0.07,-0.94638243
-0.95,0.07,-0.94472281
-0.94,0.07,-0.94299848
-0.93,0.07,-0.94120705
-0.92,0.07,-0.93934603
-0.91,0.07,-0.93741287
-0.9,0.07,-0.93540494
-0.89,0.07,-0.9333195
-0.88,0.07,-0.93115375
-0.87,0.07,-0.92890479
-0.86,0.07,-0.92656964
-0.85,0.07,-0.92414523
-0.84,0.07,-0.92162839
-0.83,0.07,-0.91901586
-0.82,0.07,-0.9163043
-0.81,0.07,-0.91349025
-0.8,0.07,-0.91057017
-0.79,0.07,-0.90754044
-0.78,0.07,-0.90439731
-0.77,0.07,-0.90113696
-0.76,0.07,-0.89775547
-0.75,0.07,-0.8942488
-0.74,0.07,-0.89061285
-0.73,0.07,-0.88684341
-0.72,0.07,-0.88293616
-0.71,0.07,-0.87888671
-0.7,0.07,-0.87469058
-0.69,0.07,-0.87034319
-0.68,0.07,-0.86583988
-0.67,0.07,-0.8611759
-0.66,0.07,-0.85634645
-0.65,0.07,-0.85134662
-0.64,0.07,-0.84617145
-0.63,0.07,-0.84081592
-0.62,0.07,-0.83527494
-0.61,0.07,-0.82954338
-0.6,0.07,-0.82361606
-0.59,0.07,-0.81748775
-0.58,0.07,-0.81115323
-0.57,0.07,-0.80460723
-0.56,0.07,-0.79784448
-0.55,0.07,-0.79085972
-0.54,0.07,-0.7836477
-0.53,0.07,-0.77620319
-0.52,0.07,-0.76852103
-0.51,0.07,-0.7605961
-0.5,0.07,-0.75242333
-0.49,0.07,-0.74399777
-0.48,0.07,-0.73531457
-0.47,0.07,-0.72636899
-0.46,0.07,-0.71715643
-0.45,0.07,-0.70767248
-0.44,0.07,-0.69791289
-0.43,0.07,-0.6878736
-0.42,0.07,-0.67755081
-0.41,0.07,-0.66694094
-0.4,0.07,-0.65604069
-0.39,0.07,-0.64484706
-0.38,0.07,-0.63335736
-0.37,0.07,-0.62156924
-0.36,0.07,-0.60948072
-0.35,0.07,-0.59709021
-0.34,0.07,-0.58439654
-0.33,0.07,-0.57139898
-0.32,0.07,-0.55809725
-0.31,0.07,-0.54449155
-0.3,0.07,-0.53058262
-0.29,0.07,-0.51637169
-0.28,0.07,-0.50186056
-0.27,0.07,-0.48705159
-0.26,0.07,-0.47194773
-0.25,0.07,-0.45655252
-0.24,0.07,-0.44087011
-0.23,0.07,-0.4249053
-0.22,0.07,-0.40866349
-0.21,0.07,-0.39215075
-0.2,0.07,-0.37537376
-0.19,0.07,-0.35833988
-0.18,0.07,-0.3410571
-0.17,0.07,-0.32353404
-0.16,0.07,-0.30577996
-0.15,0.07,-0.28780474
-0.14,0.07,-0.26961886
-0.13,0.07,-0.2512334
-0.12,0.07,-0.23266
-0.11,0.07,-0.21391083
-0.1,0.07,-0.1949986
-0.09,0.07,-0.17593649
-0.08,0.07,-0.15673812
-0.07,0.07,-0.13741755
-0.06,0.07,-0.1179892
-0.05,0.07,-0.098467831
-0.04,0.07,-0.078868489
-0.03,0.07,-0.059206472
-0.02,0.07,-0.039497272
-0.01,0.07,-0.019756533
0,0.07,0
0.01,0.07,0.019756533
0.02,0.07,0.039497272
0.03,0.07,0.059206472
0.04,0.07,0.078868489
0.05,0.07,0.098467831
0.06,0.07,0.1179892
0.07,0.07,0.13741755
0.08,0.07,0.15673812
0.09,0.07,0.17593649
0.1,0.07,0.1949986
0.11,0.07,0.21391083
0.12,0.07,0.23266
0.13,0.07,0.2512334
0.14,0.07,0.26961886
0.15,0.07,0.28780474
0.16,0.07,0.30577996
0.17,0.07,0.32353404
0.18,0.07,0.3410571
0.19,0.07,0.35833988
0.2,0.07,0.37537376
0.21,0.07,0.39215075
0.22,0.07,0.40866349
0.23,0.07,0.4249053
0.24,0.07,0.44087011
0.25,0.07,0.45655252
0.26,0.07,0.47194773
0.27,0.07,0.48705159
0.28,0.07,0.50186056
0.29,0.07,0.51637169
0.3,0.07,0.53058262
0.31,0.07,0.54449155
0.32,0.07,0.55809725
0.33,0.07,0.57139898
0.34,0.07,0.58439654
0.35,0.07,0.59709021
0.36,0.07,0.60948072
0.37,0.07,0.62156924
0.38,0.07,0.63335736
0.39,0.07,0.64484706
0.4,0.07,0.65604069
0.41,0.07,0.66694094
0.42,0.07,0.67755081
0.43,0.07,0.6878736
0.44,0.07,0.69791289
0.45,0.07,0.70767248
0.46,0.07,0.71715643
0.47,0.07,0.72636899
0.48,0.07,0.73531457
0.49,0.07,0.74399777
0.5,0.07,0.75242333
0.51,0.07,0.7605961
0.52,0.07,0.76852103
0.53,0.07,0.77620319
0.54,0.07,0.7836477
0.55,0.07,0.79085972
0.56,0.07,0.79784448
0.57,0.07,0.80460723
0.58,0.07,0.81115323
0.59,0.07,0.81748775
0.6,0.07,0.82361606
0.61,0.07,0.82954338
0.62,0.07,0.83527494
0.63,0.07,0.84081592
0.64,0.07,0.84617145
0.65,0.07,0.85134662
0.66,0.07,0.85634645
0.67,0.07,0.8611759
0.68,0.07,0.86583988
0.69,0.07,0.87034319
0.7,0.07,0.87469058
0.71,0.07,0.87888671
0.72,0.07,0.88293616
0.73,0.07,0.88684341
0.74,0.07,0.89061285
0.75,0.07,0.8942488
0.76,0.07,0.89775547
0.77,0.07,0.90113696
0.78,0.07,0.90439731
0.79,0.07,0.90754044
0.8,0.07,0.91057017
0.81,0.07,0.91349025
0.82,0.07,0.9163043
0.83,0.07,0.91901586
0.84,0.07,0.92162839
0.85,0.07,0.92414523
0.86,0.07,0.92656964
0.87,0.07,0.92890479
0.88,0.07,0.93115375
0.89,0.07,0.9333195
0.9,0.07,0.93540494
0.91,0.07,0.93741287
0.92,0.07,0.93934603
0.93,0.07,0.94120705
0.94,0.07,0.94299848
0.95,0.07,0.94472281
0.96,0.07,0.94638243
0.97,0.07,0.94797966
0.98,0.07,0.94951675
0.99,0.07,0.95099587
1,0.07,0.95241913
-1,0.08,-0.94888423
-0.99,0.08,-0.94746626
-0.98,0.08,-0.94599263
-0.97,0.08,-0.94446124
-0.96,0.08,-0.94286994
-0.95,0.08,-0.94121648
-0.94,0.08,-0.93949855
-0.93,0.08,-0.93771376
-0.92,0.08,-0.93585965
-0.91,0.08,-0.93393367
-0.9,0.08,-0.93193319
-0.89,0.08,-0.92985549
-0.88,0.08,-0.92769778
-0.87,0.08,-0.92545717
-0.86,0.08,-0.92313069
-0.85,0.08,-0.92071527
-0.84,0.08,-0.91820777
-0.83,0.08,-0.91560494
-0.82,0.08,-0.91290344
-0.81,0.08,-0.91009983
-0.8,0.08,-0.9071906
-0.79,0.08,-0.90417211
-0.78,0.08,-0.90104065
-0.77,0.08,-0.8977924
-0.76,0.08,-0.89442345
-0.75,0.08,-0.89092981
-0.74,0.08,-0.88730735
-0.73,0.08,-0.88355189
-0.72,0.08,-0.87965915
-0.71,0.08,-0.87562473
-0.7,0.08,-0.87144417
-0.69,0.08,-0.86711292
-0.68,0.08,-0.86262632
-0.67,0.08,-0.85797965
-0.66,0.08,-0.85316812
-0.65,0.08,-0.84818685
-0.64,0.08,-0.84303089
-0.63,0.08,-0.83769524
-0.62,0.08,-0.83217482
-0.61,0.08,-0.82646454
-0.6,0.08,-0.82055921
-0.59,0.08,-0.81445365
-0.58,0.08,-0.80814264
-0.57,0.08,-0.80162094
-0.56,0.08,-0.79488329
-0.55,0.08,-0.78792445
-0.54,0.08,-0.78073919
-0.53,0.08,-0.77332232
-0.52,0.08,-0.76566867
-0.51,0.08,-0.75777315
-0.5,0.08,-0.74963072
-0.49,0.08,-0.74123643
-0.48,0.08,-0.73258545
-0.47,0.08,-0.72367307
-0.46,0.08,-0.71449471
-0.45,0.08,-0.70504596
-0.44,0.08,-0.69532259
-0.43,0.08,-0.68532057
-0.42,0.08,-0.67503609
-0.41,0.08,-0.66446559
-0.4,0.08,-0.6536058
-0.39,0.08,-0.64245372
-0.38,0.08,-0.63100666
-0.37,0.08,-0.61926229
-0.36,0.08,-0.60721863
-0.35,0.08,-0.59487411
-0.34,0.08,-0.58222756
-0.33,0.08,-0.56927824
-0.32,0.08,-0.55602587
-0.31,0.08,-0.54247068
-0.3,0.08,-0.52861337
-0.29,0.08,-0.51445518
-0.28,0.08,-0.49999791
-0.27,0.08,-0.4852439
-0.26,0.08,-0.4701961
-0.25,0.08,-0.45485803
-0.24,0.08,-0.43923383
-0.23,0.08,-0.42332827
-0.22,0.08,-0.40714674
-0.21,0.08,-0.39069528
-0.2,0.08,-0.37398056
-0.19,0.08,-0.35700991
-0.18,0.08,-0.33979127
-0.17,0.08,-0.32233324
-0.16,0.08,-0.30464506
-0.15,0.08,-0.28673655
-0.14,0.08,-0.26861817
-0.13,0.08,-0.25030095
-0.12,0.08,-0.23179648
-0.11,0.08,-0.2131169
-0.1,0.08,-0.19427487
-0.09,0.08,-0.1752835
-0.08,0.08,-0.15615639
-0.07,0.08,-0.13690753
-0.06,0.08,-0.11755128
-0.05,0.08,-0.098102368
-0.04,0.08,-0.07857577
-0.03,0.08,-0.058986728
-0.02,0.08,-0.039350678
-0.01,0.08,-0.019683207
0,0.08,0
0.01,0.08,0.019683207
0.02,0.08,0.039350678
0.03,0.08,0.058986728
0.04,0.08,0.07857577
0.05,0.08,0.098102368
0.06,0.08,0.11755128
0.07,0.08,0.13690753
0.08,0.08,0.15615639
0.09,0.08,0.1752835
0.1,0.08,0.19427487
0.11,0.08,0.2131169
0.12,0.08,0.23179648
0.13,0.08,0.25030095
0.14,0.08,0.26861817
0.15,0.08,0.28673655
0.16,0.08,0.30464506
0.17,0.08,0.32233324
0.18,0.08,0.33979127
0.19,0.08,0.35700991
0.2,0.08,0.37398056
0.21,0.08,0.39069528
0.22,0.08,0.40714674
0.23,0.08,0.42332827
0.24,0.08,0.43923383
0.25,0.08,0.45485803
0.26,0.08,0.4701961
0.27,0.08,0.4852439
0.28,0.08,0.49999791
0.29,0.08,0.51445518
0.3,0.08,0.52861337
0.31,0.08,0.54247068
0.32,0.08,0.55602587
0.33,0.08,0.56927824
0.34,0.08,0.58222756
0.35,0.08,0.59487411
0.36,0.08,0.60721863
0.37,0.08,0.61926229
0.38,0.08,0.63100666
0.39,0.08,0.64245372
0.4,0.08,0.6536058
0.41,0.08,0.66446559
0.42,0.08,0.67503609
0.43,0.08,0.68532057
0.44,0.08,0.69532259
0.45,0.08,0.70504596
0.46,0.08,0.71449471
0.47,0.08,0.72367307
0.48,0.08,0.73258545
0.49,0.08,0.74123643
0.5,0.08,0.74963072
0.51,0.08,0.75777315
0.52,0.08,0.76566867
0.53,0.08,0.77332232
0.54,0.08,0.78073919
0.55,0.08,0.78792445
0.56,0.08,0.79488329
0.57,0.08,0.80162094
0.58,0.08,0.80814264
0.59,0.08,0.81445365
0.6,0.08,0.82055921
0.61,0.08,0.82646454
0.62,0.08,0.83217482
0.63,0.08,0.83769524
0.64,0.08,0.84303089
0.65,0.08,0.84818685
0.66,0.08,0.85316812
0.67,0.08,0.85797965
0.68,0.08,0.86262632
0.69,0.08,0.86711292
0.7,0.08,0.87144417
0.71,0.08,0.87562473
0.72,0.08,0.87965915
0.73,0.08,0.88355189
0.74,0.08,0.88730735
0.75,0.08,0.89092981
0.76,0.08,0.89442345
0.77,0.08,0.8977924
0.78,0.08,0.90104065
0.79,0.08,0.90417211
0.8,0.08,0.9071906
0.81,0.08,0.91009983
0.82,0.08,0.91290344
0.83,0.08,0.91560494
0.84,0.08,0.91820777
0.85,0.08,0.92071527
0.86,0.08,0.92313069
0.87,0.08,0.92545717
0.88,0.08,0.92769778
0.89,0.08,0.92985549
0.9,0.08,0.93193319
0.91,0.08,0.93393367
0.92,0.08,0.93585965
0.93,0.08,0.93771376
0.94,0.08,0.93949855
0.95,0.08,0.94121648
0.96,0.08,0.94286994
0.97,0.08,0.94446124
0.98,0.08,0.94599263
0.99,0.08,0.94746626
1,0.08,0.94888423
-1,0.09,-0.94488859
-0.99,0.09,-0.94347659
-0.98,0.09,-0.94200916
-0.97,0.09,-0.94048423
-0.96,0.09,-0.93889962
-0.95,0.09,-0.93725313
-0.94,0.09,-0.93554243
-0.93,0.09,-0.93376516
-0.92,0.09,-0.93191886
-0.91,0.09,-0.93000099
-0.9,0.09,-0.92800892
-0.89,0.09,-0.92593997
-0.88,0.09,-0.92379135
-0.87,0.09,-0.92156017
-0.86,0.09,-0.91924349
-0.85,0.09,-0.91683825
-0.84,0.09,-0.91434131
-0.83,0.09,-0.91174944
-0.82,0.09,-0.90905931
-0.81,0.09,-0.90626751
-0.8,0.09,-0.90337052
-0.79,0.09,-0.90036475
-0.78,0.09,-0.89724647
-0.77,0.09,-0.8940119
-0.76,0.09,-0.89065714
-0.75,0.09,-0.8871782
-0.74,0.09,-0.883571
-0.73,0.09,-0.87983136
-0.72,0.09,-0.87595501
-0.71,0.09,-0.87193758
-0.7,0.09,-0.86777462
-0.69,0.09,-0.8634616
-0.68,0.09,-0.8589939
-0.67,0.09,-0.8543668
-0.66,0.09,-0.84957553
-0.65,0.09,-0.84461523
-0.64,0.09,-0.83948099
-0.63,0.09,-0.8341678
-0.62,0.09,-0.82867063
-0.61,0.09,-0.82298439
-0.6,0.09,-0.81710393
-0.59,0.09,-0.81102408
-0.58,0.09,-0.80473965
-0.57,0.09,-0.7982454
-0.56,0.09,-0.79153612
-0.55,0.09,-0.78460659
-0.54,0.09,-0.77745159
-0.53,0.09,-0.77006595
-0.52,0.09,-0.76244453
-0.51,0.09,-0.75458225
-0.5,0.09,-0.74647411
-0.49,0.09,-0.73811517
-0.48,0.09,-0.72950062
-0.47,0.09,-0.72062577
-0.46,0.09,-0.71148606
-0.45,0.09,-0.7020771
-0.44,0.09,-0.69239467
-0.43,0.09,-0.68243476
-0.42,0.09,-0.67219359
-0.41,0.09,-0.66166761
-0.4,0.09,-0.65085354
-0.39,0.09,-0.63974842
-0.38,0.09,-0.62834956
-0.37,0.09,-0.61665464
-0.36,0.09,-0.60466171
-0.35,0.09,-0.59236917
-0.34,0.09,-0.57977587
-0.33,0.09,-0.56688107
-0.32,0.09,-0.55368451
-0.31,0.09,-0.5401864
-0.3,0.09,-0.52638744
-0.29,0.09,-0.51228887
-0.28,0.09,-0.49789248
-0.27,0.09,-0.4832006
-0.26,0.09,-0.46821616
-0.25,0.09,-0.45294267
-0.24,0.09,-0.43738427
-0.23,0.09,-0.42154568
-0.22,0.09,-0.40543229
-0.21,0.09,-0.38905011
-0.2,0.09,-0.37240578
-0.19,0.09,-0.35550658
-0.18,0.09,-0.33836045
-0.17,0.09,-0.32097593
-0.16,0.09,-0.30336223
-0.15,0.09,-0.28552914
-0.14,0.09,-0.26748705
-0.13,0.09,-0.24924696
-0.12,0.09,-0.23082042
-0.11,0.09,-0.21221949
-0.1,0.09,-0.1934568
-0.09,0.09,-0.1745454
-0.08,0.09,-0.15549883
-0.07,0.09,-0.13633102
-0.06,0.09,-0.11705629
-0.05,0.09,-0.09768927
-0.04,0.09,-0.078244896
-0.03,0.09,-0.058738341
-0.02,0.09,-0.039184977
-0.01,0.09,-0.019600324
0,0.09,0
0.01,0.09,0.019600324
0.02,0.09,0.039184977
0.03,0.09,0.058738341
0.04,0.09,0.078244896
0.05,0.09,0.09768927
0.06,0.09,0.11705629
0.07,0.09,0.13633102
0.08,0.09,0.15549883
0.09,0.09,0.1745454
0.1,0.09,0.1934568
0.11,0.09,0.21221949
0.12,0.09,0.23082042
0.13,0.09,0.24924696
0.14,0.09,0.26748705
0.15,0.09,0.28552914
0.16,0.09,0.30336223
0.17,0.09,0.32097593
0.18,0.09,0.33836045
0.19,0.09,0.35550658
0.2,0.09,0.37240578
0.21,0.09,0.38905011
0.22,0.09,0.40543229
0.23,0.09,0.42154568
0.24,0.09,0.43738427
0.25,0.09,0.45294267
0.26,0.09,0.46821616
0.27,0.09,0.4832006
0.28,0.09,0.49789248
0.29,0.09,0.51228887
0.3,0.09,0.52638744
0.31,0.09,0.5401864
0.32,0.09,0.55368451
0.33,0.09,0.56688107
0.34,0.09,0.57977587
0.35,0.09,0.59236917
0.36,0.09,0.60466171
0.37,0.09,0.61665464
0.38,0.09,0.62834956
0.39,0.09,0.63974842
0.4,0.09,0.65085354
0.41,0.09,0.66166761
0.42,0.09,0.67219359
0.43,0.09,0.68243476
0.44,0.09,0.69239467
0.45,0.09,0.7020771
0.46,0.09,0.71148606
0.47,0.09,0.72062577
0.48,0.09,0.72950062
0.49,0.09,0.73811517
0.5,0.09,0.74647411
0.51,0.09,0.75458225
0.52,0.09,0.76244453
0.53,0.09,0.77006595
0.54,0.09,0.77745159
0.55,0.09,0.78460659
0.56,0.09,0.79153612
0.57,0.09,0.7982454
0.58,0.09,0.80473965
0.59,0.09,0.81102408
0.6,0.09,0.81710393
0.61,0.09,0.82298439
0.62,0.09,0.82867063
0.63,0.09,0.8341678
0.64,0.09,0.83948099
0.65,0.09,0.84461523
0.66,0.09,0.84957553
0.67,0.09,0.8543668
0.68,0.09,0.8589939
0.69,0.09,0.8634616
0.7,0.09,0.86777462
0.71,0.09,0.87193758
0.72,0.09,0.87595501
0.73,0.09,0.87983136
0.74,0.09,0.883571
0.75,0.09,0.8871782
0.76,0.09,0.89065714
0.77,0.09,0.8940119
0.78,0.09,0.89724647
0.79,0.09,0.90036475
0.8,0.09,0.90337052
0.81,0.09,0.90626751
0.82,0.09,0.90905931
0.83,0.09,0.91174944
0.84,0.09,0.91434131
0.85,0.09,0.91683825
0.86,0.09,0.91924349
0.87,0.09,0.92156017
0.88,0.09,0.92379135
0.89,0.09,0.92593997
0.9,0.09,0.92800892
0.91,0.09,0.93000099
0.92,0.09,0.93191886
0.93,0.09,0.93376516
0.94,0.09,0.93554243
0.95,0.09,0.93725313
0.96,0.09,0.93889962
0.97,0.09,0.94048423
0.98,0.09,0.94200916
0.99,0.09,0.94347659
1,0.09,0.94488859
-1,0.1,-0.94043615
-0.99,0.1,-0.9390308
-0.98,0.1,-0.93757029
-0.97,0.1,-0.93605254
-0.96,0.1,-0.9344754
-0.95,0.1,-0.93283666
-0.94,0.1,-0.93113403
-0.93,0.1,-0.92936513
-0.92,0.1,-0.92752753
-0.91,0.1,-0.92561869
-0.9,0.1,-0.92363602
-0.89,0.1,-0.92157682
-0.88,0.1,-0.91943832
-0.87,0.1,-0.91721766
-0.86,0.1,-0.91491189
-0.85,0.1,-0.91251798
-0.84,0.1,-0.91003281
-0.83,0.1,-0.90745315
-0.82,0.1,-0.9047757
-0.81,0.1,-0.90199705
-0.8,0.1,-0.89911372
-0.79,0.1,-0.8961221
-0.78,0.1,-0.89301852
-0.77,0.1,-0.88979919
-0.76,0.1,-0.88646024
-0.75,0.1,-0.8829977
-0.74,0.1,-0.8794075
-0.73,0.1,-0.87568548
-0.72,0.1,-0.87182739
-0.71,0.1,-0.86782889
-0.7,0.1,-0.86368555
-0.69,0.1,-0.85939286
-0.68,0.1,-0.8549462
-0.67,0.1,-0.85034091
-0.66,0.1,-0.84557222
-0.65,0.1,-0.84063529
-0.64,0.1,-0.83552524
-0.63,0.1,-0.83023709
-0.62,0.1,-0.82476582
-0.61,0.1,-0.81910638
-0.6,0.1,-0.81325363
-0.59,0.1,-0.80720243
-0.58,0.1,-0.80094761
-0.57,0.1,-0.79448396
-0.56,0.1,-0.7878063
-0.55,0.1,-0.78090942
-0.54,0.1,-0.77378813
-0.53,0.1,-0.7664373
-0.52,0.1,-0.75885179
-0.51,0.1,-0.75102656
-0.5,0.1,-0.74295662
-0.49,0.1,-0.73463707
-0.48,0.1,-0.72606312
-0.47,0.1,-0.71723008
-0.46,0.1,-0.70813344
-0.45,0.1,-0.69876881
-0.44,0.1,-0.68913201
-0.43,0.1,-0.67921903
-0.42,0.1,-0.66902612
-0.41,0.1,-0.65854974
-0.4,0.1,-0.64778663
-0.39,0.1,-0.63673384
-0.38,0.1,-0.62538869
-0.37,0.1,-0.61374888
-0.36,0.1,-0.60181246
-0.35,0.1,-0.58957784
-0.34,0.1,-0.57704389
-0.33,0.1,-0.56420985
-0.32,0.1,-0.55107548
-0.31,0.1,-0.53764097
-0.3,0.1,-0.52390703
-0.29,0.1,-0.5098749
-0.28,0.1,-0.49554634
-0.27,0.1,-0.48092369
-0.26,0.1,-0.46600986
-0.25,0.1,-0.45080835
-0.24,0.1,-0.43532325
-0.23,0.1,-0.4195593
-0.22,0.1,-0.40352184
-0.21,0.1,-0.38721685
-0.2,0.1,-0.37065095
-0.19,0.1,-0.35383138
-0.18,0.1,-0.33676605
-0.17,0.1,-0.31946345
-0.16,0.1,-0.30193275
-0.15,0.1,-0.28418369
-0.14,0.1,-0.26622662
-0.13,0.1,-0.24807248
-0.12,0.1,-0.22973276
-0.11,0.1,-0.21121949
-0.1,0.1,-0.1925452
-0.09,0.1,-0.17372292
-0.08,0.1,-0.1547661
-0.07,0.1,-0.13568861
-0.06,0.1,-0.1165047
-0.05,0.1,-0.097228945
-0.04,0.1,-0.077876196
-0.03,0.1,-0.058461558
-0.02,0.1,-0.039000332
-0.01,0.1,-0.019507964
0,0.1,0
0.01,0.1,0.019507964
0.02,0.1,0.039000332
0.03,0.1,0.058461558
0.04,0.1,0.077876196
0.05,0.1,0.097228945
0.06,0.1,0.1165047
0.07,0.1,0.13568861
0.08,0.1,0.1547661
0.09,0.1,0.17372292
0.1,0.1,0.1925452
0.11,0.1,0.21121949
0.12,0.1,0.22973276
0.13,0.1,0.24807248
0.14,0.1,0.26622662
0.15,0.1,0.28418369
0.16,0.1,0.30193275
0.17,0.1,0.31946345
0.18,0.1,0.33676605
0.19,0.1,0.35383138
0.2,0.1,0.37065095
0.21,0.1,0.38721685
0.22,0.1,0.40352184
0.23,0.1,0.4195593
0.24,0.1,0.43532325
0.25,0.1,0.45080835
0.26,0.1,0.46600986
0.27,0.1,0.48092369
0.28,0.1,0.49554634
0.29,0.1,0.5098749
0.3,0.1,0.52390703
0.31,0.1,0.53764097
0.32,0.1,0.55107548
0.33,0.1,0.56420985
0.34,0.1,0.57704389
0.35,0.1,0.58957784
0.36,0.1,0.60181246
0.37,0.1,0.61374888
0.38,0.1,0.62538869
0.39,0.1,0.63673384
0.4,0.1,0.64778663
0.41,0.1,0.65854974
0.42,0.1,0.66902612
0.43,0.1,0.67921903
0.44,0.1,0.68913201
0.45,0.1,0.69876881
0.46,0.1,0.70813344
0.47,0.1,0.71723008
0.48,0.1,0.72606312
0.49,0.1,0.73463707
0.5,0.1,0.74295662
0.51,0.1,0.75102656
0.52,0.1,0.75885179
0.53,0.1,0.7664373
0.54,0.1,0.77378813
0.55,0.1,0.78090942
0.56,0.1,0.7878063
0.57,0.1,0.79448396
0.58,0.1,0.80094761
0.59,0.1,0.80720243
0.6,0.1,0.81325363
0.61,0.1,0.81910638
0.62,0.1,0.82476582
0.63,0.1,0.83023709
0.64,0.1,0.83552524
0.65,0.1,0.84063529
0.66,0.1,0.84557222
0.67,0.1,0.85034091
0.68,0.1,0.8549462
0.69,0.1,0.85939286
0.7,0.1,0.86368555
0.71,0.1,0.86782889
0.72,0.1,0.87182739
0.73,0.1,0.87568548
0.74,0.1,0.8794075
0.75,0.1,0.8829977
0.76,0.1,0.88646024
0.77,0.1,0.88979919
0.78,0.1,0.89301852
0.79,0.1,0.8961221
0.8,0.1,0.89911372
0.81,0.1,0.90199705
0.82,0.1,0.9047757
0.83,0.1,0.90745315
0.84,0.1,0.91003281
0.85,0.1,0.91251798
0.86,0.1,0.91491189
0.87,0.1,0.91721766
0.88,0.1,0.91943832
0.89,0.1,0.92157682
0.9,0.1,0.92363602
0.91,0.1,0.92561869
0.92,0.1,0.92752753
0.93,0.1,0.92936513
0.94,0.1,0.93113403
0.95,0.1,0.93283666
0.96,0.1,0.9344754
0.97,0.1,0.93605254
0.98,0.1,0.93757029
0.99,0.1,0.9390308
1,0.1,0.94043615
-1,0.11,-0.9355313
-0.99,0.11,-0.93413328
-0.98,0.11,-0.93268038
-0.97,0.11,-0.93117055
-0.96,0.11,-0.92960164
-0.95,0.11,-0.92797145
-0.94,0.11,-0.92627769
-0.93,0.11,-0.92451802
-0.92,0.11,-0.92269
-0.91,0.11,-0.92079112
-0.9,0.11,-0.91881879
-0.89,0.11,-0.91677033
-0.88,0.11,-0.91464298
-0.87,0.11,-0.9124339
-0.86,0.11,-0.91014016
-0.85,0.11,-0.90775874
-0.84,0.11,-0.90528652
-0.83,0.11,-0.90272032
-0.82,0.11,-0.90005683
-0.81,0.11,-0.89729268
-0.8,0.11,-0.89442439
-0.79,0.11,-0.89144837
-0.78,0.11,-0.88836098
-0.77,0.11,-0.88515844
-0.76,0.11,-0.88183691
-0.75,0.11,-0.87839242
-0.74,0.11,-0.87482094
-0.73,0.11,-0.87111833
-0.72,0.11,-0.86728037
-0.71,0.11,-0.86330272
-0.7,0.11,-0.85918099
-0.69,0.11,-0.85491069
-0.68,0.11,-0.85048723
-0.67,0.11,-0.84590595
-0.66,0.11,-0.84116213
-0.65,0.11,-0.83625095
-0.64,0.11,-0.83116755
-0.63,0.11,-0.82590698
-0.62,0.11,-0.82046425
-0.61,0.11,-0.81483432
-0.6,0.11,-0.8090121
-0.59,0.11,-0.80299246
-0.58,0.11,-0.79677026
-0.57,0.11,-0.79034033
-0.56,0.11,-0.78369749
-0.55,0.11,-0.77683658
-0.54,0.11,-0.76975244
-0.53,0.11,-0.76243994
-0.52,0.11,-0.75489399
-0.51,0.11,-0.74710958
-0.5,0.11,-0.73908173
-0.49,0.11,-0.73080557
-0.48,0.11,-0.72227633
-0.47,0.11,-0.71348937
-0.46,0.11,-0.70444017
-0.45,0.11,-0.69512438
-0.44,0.11,-0.68553784
-0.43,0.11,-0.67567656
-0.42,0.11,-0.66553681
-0.41,0.11,-0.65511507
-0.4,0.11,-0.6444081
-0.39,0.11,-0.63341295
-0.38,0.11,-0.62212697
-0.37,0.11,-0.61054787
-0.36,0.11,-0.5986737
-0.35,0.11,-0.5865029
-0.34,0.11,-0.57403431
-0.33,0.11,-0.56126721
-0.32,0.11,-0.54820134
-0.31,0.11,-0.5348369
-0.3,0.11,-0.52117459
-0.29,0.11,-0.50721564
-0.28,0.11,-0.49296182
-0.27,0.11,-0.47841543
-0.26,0.11,-0.46357938
-0.25,0.11,-0.44845715
-0.24,0.11,-0.43305282
-0.23,0.11,-0.41737109
-0.22,0.11,-0.40141727
-0.21,0.11,-0.38519732
-0.2,0.11,-0.36871782
-0.19,0.11,-0.35198597
-0.18,0.11,-0.33500964
-0.17,0.11,-0.31779729
-0.16,0.11,-0.30035802
-0.15,0.11,-0.28270152
-0.14,0.11,-0.26483811
-0.13,0.11,-0.24677865
-0.12,0.11,-0.22853459
-0.11,0.11,-0.21011787
-0.1,0.11,-0.19154098
-0.09,0.11,-0.17281687
-0.08,0.11,-0.15395892
-0.07,0.11,-0.13498093
-0.06,0.11,-0.11589707
-0.05,0.11,-0.096721847
-0.04,0.11,-0.077470032
-0.03,0.11,-0.058156652
-0.02,0.11,-0.038796926
-0.01,0.11,-0.01940622
0,0.11,0
0.01,0.11,0.01940622
0.02,0.11,0.038796926
0.03,0.11,0.058156652
0.04,0.11,0.077470032
0.05,0.11,0.096721847
0.06,0.11,0.11589707
0.07,0.11,0.13498093
0.08,0.11,0.15395892
0.09,0.11,0.17281687
0.1,0.11,0.19154098
0.11,0.11,0.21011787
0.12,0.11,0.22853459
0.13,0.11,0.24677865
0.14,0.11,0.26483811
0.15,0.11,0.28270152
0.16,0.11,0.30035802
0.17,0.11,0.31779729
0.18,0.11,0.33500964
0.19,0.11,0.35198597
0.2,0.11,0.36871782
0.21,0.11,0.38519732
0.22,0.11,0.40141727
0.23,0.11,0.41737109
0.24,0.11,0.43305282
0.25,0.11,0.44845715
0.26,0.11,0.46357938
0.27,0.11,0.47841543
0.28,0.11,0.49296182
0.29,0.11,0.50721564
0.3,0.11,0.52117459
0.31,0.11,0.5348369
0.32,0.11,0.54820134
0.33,0.11,0.56126721
0.34,0.11,0.57403431
0.35,0.11,0.5865029
0.36,0.11,0.5986737
0.37,0.11,0.61054787
0.38,0.11,0.62212697
0.39,0.11,0.63341295
0.4,0.11,0.6444081
0.41,0.11,0.65511507
0.42,0.11,0.66553681
0.43,0.11,0.67567656
0.44,0.11,0.68553784
0.45,0.11,0.69512438
0.46,0.11,0.70444017
0.47,0.11,0.71348937
0.48,0.11,0.72227633
0.49,0.11,0.73080557
0.5,0.11,0.73908173
0.51,0.11,0.74710958
0.52,0.11,0.75489399
0.53,0.11,0.76243994
0.54,0.11,0.76975244
0.55,0.11,0.77683658
0.56,0.11,0.78369749
0.57,0.11,0.79034033
0.58,0.11,0.79677026
0.59,0.11,0.80299246
0.6,0.11,0.8090121
0.61,0.11,0.81483432
0.62,0.11,0.82046425
0.63,0.11,0.82590698
0.64,0.11,0.83116755
0.65,0.11,0.83625095
0.66,0.11,0.84116213
0.67,0.11,0.84590595
0.68,0.11,0.85048723
0.69,0.11,0.85491069
0.7,0.11,0.85918099
0.71,0.11,0.86330272
0.72,0.11,0.86728037
0.73,0.11,0.87111833
0.74,0.11,0.87482094
0.75,0.11,0.87839242
0.76,0.11,0.88183691
0.77,0.11,0.88515844
0.78,0.11,0.88836098
0.79,0.11,0.89144837
0.8,0.11,0.89442439
0.81,0.11,0.89729268
0.82,0.11,0.90005683
0.83,0.11,0.90272032
0.84,0.11,0.90528652
0.85,0.11,0.90775874
0.86,0.11,0.91014016
0.87,0.11,0.9124339
0.88,0.11,0.91464298
0.89,0.11,0.91677033
0.9,0.11,0.91881879
0.91,0.11,0.92079112
0.92,0.11,0.92269
0.93,0.11,0.92451802
0.94,0.11,0.92627769
0.95,0.11,0.92797145
0.96,0.11,0.92960164
0.97,0.11,0.93117055
0.98,0.11,0.93268038
0.99,0.11,0.93413328
1,0.11,0.9355313
-1,0.12,-0.93017888
-0.99,0.12,-0.92878886
-0.98,0.12,-0.92734428
-0.97,0.12,-0.92584308
-0.96,0.12,-0.92428315
-0.95,0.12,-0.92266228
-0.94,0.12,-0.92097822
-0.93,0.12,-0.91922862
-0.92,0.12,-0.91741106
-0.91,0.12,-0.91552304
-0.9,0.12,-0.91356199
-0.89,0.12,-0.91152525
-0.88,0.12,-0.90941007
-0.87,0.12,-0.90721363
-0.86,0.12,-0.90493301
-0.85,0.12,-0.90256521
-0.84,0.12,-0.90010715
-0.83,0.12,-0.89755562
-0.82,0.12,-0.89490738
-0.81,0.12,-0.89215904
-0.8,0.12,-0.88930715
-0.79,0.12,-0.88634817
-0.78,0.12,-0.88327844
-0.77,0.12,-0.88009422
-0.76,0.12,-0.87679169
-0.75,0.12,-0.87336691
-0.74,0.12,-0.86981586
-0.73,0.12,-0.86613444
-0.72,0.12,-0.86231843
-0.71,0.12,-0.85836354
-0.7,0.12,-0.8542654
-0.69,0.12,-0.85001952
-0.68,0.12,-0.84562137
-0.67,0.12,-0.8410663
-0.66,0.12,-0.83634962
-0.65,0.12,-0.83146655
-0.64,0.12,-0.82641223
-0.63,0.12,-0.82118175
-0.62,0.12,-0.81577016
-0.61,0.12,-0.81017244
-0.6,0.12,-0.80438353
-0.59,0.12,-0.79839833
-0.58,0.12,-0.79221173
-0.57,0.12,-0.78581858
-0.56,0.12,-0.77921375
-0.55,0.12,-0.77239209
-0.54,0.12,-0.76534848
-0.53,0.12,-0.75807782
-0.52,0.12,-0.75057505
-0.51,0.12,-0.74283517
-0.5,0.12,-0.73485325
-0.49,0.12,-0.72662444
-0.48,0.12,-0.718144
-0.47,0.12,-0.70940731
-0.46,0.12,-0.70040988
-0.45,0.12,-0.69114739
-0.44,0.12,-0.6816157
-0.43,0.12,-0.67181084
-0.42,0.12,-0.6617291
-0.41,0.12,-0.65136699
-0.4,0.12,-0.64072127
-0.39,0.12,-0.62978903
-0.38,0.12,-0.61856762
-0.37,0.12,-0.60705477
-0.36,0.12,-0.59524853
-0.35,0.12,-0.58314736
-0.34,0.12,-0.57075011
-0.33,0.12,-0.55805606
-0.32,0.12,-0.54506494
-0.31,0.12,-0.53177696
-0.3,0.12,-0.51819281
-0.29,0.12,-0.50431373
-0.28,0.12,-0.49014145
-0.27,0.12,-0.47567829
-0.26,0.12,-0.46092713
-0.25,0.12,-0.44589141
-0.24,0.12,-0.43057521
-0.23,0.12,-0.4149832
-0.22,0.12,-0.39912066
-0.21,0.12,-0.38299351
-0.2,0.12,-0.36660829
-0.19,0.12,-0.34997217
-0.18,0.12,-0.33309296
-0.17,0.12,-0.31597909
-0.16,0.12,-0.29863959
-0.15,0.12,-0.28108411
-0.14,0.12,-0.2633229
-0.13,0.12,-0.24536677
-0.12,0.12,-0.22722708
-0.11,0.12,-0.20891573
-0.1,0.12,-0.19044513
-0.09,0.12,-0.17182814
-0.08,0.12,-0.15307808
-0.07,0.12,-0.13420867
-0.06,0.12,-0.115234
-0.05,0.12,-0.096168476
-0.04,0.12,-0.077026806
-0.03,0.12,-0.057823923
-0.02,0.12,-0.038574959
-0.01,0.12,-0.019295192
0,0.12,0
0.01,0.12,0.019295192
0.02,0.12,0.038574959
0.03,0.12,0.057823923
0.04,0.12,0.077026806
0.05,0.12,0.096168476
0.06,0.12,0.115234
0.07,0.12,0.13420867
0.08,0.12,0.15307808
0.09,0.12,0.17182814
0.1,0.12,0.19044513
0.11,0.12,0.20891573
0.12,0.12,0.22722708
0.13,0.12,0.24536677
0.14,0.12,0.2633229
0.15,0.12,0.28108411
0.16,0.12,0.29863959
0.17,0.12,0.31597909
0.18,0.12,0.33309296
0.19,0.12,0.34997217
0.2,0.12,0.36660829
0.21,0.12,0.38299351
0.22,0.12,0.39912066
0.23,0.12,0.4149832
0.24,0.12,0.43057521
0.25,0.12,0.44589141
0.26,0.12,0.46092713
0.27,0.12,0.47567829
0.28,0.12,0.49014145
0.29,0.12,0.50431373
0.3,0.12,0.51819281
0.31,0.12,0.53177696
0.32,0.12,0.54506494
0.33,0.12,0.55805606
0.34,0.12,0.57075011
0.35,0.12,0.58314736
0.36,0.12,0.59524853
0.37,0.12,0.60705477
0.38,0.12,0.61856762
0.39,0.12,0.62978903
0.4,0.12,0.64072127
0.41,0.12,0.65136699
0.42,0.12,0.6617291
0.43,0.12,0.67181084
0.44,0.12,0.6816157
0.45,0.12,0.69114739
0.46,0.12,0.70040988
0.47,0.12,0.70940731
0.48,0.12,0.718144
0.49,0.12,0.72662444
0.5,0.12,0.73485325
0.51,0.12,0.74283517
0.52,0.12,0.75057505
0.53,0.12,0.75807782
0.54,0.12,0.76534848
0.55,0.12,0.77239209
0.56,0.12,0.77921375
0.57,0.12,0.78581858
0.58,0.12,0.79221173
0.59,0.12,0.79839833
0.6,0.12,0.80438353
0.61,0.12,0.81017244
0.62,0.12,0.81577016
0.63,0.12,0.82118175
0.64,0.12,0.82641223
0.65,0.12,0.83146655
0.66,0.12,0.83634962
0.67,0.12,0.8410663
0.68,0.12,0.84562137
0.69,0.12,0.85001952
0.7,0.12,0.8542654
0.71,0.12,0.85836354
0.72,0.12,0.86231843
0.73,0.12,0.86613444
0.74,0.12,0.86981586
0.75,0.12,0.87336691
0.76,0.12,0.87679169
0.77,0.12,0.88009422
0.78,0.12,0.88327844
0.79,0.12,0.88634817
0.8,0.12,0.88930715
0.81,0.12,0.89215904
0.82,0.12,0.89490738
0.83,0.12,0.89755562
0.84,0.12,0.90010715
0.85,0.12,0.90256521
0.86,0.12,0.90493301
0.87,0.12,0.90721363
0.88,0.12,0.90941007
0.89,0.12,0.91152525
0.9,0.12,0.91356199
0.91,0.12,0.91552304
0.92,0.12,0.91741106
0.93,0.12,0.91922862
0.94,0.12,0.92097822
0.95,0.12,0.92266228
0.96,0.12,0.92428315
0.97,0.12,0.92584308
0.98,0.12,0.92734428
0.99,0.12,0.92878886
1,0.12,0.93017888
-1,0.13,-0.92438418
-0.99,0.13,-0.92300282
-0.98,0.13,-0.92156723
-0.97,0.13,-0.92007539
-0.96,0.13,-0.91852517
-0.95,0.13,-0.9169144
-0.94,0.13,-0.91524083
-0.93,0.13,-0.91350213
-0.92,0.13,-0.91169589
-0.91,0.13,-0.90981964
-0.9,0.13,-0.90787081
-0.89,0.13,-0.90584675
-0.88,0.13,-0.90374475
-0.87,0.13,-0.90156199
-0.86,0.13,-0.89929558
-0.85,0.13,-0.89694254
-0.84,0.13,-0.89449978
-0.83,0.13,-0.89196415
-0.82,0.13,-0.8893324
-0.81,0.13,-0.88660119
-0.8,0.13,-0.88376707
-0.79,0.13,-0.88082651
-0.78,0.13,-0.87777591
-0.77,0.13,-0.87461153
-0.76,0.13,-0.87132957
-0.75,0.13,-0.86792613
-0.74,0.13,-0.8643972
-0.73,0.13,-0.86073871
-0.72,0.13,-0.85694648
-0.71,0.13,-0.85301623
-0.7,0.13,-0.84894361
-0.69,0.13,-0.84472418
-0.68,0.13,-0.84035343
-0.67,0.13,-0.83582674
-0.66,0.13,-0.83113944
-0.65,0.13,-0.82628679
-0.64,0.13,-0.82126395
-0.63,0.13,-0.81606607
-0.62,0.13,-0.81068819
-0.61,0.13,-0.80512534
-0.6,0.13,-0.79937249
-0.59,0.13,-0.79342458
-0.58,0.13,-0.78727652
-0.57,0.13,-0.7809232
-0.56,0.13,-0.77435951
-0.55,0.13,-0.76758035
-0.54,0.13,-0.76058062
-0.53,0.13,-0.75335525
-0.52,0.13,-0.74589922
-0.51,0.13,-0.73820756
-0.5,0.13,-0.73027536
-0.49,0.13,-0.72209781
-0.48,0.13,-0.7136702
-0.47,0.13,-0.70498794
-0.46,0.13,-0.69604656
-0.45,0.13,-0.68684178
-0.44,0.13,-0.67736946
-0.43,0.13,-0.66762569
-0.42,0.13,-0.65760675
-0.41,0.13,-0.64730919
-0.4,0.13,-0.63672979
-0.39,0.13,-0.62586565
-0.38,0.13,-0.61471415
-0.37,0.13,-0.60327302
-0.36,0.13,-0.59154033
-0.35,0.13,-0.57951455
-0.34,0.13,-0.56719453
-0.33,0.13,-0.55457956
-0.32,0.13,-0.54166937
-0.31,0.13,-0.52846416
-0.3,0.13,-0.51496465
-0.29,0.13,-0.50117202
-0.28,0.13,-0.48708804
-0.27,0.13,-0.47271498
-0.26,0.13,-0.4580557
-0.25,0.13,-0.44311366
-0.24,0.13,-0.42789287
-0.23,0.13,-0.41239799
-0.22,0.13,-0.39663427
-0.21,0.13,-0.38060759
-0.2,0.13,-0.36432444
-0.19,0.13,-0.34779196
-0.18,0.13,-0.33101791
-0.17,0.13,-0.31401064
-0.16,0.13,-0.29677916
-0.15,0.13,-0.27933306
-0.14,0.13,-0.26168249
-0.13,0.13,-0.24383822
-0.12,0.13,-0.22581153
-0.11,0.13,-0.20761426
-0.1,0.13,-0.18925872
-0.09,0.13,-0.1707577
-0.08,0.13,-0.15212445
-0.07,0.13,-0.13337259
-0.06,0.13,-0.11451613
-0.05,0.13,-0.095569379
-0.04,0.13,-0.076546954
-0.03,0.13,-0.057463699
-0.02,0.13,-0.03833465
-0.01,0.13,-0.01917499
0,0.13,0
0.01,0.13,0.01917499
0.02,0.13,0.03833465
0.03,0.13,0.057463699
0.04,0.13,0.076546954
0.05,0.13,0.095569379
0.06,0.13,0.11451613
0.07,0.13,0.13337259
0.08,0.13,0.15212445
0.09,0.13,0.1707577
0.1,0.13,0.18925872
0.11,0.13,0.20761426
0.12,0.13,0.22581153
0.13,0.13,0.24383822
0.14,0.13,0.26168249
0.15,0.13,0.27933306
0.16,0.13,0.29677916
0.17,0.13,0.31401064
0.18,0.13,0.33101791
0.19,0.13,0.34779196
0.2,0.13,0.36432444
0.21,0.13,0.38060759
0.22,0.13,0.39663427
0.23,0.13,0.41239799
0.24,0.13,0.42789287
0.25,0.13,0.44311366
0.26,0.13,0.4580557
0.27,0.13,0.47271498
0.28,0.13,0.48708804
0.29,0.13,0.50117202
0.3,0.13,0.51496465
0.31,0.13,0.52846416
0.32,0.13,0.54166937
0.33,0.13,0.55457956
0.34,0.13,0.56719453
0.35,0.13,0.57951455
0.36,0.13,0.59154033
0.37,0.13,0.60327302
0.38,0.13,0.61471415
0.39,0.13,0.62586565
0.4,0.13,0.63672979
0.41,0.13,0.64730919
0.42,0.13,0.65760675
0.43,0.13,0.66762569
0.44,0.13,0.67736946
0.45,0.13,0.68684178
0.46,0.13,0.69604656
0.47,0.13,0.70498794
0.48,0.13,0.7136702
0.49,0.13,0.72209781
0.5,0.13,0.73027536
0.51,0.13,0.73820756
0.52,0.13,0.74589922
0.53,0.13,0.75335525
0.54,0.13,0.76058062
0.55,0.13,0.76758035
0.56,0.13,0.77435951
0.57,0.13,0.7809232
0.58,0.13,0.78727652
0.59,0.13,0.79342458
0.6,0.13,0.79937249
0.61,0.13,0.80512534
0.62,0.13,0.81068819
0.63,0.13,0.81606607
0.64,0.13,0.82126395
0.65,0.13,0.82628679
0.66,0.13,0.83113944
0.67,0.13,0.83582674
0.68,0.13,0.84035343
0.69,0.13,0.84472418
0.7,0.13,0.84894361
0.71,0.13,0.85301623
0.72,0.13,0.85694648
0.73,0.13,0.86073871
0.74,0.13,0.8643972
0.75,0.13,0.86792613
0.76,0.13,0.87132957
0.77,0.13,0.87461153
0.78,0.13,0.87777591
0.79,0.13,0.88082651
0.8,0.13,0.88376707
0.81,0.13,0.88660119
0.82,0.13,0.8893324
0.83,0.13,0.89196415
0.84,0.13,0.89449978
0.85,0.13,0.89694254
0.86,0.13,0.89929558
0.87,0.13,0.90156199
0.88,0.13,0.90374475
0.89,0.13,0.90584675
0.9,0.13,0.90787081
0.91,0.13,0.90981964
0.92,0.13,0.91169589
0.93,0.13,0.91350213
0.94,0.13,0.91524083
0.95,0.13,0.9169144
0.96,0.13,0.91852517
0.97,0.13,0.92007539
0.98,0.13,0.92156723
0.99,0.13,0.92300282
1,0.13,0.92438418
-1,0.14,-0.91815291
-0.99,0.14,-0.91678086
-0.98,0.14,-0.91535495
-0.97,0.14,-0.91387317
-0.96,0.14,-0.9123334
-0.95,0.14,-0.91073349
-0.94,0.14,-0.9090712
-0.93,0.14,-0.90734422
-0.92,0.14,-0.90555016
-0.91,0.14,-0.90368655
-0.9,0.14,-0.90175085
-0.89,0.14,-0.89974044
-0.88,0.14,-0.89765261
-0.87,0.14,-0.89548457
-0.86,0.14,-0.89323344
-0.85,0.14,-0.89089625
-0.84,0.14,-0.88846996
-0.83,0.14,-0.88595143
-0.82,0.14,-0.88333742
-0.81,0.14,-0.88062461
-0.8,0.14,-0.8778096
-0.79,0.14,-0.87488887
-0.78,0.14,-0.87185882
-0.77,0.14,-0.86871578
-0.76,0.14,-0.86545594
-0.75,0.14,-0.86207544
-0.74,0.14,-0.85857031
-0.73,0.14,-0.85493648
-0.72,0.14,-0.8511698
-0.71,0.14,-0.84726605
-0.7,0.14,-0.84322089
-0.69,0.14,-0.8390299
-0.68,0.14,-0.83468861
-0.67,0.14,-0.83019244
-0.66,0.14,-0.82553674
-0.65,0.14,-0.82071679
-0.64,0.14,-0.81572782
-0.63,0.14,-0.81056497
-0.62,0.14,-0.80522335
-0.61,0.14,-0.79969799
-0.6,0.14,-0.79398392
-0.59,0.14,-0.78807611
-0.58,0.14,-0.78196949
-0.57,0.14,-0.775659
-0.56,0.14,-0.76913956
-0.55,0.14,-0.7624061
-0.54,0.14,-0.75545355
-0.53,0.14,-0.74827689
-0.52,0.14,-0.74087112
-0.51,0.14,-0.7332313
-0.5,0.14,-0.72535258
-0.49,0.14,-0.71723015
-0.48,0.14,-0.70885936
-0.47,0.14,-0.70023562
-0.46,0.14,-0.69135452
-0.45,0.14,-0.68221178
-0.44,0.14,-0.67280332
-0.43,0.14,-0.66312523
-0.42,0.14,-0.65317383
-0.41,0.14,-0.64294568
-0.4,0.14,-0.6324376
-0.39,0.14,-0.6216467
-0.38,0.14,-0.61057037
-0.37,0.14,-0.59920636
-0.36,0.14,-0.58755276
-0.35,0.14,-0.57560805
-0.34,0.14,-0.56337107
-0.33,0.14,-0.55084114
-0.32,0.14,-0.53801798
-0.31,0.14,-0.52490179
-0.3,0.14,-0.51149327
-0.29,0.14,-0.49779362
-0.28,0.14,-0.48380458
-0.27,0.14,-0.46952841
-0.26,0.14,-0.45496795
-0.25,0.14,-0.44012663
-0.24,0.14,-0.42500845
-0.23,0.14,-0.40961802
-0.22,0.14,-0.39396056
-0.21,0.14,-0.37804191
-0.2,0.14,-0.36186853
-0.19,0.14,-0.3454475
-0.18,0.14,-0.32878652
-0.17,0.14,-0.3118939
-0.16,0.14,-0.29477858
-0.15,0.14,-0.27745007
-0.14,0.14,-0.25991849
-0.13,0.14,-0.2421945
-0.12,0.14,-0.22428934
-0.11,0.14,-0.20621473
-0.1,0.14,-0.18798292
-0.09,0.14,-0.16960663
-0.08,0.14,-0.15109898
-0.07,0.14,-0.13247353
-0.06,0.14,-0.11374417
-0.05,0.14,-0.094925146
-0.04,0.14,-0.076030952
-0.03,0.14,-0.057076336
-0.02,0.14,-0.038076236
-0.01,0.14,-0.019045731
0,0.14,0
0.01,0.14,0.019045731
0.02,0.14,0.038076236
0.03,0.14,0.057076336
0.04,0.14,0.076030952
0.05,0.14,0.094925146
0.06,0.14,0.11374417
0.07,0.14,0.13247353
0.08,0.14,0.15109898
0.09,0.14,0.16960663
0.1,0.14,0.18798292
0.11,0.14,0.20621473
0.12,0.14,0.22428934
0.13,0.14,0.2421945
0.14,0.14,0.25991849
0.15,0.14,0.27745007
0.16,0.14,0.29477858
0.17,0.14,0.3118939
0.18,0.14,0.32878652
0.19,0.14,0.3454475
0.2,0.14,0.36186853
0.21,0.14,0.37804191
0.22,0.14,0.39396056
0.23,0.14,0.40961802
0.24,0.14,0.42500845
0.25,0.14,0.44012663
0.26,0.14,0.45496795
0.27,0.14,0.46952841
0.28,0.14,0.48380458
0.29,0.14,0.49779362
0.3,0.14,0.51149327
0.31,0.14,0.52490179
0.32,0.14,0.53801798
0.33,0.14,0.55084114
0.34,0.14,0.56337107
0.35,0.14,0.57560805
0.36,0.14,0.58755276
0.37,0.14,0.59920636
0.38,0.14,0.61057037
0.39,0.14,0.6216467
0.4,0.14,0.6324376
0.41,0.14,0.64294568
0.42,0.14,0.65317383
0.43,0.14,0.66312523
0.44,0.14,0.67280332
0.45,0.14,0.68221178
0.46,0.14,0.69135452
0.47,0.14,0.70023562
0.48,0.14,0.70885936
0.49,0.14,0.71723015
0.5,0.14,0.72535258
0.51,0.14,0.7332313
0.52,0.14,0.74087112
0.53,0.14,0.74827689
0.54,0.14,0.75545355
0.55,0.14,0.7624061
0.56,0.14,0.76913956
0.57,0.14,0.775659
0.58,0.14,0.78196949
0.59,0.14,0.78807611
0.6,0.14,0.79398392
0.61,0.14,0.79969799
0.62,0.14,0.80522335
0.63,0.14,0.81056497
0.64,0.14,0.81572782
0.65,0.14,0.82071679
0.66,0.14,0.82553674
0.67,0.14,0.83019244
0.68,0.14,0.83468861
0.69,0.14,0.8390299
0.7,0.14,0.84322089
0.71,0.14,0.84726605
0.72,0.14,0.8511698
0.73,0.14,0.85493648
0.74,0.14,0.85857031
0.75,0.14,0.86207544
0.76,0.14,0.86545594
0.77,0.14,0.86871578
0.78,0.14,0.87185882
0.79,0.14,0.87488887
0.8,0.14,0.8778096
0.81,0.14,0.88062461
0.82,0.14,0.88333742
0.83,0.14,0.88595143
0.84,0.14,0.88846996
0.85,0.14,0.89089625
0.86,0.14,0.89323344
0.87,0.14,0.89548457
0.88,0.14,0.89765261
0.89,0.14,0.89974044
0.9,0.14,0.90175085
0.91,0.14,0.90368655
0.92,0.14,0.90555016
0.93,0.14,0.90734422
0.94,0.14,0.9090712
0.95,0.14,0.91073349
0.96,0.14,0.9123334
0.97,0.14,0.91387317
0.98,0.14,0.91535495
0.99,0.14,0.91678086
1,0.14,0.91815291
-1,0.15,-0.91149122
-0.99,0.15,-0.91012913
-0.98,0.15,-0.90871357
-0.97,0.15,-0.90724253
-0.96,0.15,-0.90571394
-0.95,0.15,-0.90412564
-0.94,0.15,-0.90247541
-0.93,0.15,-0.90076095
-0.92,0.15,-0.89897991
-0.91,0.15,-0.89712982
-0.9,0.15,-0.89520817
-0.89,0.15,-0.89321235
-0.88,0.15,-0.89113967
-0.87,0.15,-0.88898736
-0.86,0.15,-0.88675256
-0.85,0.15,-0.88443233
-0.84,0.15,-0.88202364
-0.83,0.15,-0.87952338
-0.82,0.15,-0.87692834
-0.81,0.15,-0.87423522
-0.8,0.15,-0.87144062
-0.79,0.15,-0.86854109
-0.78,0.15,-0.86553303
-0.77,0.15,-0.86241278
-0.76,0.15,-0.8591766
-0.75,0.15,-0.85582063
-0.74,0.15,-0.85234092
-0.73,0.15,-0.84873346
-0.72,0.15,-0.84499412
-0.71,0.15,-0.84111869
-0.7,0.15,-0.83710287
-0.69,0.15,-0.8329423
-0.68,0.15,-0.8286325
-0.67,0.15,-0.82416895
-0.66,0.15,-0.81954703
-0.65,0.15,-0.81476206
-0.64,0.15,-0.80980928
-0.63,0.15,-0.80468389
-0.62,0.15,-0.79938102
-0.61,0.15,-0.79389576
-0.6,0.15,-0.78822315
-0.59,0.15,-0.7823582
-0.58,0.15,-0.77629589
-0.57,0.15,-0.77003118
-0.56,0.15,-0.76355904
-0.55,0.15,-0.75687444
-0.54,0.15,-0.74997233
-0.53,0.15,-0.74284774
-0.52,0.15,-0.7354957
-0.51,0.15,-0.72791132
-0.5,0.15,-0.72008976
-0.49,0.15,-0.71202627
-0.48,0.15,-0.70371621
-0.47,0.15,-0.69515504
-0.46,0.15,-0.68633837
-0.45,0.15,-0.67726197
-0.44,0.15,-0.66792177
-0.43,0.15,-0.6583139
-0.42,0.15,-0.64843471
-0.41,0.15,-0.63828077
-0.4,0.15,-0.62784893
-0.39,0.15,-0.61713632
-0.38,0.15,-0.60614036
-0.37,0.15,-0.5948588
-0.36,0.15,-0.58328976
-0.35,0.15,-0.5714317
-0.34,0.15,-0.55928352
-0.33,0.15,-0.54684449
-0.32,0.15,-0.53411437
-0.31,0.15,-0.52109335
-0.3,0.15,-0.50778212
-0.29,0.15,-0.49418187
-0.28,0.15,-0.48029432
-0.27,0.15,-0.46612173
-0.26,0.15,-0.45166692
-0.25,0.15,-0.43693328
-0.24,0.15,-0.42192479
-0.23,0.15,-0.40664602
-0.22,0.15,-0.39110217
-0.21,0.15,-0.37529902
-0.2,0.15,-0.35924298
-0.19,0.15,-0.34294109
-0.18,0.15,-0.326401
-0.17,0.15,-0.30963095
-0.16,0.15,-0.2926398
-0.15,0.15,-0.27543703
-0.14,0.15,-0.25803264
-0.13,0.15,-0.24043726
-0.12,0.15,-0.222662
-0.11,0.15,-0.20471853
-0.1,0.15,-0.18661901
-0.09,0.15,-0.16837604
-0.08,0.15,-0.15000268
-0.07,0.15,-0.13151236
-0.06,0.15,-0.1129189
-0.05,0.15,-0.094236414
-0.04,0.15,-0.075479307
-0.03,0.15,-0.056662217
-0.02,0.15,-0.037799973
-0.01,0.15,-0.018907544
0,0.15,0
0.01,0.15,0.018907544
0.02,0.15,0.037799973
0.03,0.15,0.056662217
0.04,0.15,0.075479307
0.05,0.15,0.094236414
0.06,0.15,0.1129189
0.07,0.15,0.13151236
0.08,0.15,0.15000268
0.09,0.15,0.16837604
0.1,0.15,0.18661901
0.11,0.15,0.20471853
0.12,0.15,0.222662
0.13,0.15,0.24043726
0.14,0.15,0.25803264
0.15,0.15,0.27543703
0.16,0.15,0.2926398
0.17,0.15,0.30963095
0.18,0.15,0.326401
0.19,0.15,0.34294109
0.2,0.15,0.35924298
0.21,0.15,0.37529902
0.22,0.15,0.39110217
0.23,0.15,0.40664602
0.24,0.15,0.42192479
0.25,0.15,0.43693328
0.26,0.15,0.45166692
0.27,0.15,0.46612173
0.28,0.15,0.48029432
0.29,0.15,0.49418187
0.3,0.15,0.50778212
0.31,0.15,0.52109335
0.32,0.15,0.53411437
0.33,0.15,0.54684449
0.34,0.15,0.55928352
0.35,0.15,0.5714317
0.36,0.15,0.58328976
0.37,0.15,0.5948588
0.38,0.15,0.60614036
0.39,0.15,0.61713632
0.4,0.15,0.62784893
0.41,0.15,0.63828077
0.42,0.15,0.64843471
0.43,0.15,0.6583139
0.44,0.15,0.66792177
0.45,0.15,0.67726197
0.46,0.15,0.68633837
0.47,0.15,0.69515504
0.48,0.15,0.70371621
0.49,0.15,0.71202627
0.5,0.15,0.72008976
0.51,0.15,0.72791132
0.52,0.15,0.7354957
0.53,0.15,0.74284774
0.54,0.15,0.74997233
0.55,0.15,0.75687444
0.56,0.15,0.76355904
0.57,0.15,0.77003118
0.58,0.15,0.77629589
0.59,0.15,0.7823582
0.6,0.15,0.78822315
0.61,0.15,0.79389576
0.62,0.15,0.79938102
0.63,0.15,0.80468389
0.64,0.15,0.80980928
0.65,0.15,0.81476206
0.66,0.15,0.81954703
0.67,0.15,0.82416895
0.68,0.15,0.8286325
0.69,0.15,0.8329423
0.7,0.15,0.83710287
0.71,0.15,0.84111869
0.72,0.15,0.84499412
0.73,0.15,0.84873346
0.74,0.15,0.85234092
0.75,0.15,0.85582063
0.76,0.15,0.8591766
0.77,0.15,0.86241278
0.78,0.15,0.86553303
0.79,0.15,0.86854109
0.8,0.15,0.87144062
0.81,0.15,0.87423522
0.82,0.15,0.87692834
0.83,0.15,0.87952338
0.84,0.15,0.88202364
0.85,0.15,0.88443233
0.86,0.15,0.88675256
0.87,0.15,0.88898736
0.88,0.15,0.89113967
0.89,0.15,0.89321235
0.9,0.15,0.89520817
0.91,0.15,0.89712982
0.92,0.15,0.89897991
0.93,0.15,0.90076095
0.94,0.15,0.90247541
0.95,0.15,0.90412564
0.96,0.15,0.90571394
0.97,0.15,0.90724253
0.98,0.15,0.90871357
0.99,0.15,0.91012913
1,0.15,0.91149122
-1,0.16,-0.90440569
-0.99,0.16,-0.90305419
-0.98,0.16,-0.90164963
-0.97,0.16,-0.90019003
-0.96,0.16,-0.89867332
-0.95,0.16,-0.89709737
-0.94,0.16,-0.89545996
-0.93,0.16,-0.89375884
-0.92,0.16,-0.89199164
-0.91,0.16,-0.89015594
-0.9,0.16,-0.88824922
-0.89,0.16,-0.88626892
-0.88,0.16,-0.88421235
-0.87,0.16,-0.88207676
-0.86,0.16,-0.87985934
-0.85,0.16,-0.87755714
-0.84,0.16,-0.87516718
-0.83,0.16,-0.87268636
-0.82,0.16,-0.87011149
-0.81,0.16,-0.8674393
-0.8,0.16,-0.86466643
-0.79,0.16,-0.86178943
-0.78,0.16,-0.85880476
-0.77,0.16,-0.85570877
-0.76,0.16,-0.85249774
-0.75,0.16,-0.84916786
-0.74,0.16,-0.8457152
-0.73,0.16,-0.84213578
-0.72,0.16,-0.83842551
-0.71,0.16,-0.8345802
-0.7,0.16,-0.83059561
-0.69,0.16,-0.82646737
-0.68,0.16,-0.82219108
-0.67,0.16,-0.81776223
-0.66,0.16,-0.81317624
-0.65,0.16,-0.80842846
-0.64,0.16,-0.80351418
-0.63,0.16,-0.79842864
-0.62,0.16,-0.79316699
-0.61,0.16,-0.78772437
-0.6,0.16,-0.78209585
-0.59,0.16,-0.77627649
-0.58,0.16,-0.77026131
-0.57,0.16,-0.7640453
-0.56,0.16,-0.75762348
-0.55,0.16,-0.75099083
-0.54,0.16,-0.74414238
-0.53,0.16,-0.73707317
-0.52,0.16,-0.72977829
-0.51,0.16,-0.72225286
-0.5,0.16,-0.7144921
-0.49,0.16,-0.70649129
-0.48,0.16,-0.69824583
-0.47,0.16,-0.68975121
-0.46,0.16,-0.68100308
-0.45,0.16,-0.67199724
-0.44,0.16,-0.66272964
-0.43,0.16,-0.65319646
-0.42,0.16,-0.64339406
-0.41,0.16,-0.63331906
-0.4,0.16,-0.62296831
-0.39,0.16,-0.61233898
-0.38,0.16,-0.60142849
-0.37,0.16,-0.59023463
-0.36,0.16,-0.57875552
-0.35,0.16,-0.56698965
-0.34,0.16,-0.5549359
-0.33,0.16,-0.54259357
-0.32,0.16,-0.5299624
-0.31,0.16,-0.5170426
-0.3,0.16,-0.50383485
-0.29,0.16,-0.49034032
-0.28,0.16,-0.47656073
-0.27,0.16,-0.46249831
-0.26,0.16,-0.44815586
-0.25,0.16,-0.43353675
-0.24,0.16,-0.41864493
-0.23,0.16,-0.40348494
-0.22,0.16,-0.38806192
-0.21,0.16,-0.37238161
-0.2,0.16,-0.35645039
-0.19,0.16,-0.34027522
-0.18,0.16,-0.3238637
-0.17,0.16,-0.30722401
-0.16,0.16,-0.29036495
-0.15,0.16,-0.2732959
-0.14,0.16,-0.25602681
-0.13,0.16,-0.2385682
-0.12,0.16,-0.22093112
-0.11,0.16,-0.20312714
-0.1,0.16,-0.18516832
-0.09,0.16,-0.16706716
-0.08,0.16,-0.14883662
-0.07,0.16,-0.13049004
-0.06,0.16,-0.11204112
-0.05,0.16,-0.093503862
-0.04,0.16,-0.074892565
-0.03,0.16,-0.05622175
-0.02,0.16,-0.037506132
-0.01,0.16,-0.018760565
0,0.16,0
0.01,0.16,0.018760565
0.02,0.16,0.037506132
0.03,0.16,0.05622175
0.04,0.16,0.074892565
0.05,0.16,0.093503862
0.06,0.16,0.11204112
0.07,0.16,0.13049004
0.08,0.16,0.14883662
0.09,0.16,0.16706716
0.1,0.16,0.18516832
0.11,0.16,0.20312714
0.12,0.16,0.22093112
0.13,0.16,0.2385682
0.14,0.16,0.25602681
0.15,0.16,0.2732959
0.16,0.16,0.29036495
0.17,0.16,0.30722401
0.18,0.16,0.3238637
0.19,0.16,0.34027522
0.2,0.16,0.35645039
0.21,0.16,0.37238161
0.22,0.16,0.38806192
0.23,0.16,0.40348494
0.24,0.16,0.41864493
0.25,0.16,0.43353675
0.26,0.16,0.44815586
0.27,0.16,0.46249831
0.28,0.16,0.47656073
0.29,0.16,0.49034032
0.3,0.16,0.50383485
0.31,0.16,0.5170426
0.32,0.16,0.5299624
0.33,0.16,0.54259357
0.34,0.16,0.5549359
0.35,0.16,0.56698965
0.36,0.16,0.57875552
0.37,0.16,0.59023463
0.38,0.16,0.60142849
0.39,0.16,0.61233898
0.4,0.16,0.62296831
0.41,0.16,0.63331906
0.42,0.16,0.64339406
0.43,0.16,0.65319646
0.44,0.16,0.66272964
0.45,0.16,0.67199724
0.46,0.16,0.68100308
0.47,0.16,0.68975121
0.48,0.16,0.69824583
0.49,0.16,0.70649129
0.5,0.16,0.7144921
0.51,0.16,0.72225286
0.52,0.16,0.72977829
0.53,0.16,0.73707317
0.54,0.16,0.74414238
0.55,0.16,0.75099083
0.56,0.16,0.75762348
0.57,0.16,0.7640453
0.58,0.16,0.77026131
0.59,0.16,0.77627649
0.6,0.16,0.78209585
0.61,0.16,0.78772437
0.62,0.16,0.79316699
0.63,0.16,0.79842864
0.64,0.16,0.80351418
0.65,0.16,0.80842846
0.66,0.16,0.81317624
0.67,0.16,0.81776223
0.68,0.16,0.82219108
0.69,0.16,0.82646737
0.7,0.16,0.83059561
0.71,0.16,0.8345802
0.72,0.16,0.83842551
0.73,0.16,0.84213578
0.74,0.16,0.8457152
0.75,0.16,0.84916786
0.76,0.16,0.85249774
0.77,0.16,0.85570877
0.78,0.16,0.85880476
0.79,0.16,0.86178943
0.8,0.16,0.86466643
0.81,0.16,0.8674393
0.82,0.16,0.87011149
0.83,0.16,0.87268636
0.84,0.16,0.87516718
0.85,0.16,0.87755714
0.86,0.16,0.87985934
0.87,0.16,0.88207676
0.88,0.16,0.88421235
0.89,0.16,0.88626892
0.9,0.16,0.88824922
0.91,0.16,0.89015594
0.92,0.16,0.89199164
0.93,0.16,0.89375884
0.94,0.16,0.89545996
0.95,0.16,0.89709737
0.96,0.16,0.89867332
0.97,0.16,0.90019003
0.98,0.16,0.90164963
0.99,0.16,0.90305419
1,0.16,0.90440569
-1,0.17,-0.89690332
-0.99,0.17,-0.89556302
-0.98,0.17,-0.89417012
-0.97,0.17,-0.89272263
-0.96,0.17,-0.89121849
-0.95,0.17,-0.88965561
-0.94,0.17,-0.88803179
-0.93,0.17,-0.88634478
-0.92,0.17,-0.88459224
-0.91,0.17,-0.88277177
-0.9,0.17,-0.88088087
-0.89,0.17,-0.87891699
-0.88,0.17,-0.87687748
-0.87,0.17,-0.87475961
-0.86,0.17,-0.87256058
-0.85,0.17,-0.87027749
-0.84,0.17,-0.86790735
-0.83,0.17,-0.8654471
-0.82,0.17,-0.86289359
-0.81,0.17,-0.86024357
-0.8,0.17,-0.85749371
-0.79,0.17,-0.85464057
-0.78,0.17,-0.85168066
-0.77,0.17,-0.84861035
-0.76,0.17,-0.84542596
-0.75,0.17,-0.8421237
-0.74,0.17,-0.83869969
-0.73,0.17,-0.83514996
-0.72,0.17,-0.83147046
-0.71,0.17,-0.82765705
-0.7,0.17,-0.82370551
-0.69,0.17,-0.81961152
-0.68,0.17,-0.81537071
-0.67,0.17,-0.81097859
-0.66,0.17,-0.80643064
-0.65,0.17,-0.80172225
-0.64,0.17,-0.79684874
-0.63,0.17,-0.79180538
-0.62,0.17,-0.78658738
-0.61,0.17,-0.78118991
-0.6,0.17,-0.77560808
-0.59,0.17,-0.76983699
-0.58,0.17,-0.76387171
-0.57,0.17,-0.75770727
-0.56,0.17,-0.75133871
-0.55,0.17,-0.74476109
-0.54,0.17,-0.73796945
-0.53,0.17,-0.73095888
-0.52,0.17,-0.72372451
-0.51,0.17,-0.71626151
-0.5,0.17,-0.70856513
-0.49,0.17,-0.70063069
-0.48,0.17,-0.69245362
-0.47,0.17,-0.68402947
-0.46,0.17,-0.67535391
-0.45,0.17,-0.66642278
-0.44,0.17,-0.65723206
-0.43,0.17,-0.64777796
-0.42,0.17,-0.63805687
-0.41,0.17,-0.62806544
-0.4,0.17,-0.61780056
-0.39,0.17,-0.6072594
-0.38,0.17,-0.59643942
-0.37,0.17,-0.58533842
-0.36,0.17,-0.57395453
-0.35,0.17,-0.56228626
-0.34,0.17,-0.5503325
-0.33,0.17,-0.53809255
-0.32,0.17,-0.52556617
-0.31,0.17,-0.51275354
-0.3,0.17,-0.49965535
-0.29,0.17,-0.48627277
-0.28,0.17,-0.47260748
-0.27,0.17,-0.45866171
-0.26,0.17,-0.44443824
-0.25,0.17,-0.42994041
-0.24,0.17,-0.41517212
-0.23,0.17,-0.40013788
-0.22,0.17,-0.3848428
-0.21,0.17,-0.36929257
-0.2,0.17,-0.3534935
-0.19,0.17,-0.33745251
-0.18,0.17,-0.32117713
-0.17,0.17,-0.30467548
-0.16,0.17,-0.28795627
-0.15,0.17,-0.27102881
-0.14,0.17,-0.25390298
-0.13,0.17,-0.23658919
-0.12,0.17,-0.21909842
-0.11,0.17,-0.20144213
-0.1,0.17,-0.18363228
-0.09,0.17,-0.16568128
-0.08,0.17,-0.14760197
-0.07,0.17,-0.12940758
-0.06,0.17,-0.1111117
-0.05,0.17,-0.092728213
-0.04,0.17,-0.074271303
-0.03,0.17,-0.05575537
-0.02,0.17,-0.037195005
-0.01,0.17,-0.01860494
0,0.17,0
0.01,0.17,0.01860494
0.02,0.17,0.037195005
0.03,0.17,0.05575537
0.04,0.17,0.074271303
0.05,0.17,0.092728213
0.06,0.17,0.1111117
0.07,0.17,0.12940758
0.08,0.17,0.14760197
0.09,0.17,0.16568128
0.1,0.17,0.18363228
0.11,0.17,0.20144213
0.12,0.17,0.21909842
0.13,0.17,0.23658919
0.14,0.17,0.25390298
0.15,0.17,0.27102881
0.16,0.17,0.28795627
0.17,0.17,0.30467548
0.18,0.17,0.32117713
0.19,0.17,0.33745251
0.2,0.17,0.3534935
0.21,0.17,0.36929257
0.22,0.17,0.3848428
0.23,0.17,0.40013788
0.24,0.17,0.41517212
0.25,0.17,0.42994041
0.26,0.17,0.44443824
0.27,0.17,0.45866171
0.28,0.17,0.47260748
0.29,0.17,0.48627277
0.3,0.17,0.49965535
0.31,0.17,0.51275354
0.32,0.17,0.52556617
0.33,0.17,0.53809255
0.34,0.17,0.5503325
0.35,0.17,0.56228626
0.36,0.17,0.57395453
0.37,0.17,0.58533842
0.38,0.17,0.59643942
0.39,0.17,0.6072594
0.4,0.17,0.61780056
0.41,0.17,0.62806544
0.42,0.17,0.63805687
0.43,0.17,0.64777796
0.44,0.17,0.65723206
0.45,0.17,0.66642278
0.46,0.17,0.67535391
0.47,0.17,0.68402947
0.48,0.17,0.69245362
0.49,0.17,0.70063069
0.5,0.17,0.70856513
0.51,0.17,0.71626151
0.52,0.17,0.72372451
0.53,0.17,0.73095888
0.54,0.17,0.73796945
0.55,0.17,0.74476109
0.56,0.17,0.75133871
0.57,0.17,0.75770727
0.58,0.17,0.76387171
0.59,0.17,0.76983699
0.6,0.17,0.77560808
0.61,0.17,0.78118991
0.62,0.17,0.78658738
0.63,0.17,0.79180538
0.64,0.17,0.79684874
0.65,0.17,0.80172225
0.66,0.17,0.80643064
0.67,0.17,0.81097859
0.68,0.17,0.81537071
0.69,0.17,0.81961152
0.7,0.17,0.82370551
0.71,0.17,0.82765705
0.72,0.17,0.83147046
0.73,0.17,0.83514996
0.74,0.17,0.83869969
0.75,0.17,0.8421237
0.76,0.17,0.84542596
0.77,0.17,0.84861035
0.78,0.17,0.85168066
0.79,0.17,0.85464057
0.8,0.17,0.85749371
0.81,0.17,0.86024357
0.82,0.17,0.86289359
0.83,0.17,0.8654471
0.84,0.17,0.86790735
0.85,0.17,0.87027749
0.86,0.17,0.87256058
0.87,0.17,0.87475961
0.88,0.17,0.87687748
0.89,0.17,0.87891699
0.9,0.17,0.88088087
0.91,0.17,0.88277177
0.92,0.17,0.88459224
0.93,0.17,0.88634478
0.94,0.17,0.88803179
0.95,0.17,0.88965561
0.96,0.17,0.89121849
0.97,0.17,0.89272263
0.98,0.17,0.89417012
0.99,0.17,0.89556302
1,0.17,0.89690332
-1,0.18,-0.88899149
-0.99,0.18,-0.88766302
-0.98,0.18,-0.88628241
-0.97,0.18,-0.88484768
-0.96,0.18,-0.88335682
-0.95,0.18,-0.88180772
-0.94,0.18,-0.88019823
-0.93,0.18,-0.8785261
-0.92,0.18,-0.87678902
-0.91,0.18,-0.8749846
-0.9,0.18,-0.87311038
-0.89,0.18,-0.87116383
-0.88,0.18,-0.86914231
-0.87,0.18,-0.86704312
-0.86,0.18,-0.86486349
-0.85,0.18,-0.86260054
-0.84,0.18,-0.86025131
-0.83,0.18,-0.85781276
-0.82,0.18,-0.85528178
-0.81,0.18,-0.85265513
-0.8,0.18,-0.84992953
-0.79,0.18,-0.84710156
-0.78,0.18,-0.84416776
-0.77,0.18,-0.84112453
-0.76,0.18,-0.83796823
-0.75,0.18,-0.8346951
-0.74,0.18,-0.83130129
-0.73,0.18,-0.82778288
-0.72,0.18,-0.82413584
-0.71,0.18,-0.82035607
-0.7,0.18,-0.81643938
-0.69,0.18,-0.81238151
-0.68,0.18,-0.8081781
-0.67,0.18,-0.80382473
-0.66,0.18,-0.7993169
-0.65,0.18,-0.79465004
-0.64,0.18,-0.78981952
-0.63,0.18,-0.78482065
-0.62,0.18,-0.77964868
-0.61,0.18,-0.77429882
-0.6,0.18,-0.76876624
-0.59,0.18,-0.76304606
-0.58,0.18,-0.75713339
-0.57,0.18,-0.75102333
-0.56,0.18,-0.74471095
-0.55,0.18,-0.73819135
-0.54,0.18,-0.73145962
-0.53,0.18,-0.7245109
-0.52,0.18,-0.71734034
-0.51,0.18,-0.70994318
-0.5,0.18,-0.70231468
-0.49,0.18,-0.69445024
-0.48,0.18,-0.68634531
-0.47,0.18,-0.67799547
-0.46,0.18,-0.66939644
-0.45,0.18,-0.66054408
-0.44,0.18,-0.65143444
-0.43,0.18,-0.64206373
-0.42,0.18,-0.6324284
-0.41,0.18,-0.62252511
-0.4,0.18,-0.61235078
-0.39,0.18,-0.6019026
-0.38,0.18,-0.59117807
-0.37,0.18,-0.580175
-0.36,0.18,-0.56889153
-0.35,0.18,-0.55732618
-0.34,0.18,-0.54547787
-0.33,0.18,-0.5333459
-0.32,0.18,-0.52093001
-0.31,0.18,-0.50823041
-0.3,0.18,-0.49524776
-0.29,0.18,-0.48198322
-0.28,0.18,-0.46843848
-0.27,0.18,-0.45461574
-0.26,0.18,-0.44051774
-0.25,0.18,-0.42614779
-0.24,0.18,-0.41150978
-0.23,0.18,-0.39660816
-0.22,0.18,-0.381448
-0.21,0.18,-0.36603494
-0.2,0.18,-0.35037524
-0.19,0.18,-0.33447576
-0.18,0.18,-0.31834394
-0.17,0.18,-0.30198785
-0.16,0.18,-0.28541613
-0.15,0.18,-0.26863799
-0.14,0.18,-0.25166323
-0.13,0.18,-0.23450218
-0.12,0.18,-0.21716569
-0.11,0.18,-0.19966515
-0.1,0.18,-0.18201241
-0.09,0.18,-0.16421976
-0.08,0.18,-0.14629993
-0.07,0.18,-0.12826604
-0.06,0.18,-0.11013155
-0.05,0.18,-0.091910233
-0.04,0.18,-0.073616136
-0.03,0.18,-0.055263537
-0.02,0.18,-0.036866898
-0.01,0.18,-0.018440821
0,0.18,0
0.01,0.18,0.018440821
0.02,0.18,0.036866898
0.03,0.18,0.055263537
0.04,0.18,0.073616136
0.05,0.18,0.091910233
0.06,0.18,0.11013155
0.07,0.18,0.12826604
0.08,0.18,0.14629993
0.09,0.18,0.16421976
0.1,0.18,0.18201241
0.11,0.18,0.19966515
0.12,0.18,0.21716569
0.13,0.18,0.23450218
0.14,0.18,0.25166323
0.15,0.18,0.26863799
0.16,0.18,0.28541613
0.17,0.18,0.30198785
0.18,0.18,0.31834394
0.19,0.18,0.33447576
0.2,0.18,0.35037524
0.21,0.18,0.36603494
0.22,0.18,0.381448
0.23,0.18,0.39660816
0.24,0.18,0.41150978
0.25,0.18,0.42614779
0.26,0.18,0.44051774
0.27,0.18,0.45461574
0.28,0.18,0.46843848
0.29,0.18,0.48198322
0.3,0.18,0.49524776
0.31,0.18,0.50823041
0.32,0.18,0.52093001
0.33,0.18,0.5333459
0.34,0.18,0.54547787
0.35,0.18,0.55732618
0.36,0.18,0.56889153
0.37,0.18,0.580175
0.38,0.18,0.59117807
0.39,0.18,0.6019026
0.4,0.18,0.61235078
0.41,0.18,0.62252511
0.42,0.18,0.6324284
0.43,0.18,0.64206373
0.44,0.18,0.65143444
0.45,0.18,0.66054408
0.46,0.18,0.66939644
0.47,0.18,0.67799547
0.48,0.18,0.68634531
0.49,0.18,0.69445024
0.5,0.18,0.70231468
0.51,0.18,0.70994318
0.52,0.18,0.71734034
0.53,0.18,0.7245109
0.54,0.18,0.73145962
0.55,0.18,0.73819135
0.56,0.18,0.74471095
0.57,0.18,0.75102333
0.58,0.18,0.75713339
0.59,0.18,0.76304606
0.6,0.18,0.76876624
0.61,0.18,0.77429882
0.62,0.18,0.77964868
0.63,0.18,0.78482065
0.64,0.18,0.78981952
0.65,0.18,0.79465004
0.66,0.18,0.7993169
0.67,0.18,0.80382473
0.68,0.18,0.8081781
0.69,0.18,0.81238151
0.7,0.18,0.81643938
0.71,0.18,0.82035607
0.72,0.18,0.82413584
0.73,0.18,0.82778288
0.74,0.18,0.83130129
0.75,0.18,0.8346951
0.76,0.18,0.83796823
0.77,0.18,0.84112453
0.78,0.18,0.84416776
0.79,0.18,0.84710156
0.8,0.18,0.84992953
0.81,0.18,0.85265513
0.82,0.18,0.85528178
0.83,0.18,0.85781276
0.84,0.18,0.86025131
0.85,0.18,0.86260054
0.86,0.18,0.86486349
0.87,0.18,0.86704312
0.88,0.18,0.86914231
0.89,0.18,0.87116383
0.9,0.18,0.87311038
0.91,0.18,0.8749846
0.92,0.18,0.87678902
0.93,0.18,0.8785261
0.94,0.18,0.88019823
0.95,0.18,0.88180772
0.96,0.18,0.88335682
0.97,0.18,0.88484768
0.98,0.18,0.88628241
0.99,0.18,0.88766302
1,0.18,0.88899149
-1,0.19,-0.88067803
-0.99,0.19,-0.87936199
-0.98,0.19,-0.87799428
-0.97,0.19,-0.87657297
-0.96,0.19,-0.87509605
-0.95,0.19,-0.87356144
-0.94,0.19,-0.871967
-0.93,0.19,-0.8703105
-0.92,0.19,-0.86858967
-0.91,0.19,-0.86680213
-0.9,0.19,-0.86494544
-0.89,0.19,-0.86301708
-0.88,0.19,-0.86101447
-0.87,0.19,-0.85893492
-0.86,0.19,-0.85677566
-0.85,0.19,-0.85453387
-0.84,0.19,-0.85220661
-0.83,0.19,-0.84979087
-0.82,0.19,-0.84728356
-0.81,0.19,-0.84468147
-0.8,0.19,-0.84198136
-0.79,0.19,-0.83917984
-0.78,0.19,-0.83627347
-0.77,0.19,-0.8332587
-0.76,0.19,-0.83013192
-0.75,0.19,-0.8268894
-0.74,0.19,-0.82352732
-0.73,0.19,-0.82004181
-0.72,0.19,-0.81642888
-0.71,0.19,-0.81268446
-0.7,0.19,-0.8088044
-0.69,0.19,-0.80478447
-0.68,0.19,-0.80062037
-0.67,0.19,-0.79630771
-0.66,0.19,-0.79184204
-0.65,0.19,-0.78721882
-0.64,0.19,-0.78243348
-0.63,0.19,-0.77748135
-0.62,0.19,-0.77235775
-0.61,0.19,-0.76705792
-0.6,0.19,-0.76157707
-0.59,0.19,-0.75591038
-0.58,0.19,-0.75005301
-0.57,0.19,-0.74400009
-0.56,0.19,-0.73774674
-0.55,0.19,-0.73128811
-0.54,0.19,-0.72461933
-0.53,0.19,-0.71773559
-0.52,0.19,-0.71063209
-0.51,0.19,-0.7033041
-0.5,0.19,-0.69574694
-0.49,0.19,-0.68795604
-0.48,0.19,-0.6799269
-0.47,0.19,-0.67165515
-0.46,0.19,-0.66313653
-0.45,0.19,-0.65436696
-0.44,0.19,-0.64534251
-0.43,0.19,-0.63605943
-0.42,0.19,-0.62651421
-0.41,0.19,-0.61670353
-0.4,0.19,-0.60662434
-0.39,0.19,-0.59627387
-0.38,0.19,-0.58564963
-0.37,0.19,-0.57474945
-0.36,0.19,-0.5635715
-0.35,0.19,-0.55211431
-0.34,0.19,-0.5403768
-0.33,0.19,-0.52835828
-0.32,0.19,-0.5160585
-0.31,0.19,-0.50347766
-0.3,0.19,-0.49061642
-0.29,0.19,-0.47747593
-0.28,0.19,-0.46405785
-0.27,0.19,-0.45036437
-0.26,0.19,-0.43639821
-0.25,0.19,-0.42216264
-0.24,0.19,-0.40766152
-0.23,0.19,-0.39289925
-0.22,0.19,-0.37788086
-0.21,0.19,-0.36261194
-0.2,0.19,-0.34709868
-0.19,0.19,-0.33134788
-0.18,0.19,-0.31536693
-0.17,0.19,-0.29916379
-0.16,0.19,-0.28274704
-0.15,0.19,-0.26612581
-0.14,0.19,-0.24930979
-0.13,0.19,-0.23230921
-0.12,0.19,-0.21513485
-0.11,0.19,-0.19779797
-0.1,0.19,-0.18031031
-0.09,0.19,-0.16268405
-0.08,0.19,-0.1449318
-0.07,0.19,-0.12706655
-0.06,0.19,-0.10910165
-0.05,0.19,-0.091050728
-0.04,0.19,-0.07292771
-0.03,0.19,-0.054746737
-0.02,0.19,-0.036522135
-0.01,0.19,-0.01826837
0,0.19,0
0.01,0.19,0.01826837
0.02,0.19,0.036522135
0.03,0.19,0.054746737
0.04,0.19,0.07292771
0.05,0.19,0.091050728
0.06,0.19,0.10910165
0.07,0.19,0.12706655
0.08,0.19,0.1449318
0.09,0.19,0.16268405
0.1,0.19,0.18031031
0.11,0.19,0.19779797
0.12,0.19,0.21513485
0.13,0.19,0.23230921
0.14,0.19,0.24930979
0.15,0.19,0.26612581
0.16,0.19,0.28274704
0.17,0.19,0.29916379
0.18,0.19,0.31536693
0.19,0.19,0.33134788
0.2,0.19,0.34709868
0.21,0.19,0.36261194
0.22,0.19,0.37788086
0.23,0.19,0.39289925
0.24,0.19,0.40766152
0.25,0.19,0.42216264
0.26,0.19,0.43639821
0.27,0.19,0.45036437
0.28,0.19,0.46405785
0.29,0.19,0.47747593
0.3,0.19,0.49061642
0.31,0.19,0.50347766
0.32,0.19,0.5160585
0.33,0.19,0.52835828
0.34,0.19,0.5403768
0.35,0.19,0.55211431
0.36,0.19,0.5635715
0.37,0.19,0.57474945
0.38,0.19,0.58564963
0.39,0.19,0.59627387
0.4,0.19,0.60662434
0.41,0.19,0.61670353
0.42,0.19,0.62651421
0.43,0.19,0.63605943
0.44,0.19,0.64534251
0.45,0.19,0.65436696
0.46,0.19,0.66313653
0.47,0.19,0.67165515
0.48,0.19,0.6799269
0.49,0.19,0.68795604
0.5,0.19,0.69574694
0.51,0.19,0.7033041
0.52,0.19,0.71063209
0.53,0.19,0.71773559
0.54,0.19,0.72461933
0.55,0.19,0.73128811
0.56,0.19,0.73774674
0.57,0.19,0.74400009
0.58,0.19,0.75005301
0.59,0.19,0.75591038
0.6,0.19,0.76157707
0.61,0.19,0.76705792
0.62,0.19,0.77235775
0.63,0.19,0.77748135
0.64,0.19,0.78243348
0.65,0.19,0.78721882
0.66,0.19,0.79184204
0.67,0.19,0.79630771
0.68,0.19,0.80062037
0.69,0.19,0.80478447
0.7,0.19,0.8088044
0.71,0.19,0.81268446
0.72,0.19,0.81642888
0.73,0.19,0.82004181
0.74,0.19,0.82352732
0.75,0.19,0.8268894
0.76,0.19,0.83013192
0.77,0.19,0.8332587
0.78,0.19,0.83627347
0.79,0.19,0.83917984
0.8,0.19,0.84198136
0.81,0.19,0.84468147
0.82,0.19,0.84728356
0.83,0.19,0.84979087
0.84,0.19,0.85220661
0.85,0.19,0.85453387
0.86,0.19,0.85677566
0.87,0.19,0.85893492
0.88,0.19,0.86101447
0.89,0.19,0.86301708
0.9,0.19,0.86494544
0.91,0.19,0.86680213
0.92,0.19,0.86858967
0.93,0.19,0.8703105
0.94,0.19,0.871967
0.95,0.19,0.87356144
0.96,0.19,0.87509605
0.97,0.19,0.87657297
0.98,0.19,0.87799428
0.99,0.19,0.87936199
1,0.19,0.88067803
-1,0.2,-0.87197114
-0.99,0.2,-0.8706681
-0.98,0.2,-0.86931392
-0.97,0.2,-0.86790666
-0.96,0.2,-0.86644434
-0.95,0.2,-0.86492491
-0.94,0.2,-0.86334623
-0.93,0.2,-0.86170611
-0.92,0.2,-0.86000229
-0.91,0.2,-0.85823242
-0.9,0.2,-0.85639408
-0.89,0.2,-0.8544848
-0.88,0.2,-0.85250198
-0.87,0.2,-0.85044299
-0.86,0.2,-0.84830508
-0.85,0.2,-0.84608545
-0.84,0.2,-0.8437812
-0.83,0.2,-0.84138935
-0.82,0.2,-0.83890682
-0.81,0.2,-0.83633046
-0.8,0.2,-0.83365704
-0.79,0.2,-0.83088322
-0.78,0.2,-0.82800558
-0.77,0.2,-0.82502062
-0.76,0.2,-0.82192475
-0.75,0.2,-0.81871429
-0.74,0.2,-0.81538545
-0.73,0.2,-0.8119344
-0.72,0.2,-0.80835719
-0.71,0.2,-0.80464979
-0.7,0.2,-0.80080809
-0.69,0.2,-0.79682791
-0.68,0.2,-0.79270498
-0.67,0.2,-0.78843495
-0.66,0.2,-0.78401343
-0.65,0.2,-0.77943592
-0.64,0.2,-0.77469788
-0.63,0.2,-0.76979472
-0.62,0.2,-0.76472177
-0.61,0.2,-0.75947434
-0.6,0.2,-0.75404768
-0.59,0.2,-0.74843701
-0.58,0.2,-0.74263755
-0.57,0.2,-0.73664447
-0.56,0.2,-0.73045295
-0.55,0.2,-0.72405817
-0.54,0.2,-0.71745532
-0.53,0.2,-0.71063964
-0.52,0.2,-0.70360637
-0.51,0.2,-0.69635082
-0.5,0.2,-0.68886839
-0.49,0.2,-0.68115451
-0.48,0.2,-0.67320475
-0.47,0.2,-0.66501478
-0.46,0.2,-0.65658038
-0.45,0.2,-0.64789751
-0.44,0.2,-0.63896228
-0.43,0.2,-0.62977098
-0.42,0.2,-0.62032012
-0.41,0.2,-0.61060644
-0.4,0.2,-0.6006269
-0.39,0.2,-0.59037876
-0.38,0.2,-0.57985956
-0.37,0.2,-0.56906714
-0.36,0.2,-0.55799971
-0.35,0.2,-0.54665579
-0.34,0.2,-0.53503432
-0.33,0.2,-0.52313462
-0.32,0.2,-0.51095645
-0.31,0.2,-0.49849998
-0.3,0.2,-0.4857659
-0.29,0.2,-0.47275532
-0.28,0.2,-0.4594699
-0.27,0.2,-0.4459118
-0.26,0.2,-0.43208372
-0.25,0.2,-0.4179889
-0.24,0.2,-0.40363114
-0.23,0.2,-0.38901482
-0.22,0.2,-0.37414491
-0.21,0.2,-0.35902695
-0.2,0.2,-0.34366706
-0.19,0.2,-0.32807199
-0.18,0.2,-0.31224903
-0.17,0.2,-0.29620609
-0.16,0.2,-0.27995164
-0.15,0.2,-0.26349473
-0.14,0.2,-0.24684496
-0.13,0.2,-0.23001247
-0.12,0.2,-0.21300791
-0.11,0.2,-0.19584243
-0.1,0.2,-0.17852765
-0.09,0.2,-0.16107566
-0.08,0.2,-0.14349892
-0.07,0.2,-0.1258103
-0.06,0.2,-0.10802301
-0.05,0.2,-0.090150548
-0.04,0.2,-0.072206704
-0.03,0.2,-0.054205479
-0.02,0.2,-0.036161056
-0.01,0.2,-0.018087758
0,0.2,0
0.01,0.2,0.018087758
0.02,0.2,0.036161056
0.03,0.2,0.054205479
0.04,0.2,0.072206704
0.05,0.2,0.090150548
0.06,0.2,0.10802301
0.07,0.2,0.1258103
0.08,0.2,0.14349892
0.09,0.2,0.16107566
0.1,0.2,0.17852765
0.11,0.2,0.19584243
0.12,0.2,0.21300791
0.13,0.2,0.23001247
0.14,0.2,0.24684496
0.15,0.2,0.26349473
0.16,0.2,0.27995164
0.17,0.2,0.29620609
0.18,0.2,0.31224903
0.19,0.2,0.32807199
0.2,0.2,0.34366706
0.21,0.2,0.35902695
0.22,0.2,0.37414491
0.23,0.2,0.38901482
0.24,0.2,0.40363114
0.25,0.2,0.4179889
0.26,0.2,0.43208372
0.27,0.2,0.4459118
0.28,0.2,0.4594699
0.29,0.2,0.47275532
0.3,0.2,0.4857659
0.31,0.2,0.49849998
0.32,0.2,0.51095645
0.33,0.2,0.52313462
0.34,0.2,0.53503432
0.35,0.2,0.54665579
0.36,0.2,0.55799971
0.37,0.2,0.56906714
0.38,0.2,0.57985956
0.39,0.2,0.59037876
0.4,0.2,0.6006269
0.41,0.2,0.61060644
0.42,0.2,0.62032012
0.43,0.2,0.62977098
0.44,0.2,0.63896228
0.45,0.2,0.64789751
0.46,0.2,0.65658038
0.47,0.2,0.66501478
0.48,0.2,0.67320475
0.49,0.2,0.68115451
0.5,0.2,0.68886839
0.51,0.2,0.69635082
0.52,0.2,0.70360637
0.53,0.2,0.71063964
0.54,0.2,0.71745532
0.55,0.2,0.72405817
0.56,0.2,0.73045295
0.57,0.2,0.73664447
0.58,0.2,0.74263755
0.59,0.2,0.74843701
0.6,0.2,0.75404768
0.61,0.2,0.75947434
0.62,0.2,0.76472177
0.63,0.2,0.76979472
0.64,0.2,0.77469788
0.65,0.2,0.77943592
0.66,0.2,0.78401343
0.67,0.2,0.78843495
0.68,0.2,0.79270498
0.69,0.2,0.79682791
0.7,0.2,0.80080809
0.71,0.2,0.80464979
0.72,0.2,0.80835719
0.73,0.2,0.8119344
0.74,0.2,0.81538545
0.75,0.2,0.81871429
0.76,0.2,0.82192475
0.77,0.2,0.82502062
0.78,0.2,0.82800558
0.79,0.2,0.83088322
0.8,0.2,0.83365704
0.81,0.2,0.83633046
0.82,0.2,0.83890682
0.83,0.2,0.84138935
0.84,0.2,0.8437812
0.85,0.2,0.84608545
0.86,0.2,0.84830508
0.87,0.2,0.85044299
0.88,0.2,0.85250198
0.89,0.2,0.8544848
0.9,0.2,0.85639408
0.91,0.2,0.85823242
0.92,0.2,0.86000229
0.93,0.2,0.86170611
0.94,0.2,0.86334623
0.95,0.2,0.86492491
0.96,0.2,0.86644434
0.97,0.2,0.86790666
0.98,0.2,0.86931392
0.99,0.2,0.8706681
1,0.2,0.87197114
-1,0.21,-0.8628794
-0.99,0.21,-0.86158995
-0.98,0.21,-0.86024989
-0.97,0.21,-0.85885731
-0.96,0.21,-0.85741023
-0.95,0.21,-0.85590664
-0.94,0.21,-0.85434442
-0.93,0.21,-0.8527214
-0.92,0.21,-0.85103535
-0.91,0.21,-0.84928393
-0.9,0.21,-0.84746476
-0.89,0.21,-0.84557538
-0.88,0.21,-0.84361324
-0.87,0.21,-0.84157572
-0.86,0.21,-0.8394601
-0.85,0.21,-0.83726362
-0.84,0.21,-0.83498339
-0.83,0.21,-0.83261648
-0.82,0.21,-0.83015983
-0.81,0.21,-0.82761034
-0.8,0.21,-0.82496479
-0.79,0.21,-0.82221989
-0.78,0.21,-0.81937226
-0.77,0.21,-0.81641843
-0.76,0.21,-0.81335483
-0.75,0.21,-0.81017784
-0.74,0.21,-0.80688372
-0.73,0.21,-0.80346865
-0.72,0.21,-0.79992873
-0.71,0.21,-0.79625999
-0.7,0.21,-0.79245835
-0.69,0.21,-0.78851966
-0.68,0.21,-0.78443972
-0.67,0.21,-0.78021422
-0.66,0.21,-0.7758388
-0.65,0.21,-0.77130902
-0.64,0.21,-0.76662038
-0.63,0.21,-0.76176834
-0.62,0.21,-0.75674829
-0.61,0.21,-0.75155557
-0.6,0.21,-0.74618549
-0.59,0.21,-0.74063332
-0.58,0.21,-0.73489433
-0.57,0.21,-0.72896374
-0.56,0.21,-0.72283677
-0.55,0.21,-0.71650867
-0.54,0.21,-0.70997467
-0.53,0.21,-0.70323005
-0.52,0.21,-0.69627011
-0.51,0.21,-0.68909022
-0.5,0.21,-0.6816858
-0.49,0.21,-0.67405235
-0.48,0.21,-0.66618548
-0.47,0.21,-0.6580809
-0.46,0.21,-0.64973445
-0.45,0.21,-0.64114211
-0.44,0.21,-0.63230004
-0.43,0.21,-0.62320458
-0.42,0.21,-0.61385227
-0.41,0.21,-0.60423986
-0.4,0.21,-0.59436438
-0.39,0.21,-0.58422309
-0.38,0.21,-0.57381357
-0.37,0.21,-0.56313368
-0.36,0.21,-0.55218164
-0.35,0.21,-0.540956
-0.34,0.21,-0.52945571
-0.33,0.21,-0.51768008
-0.32,0.21,-0.50562888
-0.31,0.21,-0.4933023
-0.3,0.21,-0.48070099
-0.29,0.21,-0.46782607
-0.28,0.21,-0.45467917
-0.27,0.21,-0.44126244
-0.26,0.21,-0.42757854
-0.25,0.21,-0.41363067
-0.24,0.21,-0.39942262
-0.23,0.21,-0.3849587
-0.22,0.21,-0.37024384
-0.21,0.21,-0.3552835
-0.2,0.21,-0.34008377
-0.19,0.21,-0.3246513
-0.18,0.21,-0.30899332
-0.17,0.21,-0.29311765
-0.16,0.21,-0.27703268
-0.15,0.21,-0.26074737
-0.14,0.21,-0.2442712
-0.13,0.21,-0.22761421
-0.12,0.21,-0.21078695
-0.11,0.21,-0.19380045
-0.1,0.21,-0.17666621
-0.09,0.21,-0.15939618
-0.08,0.21,-0.14200271
-0.07,0.21,-0.12449852
-0.06,0.21,-0.10689669
-0.05,0.21,-0.08921058
-0.04,0.21,-0.071453831
-0.03,0.21,-0.053640297
-0.02,0.21,-0.035784017
-0.01,0.21,-0.017899164
0,0.21,0
0.01,0.21,0.017899164
0.02,0.21,0.035784017
0.03,0.21,0.053640297
0.04,0.21,0.071453831
0.05,0.21,0.08921058
0.06,0.21,0.10689669
0.07,0.21,0.12449852
0.08,0.21,0.14200271
0.09,0.21,0.15939618
0.1,0.21,0.17666621
0.11,0.21,0.19380045
0.12,0.21,0.21078695
0.13,0.21,0.22761421
0.14,0.21,0.2442712
0.15,0.21,0.26074737
0.16,0.21,0.27703268
0.17,0.21,0.29311765
0.18,0.21,0.30899332
0.19,0.21,0.3246513
0.2,0.21,0.34008377
0.21,0.21,0.3552835
0.22,0.21,0.37024384
0.23,0.21,0.3849587
0.24,0.21,0.39942262
0.25,0.21,0.41363067
0.26,0.21,0.42757854
0.27,0.21,0.44126244
0.28,0.21,0.45467917
0.29,0.21,0.46782607
0.3,0.21,0.48070099
0.31,0.21,0.4933023
0.32,0.21,0.50562888
0.33,0.21,0.51768008
0.34,0.21,0.52945571
0.35,0.21,0.540956
0.36,0.21,0.55218164
0.37,0.21,0.56313368
0.38,0.21,0.57381357
0.39,0.21,0.58422309
0.4,0.21,0.59436438
0.41,0.21,0.60423986
0.42,0.21,0.61385227
0.43,0.21,0.62320458
0.44,0.21,0.63230004
0.45,0.21,0.64114211
0.46,0.21,0.64973445
0.47,0.21,0.6580809
0.48,0.21,0.66618548
0.49,0.21,0.67405235
0.5,0.21,0.6816858
0.51,0.21,0.68909022
0.52,0.21,0.69627011
0.53,0.21,0.70323005
0.54,0.21,0.70997467
0.55,0.21,0.71650867
0.56,0.21,0.72283677
0.57,0.21,0.72896374
0.58,0.21,0.73489433
0.59,0.21,0.74063332
0.6,0.21,0.74618549
0.61,0.21,0.75155557
0.62,0.21,0.75674829
0.63,0.21,0.76176834
0.64,0.21,0.76662038
0.65,0.21,0.77130902
0.66,0.21,0.7758388
0.67,0.21,0.78021422
0.68,0.21,0.78443972
0.69,0.21,0.78851966
0.7,0.21,0.79245835
0.71,0.21,0.79625999
0.72,0.21,0.79992873
0.73,0.21,0.80346865
0.74,0.21,0.80688372
0.75,0.21,0.81017784
0.76,0.21,0.81335483
0.77,0.21,0.81641843
0.78,0.21,0.81937226
0.79,0.21,0.82221989
0.8,0.21,0.82496479
0.81,0.21,0.82761034
0.82,0.21,0.83015983
0.83,0.21,0.83261648
0.84,0.21,0.83498339
0.85,0.21,0.83726362
0.86,0.21,0.8394601
0.87,0.21,0.84157572
0.88,0.21,0.84361324
0.89,0.21,0.84557538
0.9,0.21,0.84746476
0.91,0.21,0.84928393
0.92,0.21,0.85103535
0.93,0.21,0.8527214
0.94,0.21,0.85434442
0.95,0.21,0.85590664
0.96,0.21,0.85741023
0.97,0.21,0.85885731
0.98,0.21,0.86024989
0.99,0.21,0.86158995
1,0.21,0.8628794
-1,0.22,-0.8534118
-0.99,0.22,-0.8521365
-0.98,0.22,-0.85081114
-0.97,0.22,-0.84943383
-0.96,0.22,-0.84800264
-0.95,0.22,-0.84651554
-0.94,0.22,-0.84497046
-0.93,0.22,-0.84336525
-0.92,0.22,-0.8416977
-0.91,0.22,-0.8399655
-0.9,0.22,-0.83816629
-0.89,0.22,-0.83629764
-0.88,0.22,-0.83435703
-0.87,0.22,-0.83234186
-0.86,0.22,-0.83024946
-0.85,0.22,-0.82807707
-0.84,0.22,-0.82582187
-0.83,0.22,-0.82348092
-0.82,0.22,-0.82105123
-0.81,0.22,-0.81852971
-0.8,0.22,-0.81591319
-0.79,0.22,-0.81319841
-0.78,0.22,-0.81038202
-0.77,0.22,-0.8074606
-0.76,0.22,-0.80443062
-0.75,0.22,-0.80128848
-0.74,0.22,-0.79803051
-0.73,0.22,-0.79465291
-0.72,0.22,-0.79115183
-0.71,0.22,-0.78752334
-0.7,0.22,-0.78376341
-0.69,0.22,-0.77986794
-0.68,0.22,-0.77583277
-0.67,0.22,-0.77165363
-0.66,0.22,-0.76732621
-0.65,0.22,-0.76284613
-0.64,0.22,-0.75820894
-0.63,0.22,-0.75341014
-0.62,0.22,-0.74844516
-0.61,0.22,-0.74330942
-0.6,0.22,-0.73799826
-0.59,0.22,-0.73250702
-0.58,0.22,-0.72683099
-0.57,0.22,-0.72096547
-0.56,0.22,-0.71490573
-0.55,0.22,-0.70864706
-0.54,0.22,-0.70218475
-0.53,0.22,-0.69551413
-0.52,0.22,-0.68863056
-0.51,0.22,-0.68152945
-0.5,0.22,-0.67420627
-0.49,0.22,-0.66665658
-0.48,0.22,-0.65887602
-0.47,0.22,-0.65086037
-0.46,0.22,-0.64260549
-0.45,0.22,-0.63410743
-0.44,0.22,-0.62536238
-0.43,0.22,-0.61636671
-0.42,0.22,-0.60711701
-0.41,0.22,-0.59761008
-0.4,0.22,-0.58784295
-0.39,0.22,-0.57781293
-0.38,0.22,-0.56751762
-0.37,0.22,-0.55695492
-0.36,0.22,-0.54612305
-0.35,0.22,-0.53502058
-0.34,0.22,-0.52364646
-0.33,0.22,-0.51200004
-0.32,0.22,-0.50008107
-0.31,0.22,-0.48788974
-0.3,0.22,-0.47542669
-0.29,0.22,-0.46269303
-0.28,0.22,-0.44969039
-0.27,0.22,-0.43642086
-0.26,0.22,-0.4228871
-0.25,0.22,-0.40909227
-0.24,0.22,-0.39504011
-0.23,0.22,-0.3807349
-0.22,0.22,-0.36618148
-0.21,0.22,-0.35138529
-0.2,0.22,-0.33635233
-0.19,0.22,-0.32108919
-0.18,0.22,-0.30560301
-0.17,0.22,-0.28990153
-0.16,0.22,-0.27399305
-0.15,0.22,-0.25788642
-0.14,0.22,-0.24159103
-0.13,0.22,-0.2251168
-0.12,0.22,-0.20847417
-0.11,0.22,-0.19167405
-0.1,0.22,-0.17472781
-0.09,0.22,-0.15764727
-0.08,0.22,-0.14044464
-0.07,0.22,-0.12313251
-0.06,0.22,-0.10572381
-0.05,0.22,-0.088231752
-0.04,0.22,-0.070669832
-0.03,0.22,-0.05305175
-0.02,0.22,-0.035391391
-0.01,0.22,-0.017702772
0,0.22,0
0.01,0.22,0.017702772
0.02,0.22,0.035391391
0.03,0.22,0.05305175
0.04,0.22,0.070669832
0.05,0.22,0.088231752
0.06,0.22,0.10572381
0.07,0.22,0.12313251
0.08,0.22,0.14044464
0.09,0.22,0.15764727
0.1,0.22,0.17472781
0.11,0.22,0.19167405
0.12,0.22,0.20847417
0.13,0.22,0.2251168
0.14,0.22,0.24159103
0.15,0.22,0.25788642
0.16,0.22,0.27399305
0.17,0.22,0.28990153
0.18,0.22,0.30560301
0.19,0.22,0.32108919
0.2,0.22,0.33635233
0.21,0.22,0.35138529
0.22,0.22,0.36618148
0.23,0.22,0.3807349
0.24,0.22,0.39504011
0.25,0.22,0.40909227
0.26,0.22,0.4228871
0.27,0.22,0.43642086
0.28,0.22,0.44969039
0.29,0.22,0.46269303
0.3,0.22,0.47542669
0.31,0.22,0.48788974
0.32,0.22,0.50008107
0.33,0.22,0.51200004
0.34,0.22,0.52364646
0.35,0.22,0.53502058
0.36,0.22,0.54612305
0.37,0.22,0.55695492
0.38,0.22,0.56751762
0.39,0.22,0.57781293
0.4,0.22,0.58784295
0.41,0.22,0.59761008
0.42,0.22,0.60711701
0.43,0.22,0.61636671
0.44,0.22,0.62536238
0.45,0.22,0.63410743
0.46,0.22,0.64260549
0.47,0.22,0.65086037
0.48,0.22,0.65887602
0.49,0.22,0.66665658
0.5,0.22,0.67420627
0.51,0.22,0.68152945
0.52,0.22,0.68863056
0.53,0.22,0.69551413
0.54,0.22,0.70218475
0.55,0.22,0.70864706
0.56,0.22,0.71490573
0.57,0.22,0.72096547
0.58,0.22,0.72683099
0.59,0.22,0.73250702
0.6,0.22,0.73799826
0.61,0.22,0.74330942
0.62,0.22,0.74844516
0.63,0.22,0.75341014
0.64,0.22,0.75820894
0.65,0.22,0.76284613
0.66,0.22,0.76732621
0.67,0.22,0.77165363
0.68,0.22,0.77583277
0.69,0.22,0.77986794
0.7,0.22,0.78376341
0.71,0.22,0.78752334
0.72,0.22,0.79115183
0.73,0.22,0.79465291
0.74,0.22,0.79803051
0.75,0.22,0.80128848
0.76,0.22,0.80443062
0.77,0.22,0.8074606
0.78,0.22,0.81038202
0.79,0.22,0.81319841
0.8,0.22,0.81591319
0.81,0.22,0.81852971
0.82,0.22,0.82105123
0.83,0.22,0.82348092
0.84,0.22,0.82582187
0.85,0.22,0.82807707
0.86,0.22,0.83024946
0.87,0.22,0.83234186
0.88,0.22,0.83435703
0.89,0.22,0.83629764
0.9,0.22,0.83816629
0.91,0.22,0.8399655
0.92,0.22,0.8416977
0.93,0.22,0.84336525
0.94,0.22,0.84497046
0.95,0.22,0.84651554
0.96,0.22,0.84800264
0.97,0.22,0.84943383
0.98,0.22,0.85081114
0.99,0.22,0.8521365
1,0.22,0.8534118
-1,0.23,-0.84357767
-0.99,0.23,-0.84231706
-0.98,0.23,-0.84100698
-0.97,0.23,-0.83964554
-0.96,0.23,-0.83823084
-0.95,0.23,-0.83676088
-0.94,0.23,-0.83523361
-0.93,0.23,-0.8336469
-0.92,0.23,-0.83199855
-0.91,0.23,-0.83028631
-0.9,0.23,-0.82850784
-0.89,0.23,-0.82666072
-0.88,0.23,-0.82474247
-0.87,0.23,-0.82275053
-0.86,0.23,-0.82068224
-0.85,0.23,-0.81853488
-0.84,0.23,-0.81630567
-0.83,0.23,-0.81399169
-0.82,0.23,-0.81159
-0.81,0.23,-0.80909754
-0.8,0.23,-0.80651117
-0.79,0.23,-0.80382767
-0.78,0.23,-0.80104374
-0.77,0.23,-0.79815598
-0.76,0.23,-0.79516092
-0.75,0.23,-0.79205499
-0.74,0.23,-0.78883455
-0.73,0.23,-0.78549587
-0.72,0.23,-0.78203514
-0.71,0.23,-0.77844846
-0.7,0.23,-0.77473186
-0.69,0.23,-0.77088128
-0.68,0.23,-0.7668926
-0.67,0.23,-0.76276162
-0.66,0.23,-0.75848407
-0.65,0.23,-0.75405562
-0.64,0.23,-0.74947187
-0.63,0.23,-0.74472836
-0.62,0.23,-0.7398206
-0.61,0.23,-0.73474403
-0.6,0.23,-0.72949408
-0.59,0.23,-0.72406611
-0.58,0.23,-0.71845549
-0.57,0.23,-0.71265756
-0.56,0.23,-0.70666765
-0.55,0.23,-0.7004811
-0.54,0.23,-0.69409326
-0.53,0.23,-0.68749951
-0.52,0.23,-0.68069526
-0.51,0.23,-0.67367597
-0.5,0.23,-0.66643718
-0.49,0.23,-0.65897449
-0.48,0.23,-0.65128359
-0.47,0.23,-0.6433603
-0.46,0.23,-0.63520055
-0.45,0.23,-0.62680042
-0.44,0.23,-0.61815614
-0.43,0.23,-0.60926413
-0.42,0.23,-0.60012102
-0.41,0.23,-0.59072363
-0.4,0.23,-0.58106905
-0.39,0.23,-0.57115462
-0.38,0.23,-0.56097794
-0.37,0.23,-0.55053696
-0.36,0.23,-0.5398299
-0.35,0.23,-0.52885537
-0.34,0.23,-0.51761232
-0.33,0.23,-0.50610011
-0.32,0.23,-0.49431848
-0.31,0.23,-0.48226763
-0.3,0.23,-0.4699482
-0.29,0.23,-0.45736128
-0.28,0.23,-0.44450846
-0.27,0.23,-0.43139185
-0.26,0.23,-0.41801404
-0.25,0.23,-0.40437818
-0.24,0.23,-0.39048794
-0.23,0.23,-0.37634757
-0.22,0.23,-0.36196186
-0.21,0.23,-0.34733617
-0.2,0.23,-0.33247644
-0.19,0.23,-0.31738918
-0.18,0.23,-0.30208145
-0.17,0.23,-0.28656091
-0.16,0.23,-0.27083574
-0.15,0.23,-0.25491471
-0.14,0.23,-0.2388071
-0.13,0.23,-0.22252271
-0.12,0.23,-0.20607186
-0.11,0.23,-0.18946533
-0.1,0.23,-0.17271437
-0.09,0.23,-0.15583065
-0.08,0.23,-0.13882625
-0.07,0.23,-0.12171362
-0.06,0.23,-0.10450552
-0.05,0.23,-0.08721503
-0.04,0.23,-0.069855481
-0.03,0.23,-0.052440419
-0.02,0.23,-0.034983565
-0.01,0.23,-0.017498778
0,0.23,0
0.01,0.23,0.017498778
0.02,0.23,0.034983565
0.03,0.23,0.052440419
0.04,0.23,0.069855481
0.05,0.23,0.08721503
0.06,0.23,0.10450552
0.07,0.23,0.12171362
0.08,0.23,0.13882625
0.09,0.23,0.15583065
0.1,0.23,0.17271437
0.11,0.23,0.18946533
0.12,0.23,0.20607186
0.13,0.23,0.22252271
0.14,0.23,0.2388071
0.15,0.23,0.25491471
0.16,0.23,0.27083574
0.17,0.23,0.28656091
0.18,0.23,0.30208145
0.19,0.23,0.31738918
0.2,0.23,0.33247644
0.21,0.23,0.34733617
0.22,0.23,0.36196186
0.23,0.23,0.37634757
0.24,0.23,0.39048794
0.25,0.23,0.40437818
0.26,0.23,0.41801404
0.27,0.23,0.43139185
0.28,0.23,0.44450846
0.29,0.23,0.45736128
0.3,0.23,0.4699482
0.31,0.23,0.48226763
0.32,0.23,0.49431848
0.33,0.23,0.50610011
0.34,0.23,0.51761232
0.35,0.23,0.52885537
0.36,0.23,0.5398299
0.37,0.23,0.55053696
0.38,0.23,0.56097794
0.39,0.23,0.57115462
0.4,0.23,0.58106905
0.41,0.23,0.59072363
0.42,0.23,0.60012102
0.43,0.23,0.60926413
0.44,0.23,0.61815614
0.45,0.23,0.62680042
0.46,0.23,0.63520055
0.47,0.23,0.6433603
0.48,0.23,0.65128359
0.49,0.23,0.65897449
0.5,0.23,0.66643718
0.51,0.23,0.67367597
0.52,0.23,0.68069526
0.53,0.23,0.68749951
0.54,0.23,0.69409326
0.55,0.23,0.7004811
0.56,0.23,0.70666765
0.57,0.23,0.71265756
0.58,0.23,0.71845549
0.59,0.23,0.72406611
0.6,0.23,0.72949408
0.61,0.23,0.73474403
0.62,0.23,0.7398206
0.63,0.23,0.74472836
0.64,0.23,0.74947187
0.65,0.23,0.75405562
0.66,0.23,0.75848407
0.67,0.23,0.76276162
0.68,0.23,0.7668926
0.69,0.23,0.77088128
0.7,0.23,0.77473186
0.71,0.23,0.77844846
0.72,0.23,0.78203514
0.73,0.23,0.78549587
0.74,0.23,0.78883455
0.75,0.23,0.79205499
0.76,0.23,0.79516092
0.77,0.23,0.79815598
0.78,0.23,0.80104374
0.79,0.23,0.80382767
0.8,0.23,0.80651117
0.81,0.23,0.80909754
0.82,0.23,0.81159
0.83,0.23,0.81399169
0.84,0.23,0.81630567
0.85,0.23,0.81853488
0.86,0.23,0.82068224
0.87,0.23,0.82275053
0.88,0.23,0.82474247
0.89,0.23,0.82666072
0.9,0.23,0.82850784
0.91,0.23,0.83028631
0.92,0.23,0.83199855
0.93,0.23,0.8336469
0.94,0.23,0.83523361
0.95,0.23,0.83676088
0.96,0.23,0.83823084
0.97,0.23,0.83964554
0.98,0.23,0.84100698
0.99,0.23,0.84231706
1,0.23,0.84357767
-1,0.24,-0.83338672
-0.99,0.24,-0.83214134
-0.98,0.24,-0.83084708
-0.97,0.24,-0.8295021
-0.96,0.24,-0.82810448
-0.95,0.24,-0.82665228
-0.94,0.24,-0.82514346
-0.93,0.24,-0.82357592
-0.92,0.24,-0.82194749
-0.91,0.24,-0.82025593
-0.9,0.24,-0.81849895
-0.89,0.24,-0.81667414
-0.88,0.24,-0.81477907
-0.87,0.24,-0.81281118
-0.86,0.24,-0.81076788
-0.85,0.24,-0.80864647
-0.84,0.24,-0.80644418
-0.83,0.24,-0.80415816
-0.82,0.24,-0.80178549
-0.81,0.24,-0.79932313
-0.8,0.24,-0.79676801
-0.79,0.24,-0.79411693
-0.78,0.24,-0.79136662
-0.77,0.24,-0.78851375
-0.76,0.24,-0.78555487
-0.75,0.24,-0.78248647
-0.74,0.24,-0.77930493
-0.73,0.24,-0.77600659
-0.72,0.24,-0.77258767
-0.71,0.24,-0.76904432
-0.7,0.24,-0.76537261
-0.69,0.24,-0.76156855
-0.68,0.24,-0.75762806
-0.67,0.24,-0.75354698
-0.66,0.24,-0.74932111
-0.65,0.24,-0.74494615
-0.64,0.24,-0.74041777
-0.63,0.24,-0.73573157
-0.62,0.24,-0.7308831
-0.61,0.24,-0.72586786
-0.6,0.24,-0.72068133
-0.59,0.24,-0.71531894
-0.58,0.24,-0.7097761
-0.57,0.24,-0.70404821
-0.56,0.24,-0.69813066
-0.55,0.24,-0.69201885
-0.54,0.24,-0.68570818
-0.53,0.24,-0.67919408
-0.52,0.24,-0.67247203
-0.51,0.24,-0.66553754
-0.5,0.24,-0.6583862
-0.49,0.24,-0.65101366
-0.48,0.24,-0.64341568
-0.47,0.24,-0.6355881
-0.46,0.24,-0.62752693
-0.45,0.24,-0.61922827
-0.44,0.24,-0.61068842
-0.43,0.24,-0.60190384
-0.42,0.24,-0.59287118
-0.41,0.24,-0.58358732
-0.4,0.24,-0.57404937
-0.39,0.24,-0.56425471
-0.38,0.24,-0.55420098
-0.37,0.24,-0.54388612
-0.36,0.24,-0.53330842
-0.35,0.24,-0.52246646
-0.34,0.24,-0.51135924
-0.33,0.24,-0.4999861
-0.32,0.24,-0.4883468
-0.31,0.24,-0.47644154
-0.3,0.24,-0.46427093
-0.29,0.24,-0.45183607
-0.28,0.24,-0.43913852
-0.27,0.24,-0.42618036
-0.26,0.24,-0.41296417
-0.25,0.24,-0.39949303
-0.24,0.24,-0.3857706
-0.23,0.24,-0.37180105
-0.22,0.24,-0.35758913
-0.21,0.24,-0.34314013
-0.2,0.24,-0.32845992
-0.19,0.24,-0.31355492
-0.18,0.24,-0.29843212
-0.17,0.24,-0.28309907
-0.16,0.24,-0.26756388
-0.15,0.24,-0.25183518
-0.14,0.24,-0.23592216
-0.13,0.24,-0.2198345
-0.12,0.24,-0.20358238
-0.11,0.24,-0.18717647
-0.1,0.24,-0.17062787
-0.09,0.24,-0.15394812
-0.08,0.24,-0.13714914
-0.07,0.24,-0.12024324
-0.06,0.24,-0.10324303
-0.05,0.24,-0.086161418
-0.04,0.24,-0.069011583
-0.03,0.24,-0.051806905
-0.02,0.24,-0.034560942
-0.01,0.24,-0.017287381
0,0.24,0
0.01,0.24,0.017287381
0.02,0.24,0.034560942
0.03,0.24,0.051806905
0.04,0.24,0.069011583
0.05,0.24,0.086161418
0.06,0.24,0.10324303
0.07,0.24,0.12024324
0.08,0.24,0.13714914
0.09,0.24,0.15394812
0.1,0.24,0.17062787
0.11,0.24,0.18717647
0.12,0.24,0.20358238
0.13,0.24,0.2198345
0.14,0.24,0.23592216
0.15,0.24,0.25183518
0.16,0.24,0.26756388
0.17,0.24,0.28309907
0.18,0.24,0.29843212
0.19,0.24,0.31355492
0.2,0.24,0.32845992
0.21,0.24,0.34314013
0.22,0.24,0.35758913
0.23,0.24,0.37180105
0.24,0.24,0.3857706
0.25,0.24,0.39949303
0.26,0.24,0.41296417
0.27,0.24,0.42618036
0.28,0.24,0.43913852
0.29,0.24,0.45183607
0.3,0.24,0.46427093
0.31,0.24,0.47644154
0.32,0.24,0.4883468
0.33,0.24,0.4999861
0.34,0.24,0.51135924
0.35,0.24,0.52246646
0.36,0.24,0.53330842
0.37,0.24,0.54388612
0.38,0.24,0.55420098
0.39,0.24,0.56425471
0.4,0.24,0.57404937
0.41,0.24,0.58358732
0.42,0.24,0.59287118
0.43,0.24,0.60190384
0.44,0.24,0.61068842
0.45,0.24,0.61922827
0.46,0.24,0.62752693
0.47,0.24,0.6355881
0.48,0.24,0.64341568
0.49,0.24,0.65101366
0.5,0.24,0.6583862
0.51,0.24,0.66553754
0.52,0.24,0.67247203
0.53,0.24,0.67919408
0.54,0.24,0.68570818
0.55,0.24,0.69201885
0.56,0.24,0.69813066
0.57,0.24,0.70404821
0.58,0.24,0.7097761
0.59,0.24,0.71531894
0.6,0.24,0.72068133
0.61,0.24,0.72586786
0.62,0.24,0.7308831
0.63,0.24,0.73573157
0.64,0.24,0.74041777
0.65,0.24,0.74494615
0.66,0.24,0.74932111
0.67,0.24,0.75354698
0.68,0.24,0.75762806
0.69,0.24,0.76156855
0.7,0.24,0.76537261
0.71,0.24,0.76904432
0.72,0.24,0.77258767
0.73,0.24,0.77600659
0.74,0.24,0.77930493
0.75,0.24,0.78248647
0.76,0.24,0.78555487
0.77,0.24,0.78851375
0.78,0.24,0.79136662
0.79,0.24,0.79411693
0.8,0.24,0.79676801
0.81,0.24,0.79932313
0.82,0.24,0.80178549
0.83,0.24,0.80415816
0.84,0.24,0.80644418
0.85,0.24,0.80864647
0.86,0.24,0.81076788
0.87,0.24,0.81281118
0.88,0.24,0.81477907
0.89,0.24,0.81667414
0.9,0.24,0.81849895
0.91,0.24,0.82025593
0.92,0.24,0.82194749
0.93,0.24,0.82357592
0.94,0.24,0.82514346
0.95,0.24,0.82665228
0.96,0.24,0.82810448
0.97,0.24,0.8295021
0.98,0.24,0.83084708
0.99,0.24,0.83214134
1,0.24,0.83338672
-1,0.25,-0.82284901
-0.99,0.25,-0.82161938
-0.98,0.25,-0.82034148
-0.97,0.25,-0.8190135
-0.96,0.25,-0.81763356
-0.95,0.25,-0.81619972
-0.94,0.25,-0.81470998
-0.93,0.25,-0.81316226
-0.92,0.25,-0.81155442
-0.91,0.25,-0.80988425
-0.9,0.25,-0.80814948
-0.89,0.25,-0.80634775
-0.88,0.25,-0.80447664
-0.87,0.25,-0.80253364
-0.86,0.25,-0.80051617
-0.85,0.25,-0.79842158
-0.84,0.25,-0.79624714
-0.83,0.25,-0.79399003
-0.82,0.25,-0.79164735
-0.81,0.25,-0.78921614
-0.8,0.25,-0.78669332
-0.79,0.25,-0.78407576
-0.78,0.25,-0.78136023
-0.77,0.25,-0.77854343
-0.76,0.25,-0.77562197
-0.75,0.25,-0.77259236
-0.74,0.25,-0.76945106
-0.73,0.25,-0.76619442
-0.72,0.25,-0.76281873
-0.71,0.25,-0.75932018
-0.7,0.25,-0.7556949
-0.69,0.25,-0.75193894
-0.68,0.25,-0.74804827
-0.67,0.25,-0.7440188
-0.66,0.25,-0.73984636
-0.65,0.25,-0.73552672
-0.64,0.25,-0.7310556
-0.63,0.25,-0.72642866
-0.62,0.25,-0.72164149
-0.61,0.25,-0.71668967
-0.6,0.25,-0.71156872
-0.59,0.25,-0.70627413
-0.58,0.25,-0.70080137
-0.57,0.25,-0.69514591
-0.56,0.25,-0.68930319
-0.55,0.25,-0.68326865
-0.54,0.25,-0.67703778
-0.53,0.25,-0.67060605
-0.52,0.25,-0.663969
-0.51,0.25,-0.65712219
-0.5,0.25,-0.65006127
-0.49,0.25,-0.64278196
-0.48,0.25,-0.63528004
-0.47,0.25,-0.62755145
-0.46,0.25,-0.6195922
-0.45,0.25,-0.61139848
-0.44,0.25,-0.60296661
-0.43,0.25,-0.5942931
-0.42,0.25,-0.58537465
-0.41,0.25,-0.57620818
-0.4,0.25,-0.56679084
-0.39,0.25,-0.55712002
-0.38,0.25,-0.54719341
-0.37,0.25,-0.53700899
-0.36,0.25,-0.52656503
-0.35,0.25,-0.51586017
-0.34,0.25,-0.50489339
-0.33,0.25,-0.49366405
-0.32,0.25,-0.48217193
-0.31,0.25,-0.4704172
-0.3,0.25,-0.45840048
-0.29,0.25,-0.44612285
-0.28,0.25,-0.43358586
-0.27,0.25,-0.42079155
-0.26,0.25,-0.40774247
-0.25,0.25,-0.39444167
-0.24,0.25,-0.38089275
-0.23,0.25,-0.36709984
-0.22,0.25,-0.35306762
-0.21,0.25,-0.33880132
-0.2,0.25,-0.32430672
-0.19,0.25,-0.30959019
-0.18,0.25,-0.29465861
-0.17,0.25,-0.27951944
-0.16,0.25,-0.26418068
-0.15,0.25,-0.24865087
-0.14,0.25,-0.23293906
-0.13,0.25,-0.21705481
-0.12,0.25,-0.2010082
-0.11,0.25,-0.18480973
-0.1,0.25,-0.16847037
-0.09,0.25,-0.15200153
-0.08,0.25,-0.13541497
-0.07,0.25,-0.11872283
-0.06,0.25,-0.10193758
-0.05,0.25,-0.085071955
-0.04,0.25,-0.06813897
-0.03,0.25,-0.051151836
-0.02,0.25,-0.034123938
-0.01,0.25,-0.017068792
0,0.25,0
0.01,0.25,0.017068792
0.02,0.25,0.034123938
0.03,0.25,0.051151836
0.04,0.25,0.06813897
0.05,0.25,0.085071955
0.06,0.25,0.10193758
0.07,0.25,0.11872283
0.08,0.25,0.13541497
0.09,0.25,0.15200153
0.1,0.25,0.16847037
0.11,0.25,0.18480973
0.12,0.25,0.2010082
0.13,0.25,0.21705481
0.14,0.25,0.23293906
0.15,0.25,0.24865087
0.16,0.25,0.26418068
0.17,0.25,0.27951944
0.18,0.25,0.29465861
0.19,0.25,0.30959019
0.2,0.25,0.32430672
0.21,0.25,0.33880132
0.22,0.25,0.35306762
0.23,0.25,0.36709984
0.24,0.25,0.38089275
0.25,0.25,0.39444167
0.26,0.25,0.40774247
0.27,0.25,0.42079155
0.28,0.25,0.43358586
0.29,0.25,0.44612285
0.3,0.25,0.45840048
0.31,0.25,0.4704172
0.32,0.25,0.48217193
0.33,0.25,0.49366405
0.34,0.25,0.50489339
0.35,0.25,0.51586017
0.36,0.25,0.52656503
0.37,0.25,0.53700899
0.38,0.25,0.54719341
0.39,0.25,0.55712002
0.4,0.25,0.56679084
0.41,0.25,0.57620818
0.42,0.25,0.58537465
0.43,0.25,0.5942931
0.44,0.25,0.60296661
0.45,0.25,0.61139848
0.46,0.25,0.6195922
0.47,0.25,0.62755145
0.48,0.25,0.63528004
0.49,0.25,0.64278196
0.5,0.25,0.65006127
0.51,0.25,0.65712219
0.52,0.25,0.663969
0.53,0.25,0.67060605
0.54,0.25,0.67703778
0.55,0.25,0.68326865
0.56,0.25,0.68930319
0.57,0.25,0.69514591
0.58,0.25,0.70080137
0.59,0.25,0.70627413
0.6,0.25,0.71156872
0.61,0.25,0.71668967
0.62,0.25,0.72164149
0.63,0.25,0.72642866
0.64,0.25,0.7310556
0.65,0.25,0.73552672
0.66,0.25,0.73984636
0.67,0.25,0.7440188
0.68,0.25,0.74804827
0.69,0.25,0.75193894
0.7,0.25,0.7556949
0.71,0.25,0.75932018
0.72,0.25,0.76281873
0.73,0.25,0.76619442
0.74,0.25,0.76945106
0.75,0.25,0.77259236
0.76,0.25,0.77562197
0.77,0.25,0.77854343
0.78,0.25,0.78136023
0.79,0.25,0.78407576
0.8,0.25,0.78669332
0.81,0.25,0.78921614
0.82,0.25,0.79164735
0.83,0.25,0.79399003
0.84,0.25,0.79624714
0.85,0.25,0.79842158
0.86,0.25,0.80051617
0.87,0.25,0.80253364
0.88,0.25,0.80447664
0.89,0.25,0.80634775
0.9,0.25,0.80814948
0.91,0.25,0.80988425
0.92,0.25,0.81155442
0.93,0.25,0.81316226
0.94,0.25,0.81470998
0.95,0.25,0.81619972
0.96,0.25,0.81763356
0.97,0.25,0.8190135
0.98,0.25,0.82034148
0.99,0.25,0.82161938
1,0.25,0.82284901
-1,0.26,-0.81197494
-0.99,0.26,-0.81076156
-0.98,0.26,-0.80950055
-0.97,0.26,-0.80819012
-0.96,0.26,-0.80682841
-0.95,0.26,-0.80541352
-0.94,0.26,-0.80394346
-0.93,0.26,-0.80241619
-0.92,0.26,-0.8008296
-0.91,0.26,-0.79918151
-0.9,0.26,-0.79746966
-0.89,0.26,-0.79569174
-0.88,0.26,-0.79384536
-0.87,0.26,-0.79192803
-0.86,0.26,-0.78993723
-0.85,0.26,-0.78787032
-0.84,0.26,-0.78572462
-0.83,0.26,-0.78349733
-0.82,0.26,-0.78118561
-0.81,0.26,-0.77878653
-0.8,0.26,-0.77629705
-0.79,0.26,-0.77371408
-0.78,0.26,-0.77103444
-0.77,0.26,-0.76825486
-0.76,0.26,-0.76537201
-0.75,0.26,-0.76238244
-0.74,0.26,-0.75928264
-0.73,0.26,-0.75606904
-0.72,0.26,-0.75273796
-0.71,0.26,-0.74928565
-0.7,0.26,-0.74570828
-0.69,0.26,-0.74200195
-0.68,0.26,-0.7381627
-0.67,0.26,-0.73418648
-0.66,0.26,-0.73006918
-0.65,0.26,-0.72580663
-0.64,0.26,-0.72139459
-0.63,0.26,-0.71682879
-0.62,0.26,-0.71210489
-0.61,0.26,-0.70721851
-0.6,0.26,-0.70216523
-0.59,0.26,-0.69694061
-0.58,0.26,-0.69154018
-0.57,0.26,-0.68595945
-0.56,0.26,-0.68019394
-0.55,0.26,-0.67423916
-0.54,0.26,-0.66809062
-0.53,0.26,-0.66174389
-0.52,0.26,-0.65519455
-0.51,0.26,-0.64843822
-0.5,0.26,-0.64147062
-0.49,0.26,-0.6342875
-0.48,0.26,-0.62688472
-0.47,0.26,-0.61925826
-0.46,0.26,-0.61140419
-0.45,0.26,-0.60331875
-0.44,0.26,-0.59499831
-0.43,0.26,-0.58643942
-0.42,0.26,-0.57763884
-0.41,0.26,-0.5685935
-0.4,0.26,-0.55930061
-0.39,0.26,-0.5497576
-0.38,0.26,-0.53996217
-0.37,0.26,-0.52991233
-0.36,0.26,-0.51960639
-0.35,0.26,-0.50904299
-0.34,0.26,-0.49822114
-0.33,0.26,-0.48714021
-0.32,0.26,-0.47579995
-0.31,0.26,-0.46420056
-0.3,0.26,-0.45234265
-0.29,0.26,-0.44022727
-0.28,0.26,-0.42785596
-0.27,0.26,-0.41523073
-0.26,0.26,-0.40235409
-0.25,0.26,-0.38922906
-0.24,0.26,-0.37585919
-0.23,0.26,-0.36224856
-0.22,0.26,-0.34840177
-0.21,0.26,-0.33432401
-0.2,0.26,-0.32002096
-0.19,0.26,-0.30549891
-0.18,0.26,-0.29076465
-0.17,0.26,-0.27582555
-0.16,0.26,-0.26068949
-0.15,0.26,-0.24536491
-0.14,0.26,-0.22986073
-0.13,0.26,-0.2141864
-0.12,0.26,-0.19835184
-0.11,0.26,-0.18236744
-0.1,0.26,-0.16624401
-0.09,0.26,-0.14999281
-0.08,0.26,-0.13362544
-0.07,0.26,-0.11715389
-0.06,0.26,-0.10059046
-0.05,0.26,-0.083947716
-0.04,0.26,-0.067238503
-0.03,0.26,-0.050475857
-0.02,0.26,-0.033672985
-0.01,0.26,-0.016843225
0,0.26,0
0.01,0.26,0.016843225
0.02,0.26,0.033672985
0.03,0.26,0.050475857
0.04,0.26,0.067238503
0.05,0.26,0.083947716
0.06,0.26,0.10059046
0.07,0.26,0.11715389
0.08,0.26,0.13362544
0.09,0.26,0.14999281
0.1,0.26,0.16624401
0.11,0.26,0.18236744
0.12,0.26,0.19835184
0.13,0.26,0.2141864
0.14,0.26,0.22986073
0.15,0.26,0.24536491
0.16,0.26,0.26068949
0.17,0.26,0.27582555
0.18,0.26,0.29076465
0.19,0.26,0.30549891
0.2,0.26,0.32002096
0.21,0.26,0.33432401
0.22,0.26,0.34840177
0.23,0.26,0.36224856
0.24,0.26,0.37585919
0.25,0.26,0.38922906
0.26,0.26,0.40235409
0.27,0.26,0.41523073
0.28,0.26,0.42785596
0.29,0.26,0.44022727
0.3,0.26,0.45234265
0.31,0.26,0.46420056
0.32,0.26,0.47579995
0.33,0.26,0.48714021
0.34,0.26,0.49822114
0.35,0.26,0.50904299
0.36,0.26,0.51960639
0.37,0.26,0.52991233
0.38,0.26,0.53996217
0.39,0.26,0.5497576
0.4,0.26,0.55930061
0.41,0.26,0.5685935
0.42,0.26,0.57763884
0.43,0.26,0.58643942
0.44,0.26,0.59499831
0.45,0.26,0.60331875
0.46,0.26,0.61140419
0.47,0.26,0.61925826
0.48,0.26,0.62688472
0.49,0.26,0.6342875
0.5,0.26,0.64147062
0.51,0.26,0.64843822
0.52,0.26,0.65519455
0.53,0.26,0.66174389
0.54,0.26,0.66809062
0.55,0.26,0.67423916
0.56,0.26,0.68019394
0.57,0.26,0.68595945
0.58,0.26,0.69154018
0.59,0.26,0.69694061
0.6,0.26,0.70216523
0.61,0.26,0.70721851
0.62,0.26,0.71210489
0.63,0.26,0.71682879
0.64,0.26,0.72139459
0.65,0.26,0.72580663
0.66,0.26,0.73006918
0.67,0.26,0.73418648
0.68,0.26,0.7381627
0.69,0.26,0.74200195
0.7,0.26,0.74570828
0.71,0.26,0.74928565
0.72,0.26,0.75273796
0.73,0.26,0.75606904
0.74,0.26,0.75928264
0.75,0.26,0.76238244
0.76,0.26,0.76537201
0.77,0.26,0.76825486
0.78,0.26,0.77103444
0.79,0.26,0.77371408
0.8,0.26,0.77629705
0.81,0.26,0.77878653
0.82,0.26,0.78118561
0.83,0.26,0.78349733
0.84,0.26,0.78572462
0.85,0.26,0.78787032
0.86,0.26,0.78993723
0.87,0.26,0.79192803
0.88,0.26,0.79384536
0.89,0.26,0.79569174
0.9,0.26,0.79746966
0.91,0.26,0.79918151
0.92,0.26,0.8008296
0.93,0.26,0.80241619
0.94,0.26,0.80394346
0.95,0.26,0.80541352
0.96,0.26,0.80682841
0.97,0.26,0.80819012
0.98,0.26,0.80950055
0.99,0.26,0.81076156
1,0.26,0.81197494
-1,0.27,-0.80077523
-0.99,0.27,-0.79957859
-0.98,0.27,-0.79833497
-0.97,0.27,-0.79704261
-0.96,0.27,-0.79569969
-0.95,0.27,-0.79430432
-0.94,0.27,-0.79285454
-0.93,0.27,-0.79134833
-0.92,0.27,-0.78978363
-0.91,0.27,-0.78815827
-0.9,0.27,-0.78647003
-0.89,0.27,-0.78471664
-0.88,0.27,-0.78289572
-0.87,0.27,-0.78100484
-0.86,0.27,-0.77904149
-0.85,0.27,-0.77700309
-0.84,0.27,-0.77488698
-0.83,0.27,-0.77269042
-0.82,0.27,-0.77041059
-0.81,0.27,-0.76804459
-0.8,0.27,-0.76558945
-0.79,0.27,-0.76304211
-0.78,0.27,-0.76039943
-0.77,0.27,-0.7576582
-0.76,0.27,-0.7548151
-0.75,0.27,-0.75186677
-0.74,0.27,-0.74880973
-0.73,0.27,-0.74564046
-0.72,0.27,-0.74235532
-0.71,0.27,-0.73895062
-0.7,0.27,-0.7354226
-0.69,0.27,-0.7317674
-0.68,0.27,-0.7279811
-0.67,0.27,-0.72405972
-0.66,0.27,-0.71999921
-0.65,0.27,-0.71579545
-0.64,0.27,-0.71144428
-0.63,0.27,-0.70694145
-0.62,0.27,-0.70228271
-0.61,0.27,-0.69746372
-0.6,0.27,-0.69248015
-0.59,0.27,-0.68732759
-0.58,0.27,-0.68200165
-0.57,0.27,-0.6764979
-0.56,0.27,-0.67081191
-0.55,0.27,-0.66493926
-0.54,0.27,-0.65887554
-0.53,0.27,-0.65261635
-0.52,0.27,-0.64615734
-0.51,0.27,-0.63949421
-0.5,0.27,-0.6326227
-0.49,0.27,-0.62553866
-0.48,0.27,-0.618238
-0.47,0.27,-0.61071673
-0.46,0.27,-0.60297099
-0.45,0.27,-0.59499708
-0.44,0.27,-0.5867914
-0.43,0.27,-0.57835057
-0.42,0.27,-0.56967137
-0.41,0.27,-0.5607508
-0.4,0.27,-0.55158608
-0.39,0.27,-0.5421747
-0.38,0.27,-0.53251438
-0.37,0.27,-0.52260316
-0.36,0.27,-0.51243937
-0.35,0.27,-0.50202168
-0.34,0.27,-0.4913491
-0.33,0.27,-0.480421
-0.32,0.27,-0.46923716
-0.31,0.27,-0.45779777
-0.3,0.27,-0.44610341
-0.29,0.27,-0.43415514
-0.28,0.27,-0.42195447
-0.27,0.27,-0.40950338
-0.26,0.27,-0.39680435
-0.25,0.27,-0.38386036
-0.24,0.27,-0.3706749
-0.23,0.27,-0.357252
-0.22,0.27,-0.34359621
-0.21,0.27,-0.32971262
-0.2,0.27,-0.31560686
-0.19,0.27,-0.30128511
-0.18,0.27,-0.28675409
-0.17,0.27,-0.27202104
-0.16,0.27,-0.25709376
-0.15,0.27,-0.24198055
-0.14,0.27,-0.22669022
-0.13,0.27,-0.21123209
-0.12,0.27,-0.19561594
-0.11,0.27,-0.17985201
-0.1,0.27,-0.16395098
-0.09,0.27,-0.14792393
-0.08,0.27,-0.13178232
-0.07,0.27,-0.11553797
-0.06,0.27,-0.099202994
-0.05,0.27,-0.082789811
-0.04,0.27,-0.066311071
-0.03,0.27,-0.049779635
-0.02,0.27,-0.033208528
-0.01,0.27,-0.016610904
0,0.27,0
0.01,0.27,0.016610904
0.02,0.27,0.033208528
0.03,0.27,0.049779635
0.04,0.27,0.066311071
0.05,0.27,0.082789811
0.06,0.27,0.099202994
0.07,0.27,0.11553797
0.08,0.27,0.13178232
0.09,0.27,0.14792393
0.1,0.27,0.16395098
0.11,0.27,0.17985201
0.12,0.27,0.19561594
0.13,0.27,0.21123209
0.14,0.27,0.22669022
0.15,0.27,0.24198055
0.16,0.27,0.25709376
0.17,0.27,0.27202104
0.18,0.27,0.28675409
0.19,0.27,0.30128511
0.2,0.27,0.31560686
0.21,0.27,0.32971262
0.22,0.27,0.34359621
0.23,0.27,0.357252
0.24,0.27,0.3706749
0.25,0.27,0.38386036
0.26,0.27,0.39680435
0.27,0.27,0.40950338
0.28,0.27,0.42195447
0.29,0.27,0.43415514
0.3,0.27,0.44610341
0.31,0.27,0.45779777
0.32,0.27,0.46923716
0.33,0.27,0.480421
0.34,0.27,0.4913491
0.35,0.27,0.50202168
0.36,0.27,0.51243937
0.37,0.27,0.52260316
0.38,0.27,0.53251438
0.39,0.27,0.5421747
0.4,0.27,0.55158608
0.41,0.27,0.5607508
0.42,0.27,0.56967137
0.43,0.27,0.57835057
0.44,0.27,0.5867914
0.45,0.27,0.59499708
0.46,0.27,0.60297099
0.47,0.27,0.61071673
0.48,0.27,0.618238
0.49,0.27,0.62553866
0.5,0.27,0.6326227
0.51,0.27,0.63949421
0.52,0.27,0.64615734
0.53,0.27,0.65261635
0.54,0.27,0.65887554
0.55,0.27,0.66493926
0.56,0.27,0.67081191
0.57,0.27,0.6764979
0.58,0.27,0.68200165
0.59,0.27,0.68732759
0.6,0.27,0.69248015
0.61,0.27,0.69746372
0.62,0.27,0.70228271
0.63,0.27,0.70694145
0.64,0.27,0.71144428
0.65,0.27,0.71579545
0.66,0.27,0.71999921
0.67,0.27,0.72405972
0.68,0.27,0.7279811
0.69,0.27,0.7317674
0.7,0.27,0.7354226
0.71,0.27,0.73895062
0.72,0.27,0.74235532
0.73,0.27,0.74564046
0.74,0.27,0.74880973
0.75,0.27,0.75186677
0.76,0.27,0.7548151
0.77,0.27,0.7576582
0.78,0.27,0.76039943
0.79,0.27,0.76304211
0.8,0.27,0.76558945
0.81,0.27,0.76804459
0.82,0.27,0.77041059
0.83,0.27,0.77269042
0.84,0.27,0.77488698
0.85,0.27,0.77700309
0.86,0.27,0.77904149
0.87,0.27,0.78100484
0.88,0.27,0.78289572
0.89,0.27,0.78471664
0.9,0.27,0.78647003
0.91,0.27,0.78815827
0.92,0.27,0.78978363
0.93,0.27,0.79134833
0.94,0.27,0.79285454
0.95,0.27,0.79430432
0.96,0.27,0.79569969
0.97,0.27,0.79704261
0.98,0.27,0.79833497
0.99,0.27,0.79957859
1,0.27,0.80077523
-1,0.28,-0.78926094
-0.99,0.28,-0.78808151
-0.98,0.28,-0.78685577
-0.97,0.28,-0.785582
-0.96,0.28,-0.78425839
-0.95,0.28,-0.78288308
-0.94,0.28,-0.78145414
-0.93,0.28,-0.7799696
-0.92,0.28,-0.77842739
-0.91,0.28,-0.7768254
-0.9,0.28,-0.77516144
-0.89,0.28,-0.77343326
-0.88,0.28,-0.77163852
-0.87,0.28,-0.76977483
-0.86,0.28,-0.76783971
-0.85,0.28,-0.76583063
-0.84,0.28,-0.76374494
-0.83,0.28,-0.76157997
-0.82,0.28,-0.75933292
-0.81,0.28,-0.75700094
-0.8,0.28,-0.7545811
-0.79,0.28,-0.75207039
-0.78,0.28,-0.74946571
-0.77,0.28,-0.74676389
-0.76,0.28,-0.74396167
-0.75,0.28,-0.74105573
-0.74,0.28,-0.73804265
-0.73,0.28,-0.73491895
-0.72,0.28,-0.73168105
-0.71,0.28,-0.72832531
-0.7,0.28,-0.72484801
-0.69,0.28,-0.72124537
-0.68,0.28,-0.71751352
-0.67,0.28,-0.71364852
-0.66,0.28,-0.7096464
-0.65,0.28,-0.70550309
-0.64,0.28,-0.70121447
-0.63,0.28,-0.69677639
-0.62,0.28,-0.69218464
-0.61,0.28,-0.68743495
-0.6,0.28,-0.68252303
-0.59,0.28,-0.67744456
-0.58,0.28,-0.6721952
-0.57,0.28,-0.66677059
-0.56,0.28,-0.66116636
-0.55,0.28,-0.65537815
-0.54,0.28,-0.64940162
-0.53,0.28,-0.64323243
-0.52,0.28,-0.63686629
-0.51,0.28,-0.63029897
-0.5,0.28,-0.62352627
-0.49,0.28,-0.61654409
-0.48,0.28,-0.6093484
-0.47,0.28,-0.60193528
-0.46,0.28,-0.59430092
-0.45,0.28,-0.58644166
-0.44,0.28,-0.57835397
-0.43,0.28,-0.57003451
-0.42,0.28,-0.56148011
-0.41,0.28,-0.5526878
-0.4,0.28,-0.54365487
-0.39,0.28,-0.53437881
-0.38,0.28,-0.5248574
-0.37,0.28,-0.51508869
-0.36,0.28,-0.50507105
-0.35,0.28,-0.49480315
-0.34,0.28,-0.48428402
-0.33,0.28,-0.47351306
-0.32,0.28,-0.46249004
-0.31,0.28,-0.45121513
-0.3,0.28,-0.43968892
-0.29,0.28,-0.42791246
-0.28,0.28,-0.41588722
-0.27,0.28,-0.40361516
-0.26,0.28,-0.39109873
-0.25,0.28,-0.37834086
-0.24,0.28,-0.365345
-0.23,0.28,-0.3521151
-0.22,0.28,-0.33865567
-0.21,0.28,-0.32497171
-0.2,0.28,-0.31106877
-0.19,0.28,-0.29695295
-0.18,0.28,-0.28263087
-0.17,0.28,-0.26810967
-0.16,0.28,-0.25339703
-0.15,0.28,-0.23850113
-0.14,0.28,-0.22343066
-0.13,0.28,-0.2081948
-0.12,0.28,-0.19280319
-0.11,0.28,-0.17726593
-0.1,0.28,-0.16159354
-0.09,0.28,-0.14579694
-0.08,0.28,-0.12988743
-0.07,0.28,-0.11387666
-0.06,0.28,-0.097776562
-0.05,0.28,-0.081599383
-0.04,0.28,-0.06535759
-0.03,0.28,-0.049063857
-0.02,0.28,-0.032731025
-0.01,0.28,-0.016372057
0,0.28,0
0.01,0.28,0.016372057
0.02,0.28,0.032731025
0.03,0.28,0.049063857
0.04,0.28,0.06535759
0.05,0.28,0.081599383
0.06,0.28,0.097776562
0.07,0.28,0.11387666
0.08,0.28,0.12988743
0.09,0.28,0.14579694
0.1,0.28,0.16159354
0.11,0.28,0.17726593
0.12,0.28,0.19280319
0.13,0.28,0.2081948
0.14,0.28,0.22343066
0.15,0.28,0.23850113
0.16,0.28,0.25339703
0.17,0.28,0.26810967
0.18,0.28,0.28263087
0.19,0.28,0.29695295
0.2,0.28,0.31106877
0.21,0.28,0.32497171
0.22,0.28,0.33865567
0.23,0.28,0.3521151
0.24,0.28,0.365345
0.25,0.28,0.37834086
0.26,0.28,0.39109873
0.27,0.28,0.40361516
0.28,0.28,0.41588722
0.29,0.28,0.42791246
0.3,0.28,0.43968892
0.31,0.28,0.45121513
0.32,0.28,0.46249004
0.33,0.28,0.47351306
0.34,0.28,0.48428402
0.35,0.28,0.49480315
0.36,0.28,0.50507105
0.37,0.28,0.51508869
0.38,0.28,0.5248574
0.39,0.28,0.53437881
0.4,0.28,0.54365487
0.41,0.28,0.5526878
0.42,0.28,0.56148011
0.43,0.28,0.57003451
0.44,0.28,0.57835397
0.45,0.28,0.58644166
0.46,0.28,0.59430092
0.47,0.28,0.60193528
0.48,0.28,0.6093484
0.49,0.28,0.61654409
0.5,0.28,0.62352627
0.51,0.28,0.63029897
0.52,0.28,0.63686629
0.53,0.28,0.64323243
0.54,0.28,0.64940162
0.55,0.28,0.65537815
0.56,0.28,0.66116636
0.57,0.28,0.66677059
0.58,0.28,0.6721952
0.59,0.28,0.67744456
0.6,0.28,0.68252303
0.61,0.28,0.68743495
0.62,0.28,0.69218464
0.63,0.28,0.69677639
0.64,0.28,0.70121447
0.65,0.28,0.70550309
0.66,0.28,0.7096464
0.67,0.28,0.71364852
0.68,0.28,0.71751352
0.69,0.28,0.72124537
0.7,0.28,0.72484801
0.71,0.28,0.72832531
0.72,0.28,0.73168105
0.73,0.28,0.73491895
0.74,0.28,0.73804265
0.75,0.28,0.74105573
0.76,0.28,0.74396167
0.77,0.28,0.74676389
0.78,0.28,0.74946571
0.79,0.28,0.75207039
0.8,0.28,0.7545811
0.81,0.28,0.75700094
0.82,0.28,0.75933292
0.83,0.28,0.76157997
0.84,0.28,0.76374494
0.85,0.28,0.76583063
0.86,0.28,0.76783971
0.87,0.28,0.76977483
0.88,0.28,0.77163852
0.89,0.28,0.77343326
0.9,0.28,0.77516144
0.91,0.28,0.7768254
0.92,0.28,0.77842739
0.93,0.28,0.7799696
0.94,0.28,0.78145414
0.95,0.28,0.78288308
0.96,0.28,0.78425839
0.97,0.28,0.785582
0.98,0.28,0.78685577
0.99,0.28,0.78808151
1,0.28,0.78926094
-1,0.29,-0.77744344
-0.99,0.29,-0.77628166
-0.98,0.29,-0.77507428
-0.97,0.29,-0.77381958
-0.96,0.29,-0.77251579
-0.95,0.29,-0.77116107
-0.94,0.29,-0.76975353
-0.93,0.29,-0.76829121
-0.92,0.29,-0.7667721
-0.91,0.29,-0.76519409
-0.9,0.29,-0.76355505
-0.89,0.29,-0.76185274
-0.88,0.29,-0.76008487
-0.87,0.29,-0.75824909
-0.86,0.29,-0.75634295
-0.85,0.29,-0.75436394
-0.84,0.29,-0.75230949
-0.83,0.29,-0.75017693
-0.82,0.29,-0.74796352
-0.81,0.29,-0.74566646
-0.8,0.29,-0.74328286
-0.79,0.29,-0.74080974
-0.78,0.29,-0.73824406
-0.77,0.29,-0.73558269
-0.76,0.29,-0.73282243
-0.75,0.29,-0.72996
-0.74,0.29,-0.72699204
-0.73,0.29,-0.7239151
-0.72,0.29,-0.72072568
-0.71,0.29,-0.71742019
-0.7,0.29,-0.71399496
-0.69,0.29,-0.71044626
-0.68,0.29,-0.70677028
-0.67,0.29,-0.70296316
-0.66,0.29,-0.69902096
-0.65,0.29,-0.69493968
-0.64,0.29,-0.69071528
-0.63,0.29,-0.68634365
-0.62,0.29,-0.68182065
-0.61,0.29,-0.67714207
-0.6,0.29,-0.6723037
-0.59,0.29,-0.66730127
-0.58,0.29,-0.66213051
-0.57,0.29,-0.65678712
-0.56,0.29,-0.6512668
-0.55,0.29,-0.64556526
-0.54,0.29,-0.63967821
-0.53,0.29,-0.63360139
-0.52,0.29,-0.62733057
-0.51,0.29,-0.62086158
-0.5,0.29,-0.61419029
-0.49,0.29,-0.60731265
-0.48,0.29,-0.6002247
-0.47,0.29,-0.59292258
-0.46,0.29,-0.58540253
-0.45,0.29,-0.57766094
-0.44,0.29,-0.56969435
-0.43,0.29,-0.56149946
-0.42,0.29,-0.55307314
-0.41,0.29,-0.54441248
-0.4,0.29,-0.5355148
-0.39,0.29,-0.52637763
-0.38,0.29,-0.51699878
-0.37,0.29,-0.50737633
-0.36,0.29,-0.49750868
-0.35,0.29,-0.48739453
-0.34,0.29,-0.4770329
-0.33,0.29,-0.46642321
-0.32,0.29,-0.45556524
-0.31,0.29,-0.44445914
-0.3,0.29,-0.43310552
-0.29,0.29,-0.42150538
-0.28,0.29,-0.40966019
-0.27,0.29,-0.39757188
-0.26,0.29,-0.38524286
-0.25,0.29,-0.37267601
-0.24,0.29,-0.35987473
-0.23,0.29,-0.34684293
-0.22,0.29,-0.33358502
-0.21,0.29,-0.32010595
-0.2,0.29,-0.30641118
-0.19,0.29,-0.29250672
-0.18,0.29,-0.27839908
-0.17,0.29,-0.2640953
-0.16,0.29,-0.24960295
-0.15,0.29,-0.23493008
-0.14,0.29,-0.22008526
-0.13,0.29,-0.20507753
-0.12,0.29,-0.18991638
-0.11,0.29,-0.17461175
-0.1,0.29,-0.15917402
-0.09,0.29,-0.14361394
-0.08,0.29,-0.12794265
-0.07,0.29,-0.1121716
-0.06,0.29,-0.096312566
-0.05,0.29,-0.080377606
-0.04,0.29,-0.064378999
-0.03,0.29,-0.04832923
-0.02,0.29,-0.032240948
-0.01,0.29,-0.01612692
0,0.29,0
0.01,0.29,0.01612692
0.02,0.29,0.032240948
0.03,0.29,0.04832923
0.04,0.29,0.064378999
0.05,0.29,0.080377606
0.06,0.29,0.096312566
0.07,0.29,0.1121716
0.08,0.29,0.12794265
0.09,0.29,0.14361394
0.1,0.29,0.15917402
0.11,0.29,0.17461175
0.12,0.29,0.18991638
0.13,0.29,0.20507753
0.14,0.29,0.22008526
0.15,0.29,0.23493008
0.16,0.29,0.24960295
0.17,0.29,0.2640953
0.18,0.29,0.27839908
0.19,0.29,0.29250672
0.2,0.29,0.30641118
0.21,0.29,0.32010595
0.22,0.29,0.33358502
0.23,0.29,0.34684293
0.24,0.29,0.35987473
0.25,0.29,0.37267601
0.26,0.29,0.38524286
0.27,0.29,0.39757188
0.28,0.29,0.40966019
0.29,0.29,0.42150538
0.3,0.29,0.43310552
0.31,0.29,0.44445914
0.32,0.29,0.45556524
0.33,0.29,0.46642321
0.34,0.29,0.4770329
0.35,0.29,0.48739453
0.36,0.29,0.49750868
0.37,0.29,0.50737633
0.38,0.29,0.51699878
0.39,0.29,0.52637763
0.4,0.29,0.5355148
0.41,0.29,0.54441248
0.42,0.29,0.55307314
0.43,0.29,0.56149946
0.44,0.29,0.56969435
0.45,0.29,0.57766094
0.46,0.29,0.58540253
0.47,0.29,0.59292258
0.48,0.29,0.6002247
0.49,0.29,0.60731265
0.5,0.29,0.61419029
0.51,0.29,0.62086158
0.52,0.29,0.62733057
0.53,0.29,0.63360139
0.54,0.29,0.63967821
0.55,0.29,0.64556526
0.56,0.29,0.6512668
0.57,0.29,0.65678712
0.58,0.29,0.66213051
0.59,0.29,0.66730127
0.6,0.29,0.6723037
0.61,0.29,0.67714207
0.62,0.29,0.68182065
0.63,0.29,0.68634365
0.64,0.29,0.69071528
0.65,0.29,0.69493968
0.66,0.29,0.69902096
0.67,0.29,0.70296316
0.68,0.29,0.70677028
0.69,0.29,0.71044626
0.7,0.29,0.71399496
0.71,0.29,0.71742019
0.72,0.29,0.72072568
0.73,0.29,0.7239151
0.74,0.29,0.72699204
0.75,0.29,0.72996
0.76,0.29,0.73282243
0.77,0.29,0.73558269
0.78,0.29,0.73824406
0.79,0.29,0.74080974
0.8,0.29,0.74328286
0.81,0.29,0.74566646
0.82,0.29,0.74796352
0.83,0.29,0.75017693
0.84,0.29,0.75230949
0.85,0.29,0.75436394
0.86,0.29,0.75634295
0.87,0.29,0.75824909
0.88,0.29,0.76008487
0.89,0.29,0.76185274
0.9,0.29,0.76355505
0.91,0.29,0.76519409
0.92,0.29,0.7667721
0.93,0.29,0.76829121
0.94,0.29,0.76975353
0.95,0.29,0.77116107
0.96,0.29,0.77251579
0.97,0.29,0.77381958
0.98,0.29,0.77507428
0.99,0.29,0.77628166
1,0.29,0.77744344
-1,0.3,-0.76533439
-0.99,0.3,-0.76419071
-0.98,0.3,-0.76300213
-0.97,0.3,-0.76176697
-0.96,0.3,-0.76048349
-0.95,0.3,-0.75914987
-0.94,0.3,-0.75776425
-0.93,0.3,-0.75632471
-0.92,0.3,-0.75482925
-0.91,0.3,-0.75327583
-0.9,0.3,-0.75166231
-0.89,0.3,-0.74998652
-0.88,0.3,-0.74824619
-0.87,0.3,-0.746439
-0.86,0.3,-0.74456255
-0.85,0.3,-0.74261436
-0.84,0.3,-0.74059191
-0.83,0.3,-0.73849256
-0.82,0.3,-0.73631363
-0.81,0.3,-0.73405235
-0.8,0.3,-0.73170587
-0.79,0.3,-0.72927127
-0.78,0.3,-0.72674555
-0.77,0.3,-0.72412564
-0.76,0.3,-0.72140837
-0.75,0.3,-0.71859052
-0.74,0.3,-0.71566879
-0.73,0.3,-0.71263978
-0.72,0.3,-0.70950004
-0.71,0.3,-0.70624603
-0.7,0.3,-0.70287415
-0.69,0.3,-0.69938072
-0.68,0.3,-0.69576199
-0.67,0.3,-0.69201417
-0.66,0.3,-0.68813337
-0.65,0.3,-0.68411566
-0.64,0.3,-0.67995706
-0.63,0.3,-0.67565352
-0.62,0.3,-0.67120096
-0.61,0.3,-0.66659526
-0.6,0.3,-0.66183225
-0.59,0.3,-0.65690773
-0.58,0.3,-0.65181751
-0.57,0.3,-0.64655734
-0.56,0.3,-0.64112301
-0.55,0.3,-0.63551027
-0.54,0.3,-0.62971491
-0.53,0.3,-0.62373274
-0.52,0.3,-0.6175596
-0.51,0.3,-0.61119137
-0.5,0.3,-0.60462398
-0.49,0.3,-0.59785347
-0.48,0.3,-0.59087592
-0.47,0.3,-0.58368753
-0.46,0.3,-0.5762846
-0.45,0.3,-0.5686636
-0.44,0.3,-0.56082109
-0.43,0.3,-0.55275383
-0.42,0.3,-0.54445876
-0.41,0.3,-0.535933
-0.4,0.3,-0.5271739
-0.39,0.3,-0.51817904
-0.38,0.3,-0.50894627
-0.37,0.3,-0.4994737
-0.36,0.3,-0.48975975
-0.35,0.3,-0.47980312
-0.34,0.3,-0.46960289
-0.33,0.3,-0.45915845
-0.32,0.3,-0.44846959
-0.31,0.3,-0.43753648
-0.3,0.3,-0.42635969
-0.29,0.3,-0.41494023
-0.28,0.3,-0.40327954
-0.27,0.3,-0.39137951
-0.26,0.3,-0.37924252
-0.25,0.3,-0.3668714
-0.24,0.3,-0.35426951
-0.23,0.3,-0.34144068
-0.22,0.3,-0.32838927
-0.21,0.3,-0.31512014
-0.2,0.3,-0.30163868
-0.19,0.3,-0.28795078
-0.18,0.3,-0.27406288
-0.17,0.3,-0.25998189
-0.16,0.3,-0.24571526
-0.15,0.3,-0.23127093
-0.14,0.3,-0.21665733
-0.13,0.3,-0.20188335
-0.12,0.3,-0.18695834
-0.11,0.3,-0.17189209
-0.1,0.3,-0.15669481
-0.09,0.3,-0.14137709
-0.08,0.3,-0.12594988
-0.07,0.3,-0.11042447
-0.06,0.3,-0.094812452
-0.05,0.3,-0.079125686
-0.04,0.3,-0.063376265
-0.03,0.3,-0.047576479
-0.02,0.3,-0.03173878
-0.01,0.3,-0.015875736
0,0.3,0
0.01,0.3,0.015875736
0.02,0.3,0.03173878
0.03,0.3,0.047576479
0.04,0.3,0.063376265
0.05,0.3,0.079125686
0.06,0.3,0.094812452
0.07,0.3,0.11042447
0.08,0.3,0.12594988
0.09,0.3,0.14137709
0.1,0.3,0.15669481
0.11,0.3,0.17189209
0.12,0.3,0.18695834
0.13,0.3,0.20188335
0.14,0.3,0.21665733
0.15,0.3,0.23127093
0.16,0.3,0.24571526
0.17,0.3,0.25998189
0.18,0.3,0.27406288
0.19,0.3,0.28795078
0.2,0.3,0.30163868
0.21,0.3,0.31512014
0.22,0.3,0.32838927
0.23,0.3,0.34144068
0.24,0.3,0.35426951
0.25,0.3,0.3668714
0.26,0.3,0.37924252
0.27,0.3,0.39137951
0.28,0.3,0.40327954
0.29,0.3,0.41494023
0.3,0.3,0.42635969
0.31,0.3,0.43753648
0.32,0.3,0.44846959
0.33,0.3,0.45915845
0.34,0.3,0.46960289
0.35,0.3,0.47980312
0.36,0.3,0.48975975
0.37,0.3,0.4994737
0.38,0.3,0.50894627
0.39,0.3,0.51817904
0.4,0.3,0.5271739
0.41,0.3,0.535933
0.42,0.3,0.54445876
0.43,0.3,0.55275383
0.44,0.3,0.56082109
0.45,0.3,0.5686636
0.46,0.3,0.5762846
0.47,0.3,0.58368753
0.48,0.3,0.59087592
0.49,0.3,0.59785347
0.5,0.3,0.60462398
0.51,0.3,0.61119137
0.52,0.3,0.6175596
0.53,0.3,0.62373274
0.54,0.3,0.62971491
0.55,0.3,0.63551027
0.56,0.3,0.64112301
0.57,0.3,0.64655734
0.58,0.3,0.65181751
0.59,0.3,0.65690773
0.6,0.3,0.66183225
0.61,0.3,0.66659526
0.62,0.3,0.67120096
0.63,0.3,0.67565352
0.64,0.3,0.67995706
0.65,0.3,0.68411566
0.66,0.3,0.68813337
0.67,0.3,0.69201417
0.68,0.3,0.69576199
0.69,0.3,0.69938072
0.7,0.3,0.70287415
0.71,0.3,0.70624603
0.72,0.3,0.70950004
0.73,0.3,0.71263978
0.74,0.3,0.71566879
0.75,0.3,0.71859052
0.76,0.3,0.72140837
0.77,0.3,0.72412564
0.78,0.3,0.72674555
0.79,0.3,0.72927127
0.8,0.3,0.73170587
0.81,0.3,0.73405235
0.82,0.3,0.73631363
0.83,0.3,0.73849256
0.84,0.3,0.74059191
0.85,0.3,0.74261436
0.86,0.3,0.74456255
0.87,0.3,0.746439
0.88,0.3,0.74824619
0.89,0.3,0.74998652
0.9,0.3,0.75166231
0.91,0.3,0.75327583
0.92,0.3,0.75482925
0.93,0.3,0.75632471
0.94,0.3,0.75776425
0.95,0.3,0.75914987
0.96,0.3,0.76048349
0.97,0.3,0.76176697
0.98,0.3,0.76300213
0.99,0.3,0.76419071
1,0.3,0.76533439
-1,0.31,-0.75294573
-0.99,0.31,-0.75182056
-0.98,0.31,-0.75065122
-0.97,0.31,-0.74943606
-0.96,0.31,-0.74817335
-0.95,0.31,-0.74686132
-0.94,0.31,-0.74549813
-0.93,0.31,-0.74408189
-0.92,0.31,-0.74261064
-0.91,0.31,-0.74108236
-0.9,0.31,-0.73949497
-0.89,0.31,-0.7378463
-0.88,0.31,-0.73613414
-0.87,0.31,-0.7343562
-0.86,0.31,-0.73251013
-0.85,0.31,-0.73059348
-0.84,0.31,-0.72860376
-0.83,0.31,-0.7265384
-0.82,0.31,-0.72439474
-0.81,0.31,-0.72217006
-0.8,0.31,-0.71986156
-0.79,0.31,-0.71746637
-0.78,0.31,-0.71498154
-0.77,0.31,-0.71240403
-0.76,0.31,-0.70973075
-0.75,0.31,-0.70695852
-0.74,0.31,-0.70408408
-0.73,0.31,-0.7011041
-0.72,0.31,-0.69801518
-0.71,0.31,-0.69481385
-0.7,0.31,-0.69149655
-0.69,0.31,-0.68805967
-0.68,0.31,-0.68449952
-0.67,0.31,-0.68081236
-0.66,0.31,-0.67699438
-0.65,0.31,-0.67304171
-0.64,0.31,-0.66895042
-0.63,0.31,-0.66471655
-0.62,0.31,-0.66033607
-0.61,0.31,-0.65580492
-0.6,0.31,-0.651119
-0.59,0.31,-0.6462742
-0.58,0.31,-0.64126638
-0.57,0.31,-0.63609136
-0.56,0.31,-0.63074499
-0.55,0.31,-0.62522311
-0.54,0.31,-0.61952156
-0.53,0.31,-0.61363623
-0.52,0.31,-0.60756301
-0.51,0.31,-0.60129786
-0.5,0.31,-0.59483679
-0.49,0.31,-0.58817587
-0.48,0.31,-0.58131126
-0.47,0.31,-0.57423923
-0.46,0.31,-0.56695614
-0.45,0.31,-0.5594585
-0.44,0.31,-0.55174294
-0.43,0.31,-0.54380627
-0.42,0.31,-0.53564547
-0.41,0.31,-0.52725772
-0.4,0.31,-0.5186404
-0.39,0.31,-0.50979115
-0.38,0.31,-0.50070783
-0.37,0.31,-0.4913886
-0.36,0.31,-0.48183188
-0.35,0.31,-0.47203643
-0.34,0.31,-0.46200131
-0.33,0.31,-0.45172594
-0.32,0.31,-0.4412101
-0.31,0.31,-0.43045397
-0.3,0.31,-0.4194581
-0.29,0.31,-0.40822349
-0.28,0.31,-0.39675155
-0.27,0.31,-0.38504415
-0.26,0.31,-0.37310362
-0.25,0.31,-0.36093276
-0.24,0.31,-0.34853486
-0.23,0.31,-0.3359137
-0.22,0.31,-0.32307355
-0.21,0.31,-0.31001921
-0.2,0.31,-0.29675598
-0.19,0.31,-0.28328965
-0.18,0.31,-0.26962655
-0.17,0.31,-0.2557735
-0.16,0.31,-0.24173781
-0.15,0.31,-0.22752729
-0.14,0.31,-0.21315025
-0.13,0.31,-0.19861541
-0.12,0.31,-0.183932
-0.11,0.31,-0.16910963
-0.1,0.31,-0.15415835
-0.09,0.31,-0.13908858
-0.08,0.31,-0.1239111
-0.07,0.31,-0.108637
-0.06,0.31,-0.093277699
-0.05,0.31,-0.077844859
-0.04,0.31,-0.062350378
-0.03,0.31,-0.046806347
-0.02,0.31,-0.031225016
-0.01,0.31,-0.015618751
0,0.31,0
0.01,0.31,0.015618751
0.02,0.31,0.031225016
0.03,0.31,0.046806347
0.04,0.31,0.062350378
0.05,0.31,0.077844859
0.06,0.31,0.093277699
0.07,0.31,0.108637
0.08,0.31,0.1239111
0.09,0.31,0.13908858
0.1,0.31,0.15415835
0.11,0.31,0.16910963
0.12,0.31,0.183932
0.13,0.31,0.19861541
0.14,0.31,0.21315025
0.15,0.31,0.22752729
0.16,0.31,0.24173781
0.17,0.31,0.2557735
0.18,0.31,0.26962655
0.19,0.31,0.28328965
0.2,0.31,0.29675598
0.21,0.31,0.31001921
0.22,0.31,0.32307355
0.23,0.31,0.3359137
0.24,0.31,0.34853486
0.25,0.31,0.36093276
0.26,0.31,0.37310362
0.27,0.31,0.38504415
0.28,0.31,0.39675155
0.29,0.31,0.40822349
0.3,0.31,0.4194581
0.31,0.31,0.43045397
0.32,0.31,0.4412101
0.33,0.31,0.45172594
0.34,0.31,0.46200131
0.35,0.31,0.47203643
0.36,0.31,0.48183188
0.37,0.31,0.4913886
0.38,0.31,0.50070783
0.39,0.31,0.50979115
0.4,0.31,0.5186404
0.41,0.31,0.52725772
0.42,0.31,0.53564547
0.43,0.31,0.54380627
0.44,0.31,0.55174294
0.45,0.31,0.5594585
0.46,0.31,0.56695614
0.47,0.31,0.57423923
0.48,0.31,0.58131126
0.49,0.31,0.58817587
0.5,0.31,0.59483679
0.51,0.31,0.60129786
0.52,0.31,0.60756301
0.53,0.31,0.61363623
0.54,0.31,0.61952156
0.55,0.31,0.62522311
0.56,0.31,0.63074499
0.57,0.31,0.63609136
0.58,0.31,0.64126638
0.59,0.31,0.6462742
0.6,0.31,0.651119
0.61,0.31,0.65580492
0.62,0.31,0.66033607
0.63,0.31,0.66471655
0.64,0.31,0.66895042
0.65,0.31,0.67304171
0.66,0.31,0.67699438
0.67,0.31,0.68081236
0.68,0.31,0.68449952
0.69,0.31,0.68805967
0.7,0.31,0.69149655
0.71,0.31,0.69481385
0.72,0.31,0.69801518
0.73,0.31,0.7011041
0.74,0.31,0.70408408
0.75,0.31,0.70695852
0.76,0.31,0.70973075
0.77,0.31,0.71240403
0.78,0.31,0.71498154
0.79,0.31,0.71746637
0.8,0.31,0.71986156
0.81,0.31,0.72217006
0.82,0.31,0.72439474
0.83,0.31,0.7265384
0.84,0.31,0.72860376
0.85,0.31,0.73059348
0.86,0.31,0.73251013
0.87,0.31,0.7343562
0.88,0.31,0.73613414
0.89,0.31,0.7378463
0.9,0.31,0.73949497
0.91,0.31,0.74108236
0.92,0.31,0.74261064
0.93,0.31,0.74408189
0.94,0.31,0.74549813
0.95,0.31,0.74686132
0.96,0.31,0.74817335
0.97,0.31,0.74943606
0.98,0.31,0.75065122
0.99,0.31,0.75182056
1,0.31,0.75294573
-1,0.32,-0.74028969
-0.99,0.32,-0.73918344
-0.98,0.32,-0.73803376
-0.97,0.32,-0.73683902
-0.96,0.32,-0.73559753
-0.95,0.32,-0.73430756
-0.94,0.32,-0.73296728
-0.93,0.32,-0.73157485
-0.92,0.32,-0.73012833
-0.91,0.32,-0.72862574
-0.9,0.32,-0.72706502
-0.89,0.32,-0.72544407
-0.88,0.32,-0.72376069
-0.87,0.32,-0.72201263
-0.86,0.32,-0.72019759
-0.85,0.32,-0.71831316
-0.84,0.32,-0.71635688
-0.83,0.32,-0.71432624
-0.82,0.32,-0.71221861
-0.81,0.32,-0.71003133
-0.8,0.32,-0.70776163
-0.79,0.32,-0.7054067
-0.78,0.32,-0.70296363
-0.77,0.32,-0.70042945
-0.76,0.32,-0.69780111
-0.75,0.32,-0.69507547
-0.74,0.32,-0.69224935
-0.73,0.32,-0.68931946
-0.72,0.32,-0.68628246
-0.71,0.32,-0.68313493
-0.7,0.32,-0.67987339
-0.69,0.32,-0.67649428
-0.68,0.32,-0.67299398
-0.67,0.32,-0.6693688
-0.66,0.32,-0.66561499
-0.65,0.32,-0.66172876
-0.64,0.32,-0.65770624
-0.63,0.32,-0.65354353
-0.62,0.32,-0.64923668
-0.61,0.32,-0.64478169
-0.6,0.32,-0.64017454
-0.59,0.32,-0.63541118
-0.58,0.32,-0.63048752
-0.57,0.32,-0.62539949
-0.56,0.32,-0.62014299
-0.55,0.32,-0.61471392
-0.54,0.32,-0.60910821
-0.53,0.32,-0.6033218
-0.52,0.32,-0.59735067
-0.51,0.32,-0.59119083
-0.5,0.32,-0.58483836
-0.49,0.32,-0.5782894
-0.48,0.32,-0.57154018
-0.47,0.32,-0.56458702
-0.46,0.32,-0.55742635
-0.45,0.32,-0.55005473
-0.44,0.32,-0.54246886
-0.43,0.32,-0.53466559
-0.42,0.32,-0.52664197
-0.41,0.32,-0.5183952
-0.4,0.32,-0.50992273
-0.39,0.32,-0.50122222
-0.38,0.32,-0.49229159
-0.37,0.32,-0.483129
-0.36,0.32,-0.47373292
-0.35,0.32,-0.46410211
-0.34,0.32,-0.45423567
-0.33,0.32,-0.44413301
-0.32,0.32,-0.43379393
-0.31,0.32,-0.4232186
-0.3,0.32,-0.41240756
-0.29,0.32,-0.40136179
-0.28,0.32,-0.39008268
-0.27,0.32,-0.37857206
-0.26,0.32,-0.36683224
-0.25,0.32,-0.35486596
-0.24,0.32,-0.34267645
-0.23,0.32,-0.33026743
-0.22,0.32,-0.31764311
-0.21,0.32,-0.3048082
-0.2,0.32,-0.2917679
-0.19,0.32,-0.27852792
-0.18,0.32,-0.26509448
-0.17,0.32,-0.25147428
-0.16,0.32,-0.23767451
-0.15,0.32,-0.22370286
-0.14,0.32,-0.20956747
-0.13,0.32,-0.19527695
-0.12,0.32,-0.18084034
-0.11,0.32,-0.16626712
-0.1,0.32,-0.15156715
-0.09,0.32,-0.13675068
-0.08,0.32,-0.12182831
-0.07,0.32,-0.10681095
-0.06,0.32,-0.091709823
-0.05,0.32,-0.076536388
-0.04,0.32,-0.061302349
-0.03,0.32,-0.046019594
-0.02,0.32,-0.030700164
-0.01,0.32,-0.015356221
0,0.32,0
0.01,0.32,0.015356221
0.02,0.32,0.030700164
0.03,0.32,0.046019594
0.04,0.32,0.061302349
0.05,0.32,0.076536388
0.06,0.32,0.091709823
0.07,0.32,0.10681095
0.08,0.32,0.12182831
0.09,0.32,0.13675068
0.1,0.32,0.15156715
0.11,0.32,0.16626712
0.12,0.32,0.18084034
0.13,0.32,0.19527695
0.14,0.32,0.20956747
0.15,0.32,0.22370286
0.16,0.32,0.23767451
0.17,0.32,0.25147428
0.18,0.32,0.26509448
0.19,0.32,0.27852792
0.2,0.32,0.2917679
0.21,0.32,0.3048082
0.22,0.32,0.31764311
0.23,0.32,0.33026743
0.24,0.32,0.34267645
0.25,0.32,0.35486596
0.26,0.32,0.36683224
0.27,0.32,0.37857206
0.28,0.32,0.39008268
0.29,0.32,0.40136179
0.3,0.32,0.41240756
0.31,0.32,0.4232186
0.32,0.32,0.43379393
0.33,0.32,0.44413301
0.34,0.32,0.45423567
0.35,0.32,0.46410211
0.36,0.32,0.47373292
0.37,0.32,0.483129
0.38,0.32,0.49229159
0.39,0.32,0.50122222
0.4,0.32,0.50992273
0.41,0.32,0.5183952
0.42,0.32,0.52664197
0.43,0.32,0.53466559
0.44,0.32,0.54246886
0.45,0.32,0.55005473
0.46,0.32,0.55742635
0.47,0.32,0.56458702
0.48,0.32,0.57154018
0.49,0.32,0.5782894
0.5,0.32,0.58483836
0.51,0.32,0.59119083
0.52,0.32,0.59735067
0.53,0.32,0.6033218
0.54,0.32,0.60910821
0.55,0.32,0.61471392
0.56,0.32,0.62014299
0.57,0.32,0.62539949
0.58,0.32,0.63048752
0.59,0.32,0.63541118
0.6,0.32,0.64017454
0.61,0.32,0.64478169
0.62,0.32,0.64923668
0.63,0.32,0.65354353
0.64,0.32,0.65770624
0.65,0.32,0.66172876
0.66,0.32,0.66561499
0.67,0.32,0.6693688
0.68,0.32,0.67299398
0.69,0.32,0.67649428
0.7,0.32,0.67987339
0.71,0.32,0.68313493
0.72,0.32,0.68628246
0.73,0.32,0.68931946
0.74,0.32,0.69224935
0.75,0.32,0.69507547
0.76,0.32,0.69780111
0.77,0.32,0.70042945
0.78,0.32,0.70296363
0.79,0.32,0.7054067
0.8,0.32,0.70776163
0.81,0.32,0.71003133
0.82,0.32,0.71221861
0.83,0.32,0.71432624
0.84,0.32,0.71635688
0.85,0.32,0.71831316
0.86,0.32,0.72019759
0.87,0.32,0.72201263
0.88,0.32,0.72376069
0.89,0.32,0.72544407
0.9,0.32,0.72706502
0.91,0.32,0.72862574
0.92,0.32,0.73012833
0.93,0.32,0.73157485
0.94,0.32,0.73296728
0.95,0.32,0.73430756
0.96,0.32,0.73559753
0.97,0.32,0.73683902
0.98,0.32,0.73803376
0.99,0.32,0.73918344
1,0.32,0.74028969
-1,0.33,-0.72737877
-0.99,0.33,-0.72629181
-0.98,0.33,-0.72516218
-0.97,0.33,-0.72398828
-0.96,0.33,-0.72276844
-0.95,0.33,-0.72150096
-0.94,0.33,-0.72018406
-0.93,0.33,-0.71881592
-0.92,0.33,-0.71739462
-0.91,0.33,-0.71591824
-0.9,0.33,-0.71438474
-0.89,0.33,-0.71279206
-0.88,0.33,-0.71113804
-0.87,0.33,-0.70942047
-0.86,0.33,-0.70763708
-0.85,0.33,-0.70578551
-0.84,0.33,-0.70386336
-0.83,0.33,-0.70186813
-0.82,0.33,-0.69979726
-0.81,0.33,-0.69764812
-0.8,0.33,-0.69541801
-0.79,0.33,-0.69310415
-0.78,0.33,-0.69070369
-0.77,0.33,-0.68821371
-0.76,0.33,-0.6856312
-0.75,0.33,-0.6829531
-0.74,0.33,-0.68017626
-0.73,0.33,-0.67729747
-0.72,0.33,-0.67431344
-0.71,0.33,-0.67122081
-0.7,0.33,-0.66801615
-0.69,0.33,-0.66469597
-0.68,0.33,-0.66125672
-0.67,0.33,-0.65769476
-0.66,0.33,-0.65400642
-0.65,0.33,-0.65018797
-0.64,0.33,-0.6462356
-0.63,0.33,-0.64214549
-0.62,0.33,-0.63791375
-0.61,0.33,-0.63353646
-0.6,0.33,-0.62900966
-0.59,0.33,-0.62432938
-0.58,0.33,-0.61949159
-0.57,0.33,-0.6144923
-0.56,0.33,-0.60932747
-0.55,0.33,-0.60399309
-0.54,0.33,-0.59848514
-0.53,0.33,-0.59279965
-0.52,0.33,-0.58693265
-0.51,0.33,-0.58088024
-0.5,0.33,-0.57463856
-0.49,0.33,-0.56820382
-0.48,0.33,-0.56157231
-0.47,0.33,-0.55474041
-0.46,0.33,-0.54770463
-0.45,0.33,-0.54046158
-0.44,0.33,-0.53300801
-0.43,0.33,-0.52534083
-0.42,0.33,-0.51745714
-0.41,0.33,-0.5093542
-0.4,0.33,-0.50102949
-0.39,0.33,-0.49248073
-0.38,0.33,-0.48370584
-0.37,0.33,-0.47470305
-0.36,0.33,-0.46547084
-0.35,0.33,-0.456008
-0.34,0.33,-0.44631363
-0.33,0.33,-0.43638717
-0.32,0.33,-0.42622841
-0.31,0.33,-0.41583751
-0.3,0.33,-0.40521502
-0.29,0.33,-0.39436189
-0.28,0.33,-0.38327949
-0.27,0.33,-0.37196963
-0.26,0.33,-0.36043455
-0.25,0.33,-0.34867696
-0.24,0.33,-0.33670004
-0.23,0.33,-0.32450744
-0.22,0.33,-0.3121033
-0.21,0.33,-0.29949223
-0.2,0.33,-0.28667936
-0.19,0.33,-0.2736703
-0.18,0.33,-0.26047114
-0.17,0.33,-0.24708848
-0.16,0.33,-0.23352938
-0.15,0.33,-0.2198014
-0.14,0.33,-0.20591253
-0.13,0.33,-0.19187125
-0.12,0.33,-0.17768642
-0.11,0.33,-0.16336736
-0.1,0.33,-0.14892377
-0.09,0.33,-0.1343657
-0.08,0.33,-0.11970358
-0.07,0.33,-0.10494813
-0.06,0.33,-0.09011037
-0.05,0.33,-0.075201566
-0.04,0.33,-0.060233214
-0.03,0.33,-0.045216995
-0.02,0.33,-0.030164742
-0.01,0.33,-0.015088402
0,0.33,0
0.01,0.33,0.015088402
0.02,0.33,0.030164742
0.03,0.33,0.045216995
0.04,0.33,0.060233214
0.05,0.33,0.075201566
0.06,0.33,0.09011037
0.07,0.33,0.10494813
0.08,0.33,0.11970358
0.09,0.33,0.1343657
0.1,0.33,0.14892377
0.11,0.33,0.16336736
0.12,0.33,0.17768642
0.13,0.33,0.19187125
0.14,0.33,0.20591253
0.15,0.33,0.2198014
0.16,0.33,0.23352938
0.17,0.33,0.24708848
0.18,0.33,0.26047114
0.19,0.33,0.2736703
0.2,0.33,0.28667936
0.21,0.33,0.29949223
0.22,0.33,0.3121033
0.23,0.33,0.32450744
0.24,0.33,0.33670004
0.25,0.33,0.34867696
0.26,0.33,0.36043455
0.27,0.33,0.37196963
0.28,0.33,0.38327949
0.29,0.33,0.39436189
0.3,0.33,0.40521502
0.31,0.33,0.41583751
0.32,0.33,0.42622841
0.33,0.33,0.43638717
0.34,0.33,0.44631363
0.35,0.33,0.456008
0.36,0.33,0.46547084
0.37,0.33,0.47470305
0.38,0.33,0.48370584
0.39,0.33,0.49248073
0.4,0.33,0.50102949
0.41,0.33,0.5093542
0.42,0.33,0.51745714
0.43,0.33,0.52534083
0.44,0.33,0.53300801
0.45,0.33,0.54046158
0.46,0.33,0.54770463
0.47,0.33,0.55474041
0.48,0.33,0.56157231
0.49,0.33,0.56820382
0.5,0.33,0.57463856
0.51,0.33,0.58088024
0.52,0.33,0.58693265
0.53,0.33,0.59279965
0.54,0.33,0.59848514
0.55,0.33,0.60399309
0.56,0.33,0.60932747
0.57,0.33,0.6144923
0.58,0.33,0.61949159
0.59,0.33,0.62432938
0.6,0.33,0.62900966
0.61,0.33,0.63353646
0.62,0.33,0.63791375
0.63,0.33,0.64214549
0.64,0.33,0.6462356
0.65,0.33,0.65018797
0.66,0.33,0.65400642
0.67,0.33,0.65769476
0.68,0.33,0.66125672
0.69,0.33,0.66469597
0.7,0.33,0.66801615
0.71,0.33,0.67122081
0.72,0.33,0.67431344
0.73,0.33,0.67729747
0.74,0.33,0.68017626
0.75,0.33,0.6829531
0.76,0.33,0.6856312
0.77,0.33,0.68821371
0.78,0.33,0.69070369
0.79,0.33,0.69310415
0.8,0.33,0.69541801
0.81,0.33,0.69764812
0.82,0.33,0.69979726
0.83,0.33,0.70186813
0.84,0.33,0.70386336
0.85,0.33,0.70578551
0.86,0.33,0.70763708
0.87,0.33,0.70942047
0.88,0.33,0.71113804
0.89,0.33,0.71279206
0.9,0.33,0.71438474
0.91,0.33,0.71591824
0.92,0.33,0.71739462
0.93,0.33,0.71881592
0.94,0.33,0.72018406
0.95,0.33,0.72150096
0.96,0.33,0.72276844
0.97,0.33,0.72398828
0.98,0.33,0.72516218
0.99,0.33,0.72629181
1,0.33,0.72737877
-1,0.34,-0.7142257
-0.99,0.34,-0.7131584
-0.98,0.34,-0.71204919
-0.97,0.34,-0.71089652
-0.96,0.34,-0.70969874
-0.95,0.34,-0.70845418
-0.94,0.34,-0.7071611
-0.93,0.34,-0.70581769
-0.92,0.34,-0.7044221
-0.91,0.34,-0.70297241
-0.9,0.34,-0.70146664
-0.89,0.34,-0.69990276
-0.88,0.34,-0.69827865
-0.87,0.34,-0.69659214
-0.86,0.34,-0.694841
-0.85,0.34,-0.69302291
-0.84,0.34,-0.69113552
-0.83,0.34,-0.68917636
-0.82,0.34,-0.68714294
-0.81,0.34,-0.68503267
-0.8,0.34,-0.68284288
-0.79,0.34,-0.68057086
-0.78,0.34,-0.67821381
-0.77,0.34,-0.67576885
-0.76,0.34,-0.67323305
-0.75,0.34,-0.67060338
-0.74,0.34,-0.66787675
-0.73,0.34,-0.66505002
-0.72,0.34,-0.66211995
-0.71,0.34,-0.65908324
-0.7,0.34,-0.65593653
-0.69,0.34,-0.65267639
-0.68,0.34,-0.64929932
-0.67,0.34,-0.64580178
-0.66,0.34,-0.64218014
-0.65,0.34,-0.63843073
-0.64,0.34,-0.63454984
-0.63,0.34,-0.63053369
-0.62,0.34,-0.62637847
-0.61,0.34,-0.62208033
-0.6,0.34,-0.61763539
-0.59,0.34,-0.61303973
-0.58,0.34,-0.60828943
-0.57,0.34,-0.60338054
-0.56,0.34,-0.5983091
-0.55,0.34,-0.59307118
-0.54,0.34,-0.58766284
-0.53,0.34,-0.58208015
-0.52,0.34,-0.57631925
-0.51,0.34,-0.57037628
-0.5,0.34,-0.56424747
-0.49,0.34,-0.55792909
-0.48,0.34,-0.55141749
-0.47,0.34,-0.54470914
-0.46,0.34,-0.53780058
-0.45,0.34,-0.5306885
-0.44,0.34,-0.52336971
-0.43,0.34,-0.51584118
-0.42,0.34,-0.50810005
-0.41,0.34,-0.50014363
-0.4,0.34,-0.49196946
-0.39,0.34,-0.48357528
-0.38,0.34,-0.47495907
-0.37,0.34,-0.46611908
-0.36,0.34,-0.45705381
-0.35,0.34,-0.44776209
-0.34,0.34,-0.43824302
-0.33,0.34,-0.42849606
-0.32,0.34,-0.41852099
-0.31,0.34,-0.40831799
-0.3,0.34,-0.39788758
-0.29,0.34,-0.38723071
-0.28,0.34,-0.37634871
-0.27,0.34,-0.36524337
-0.26,0.34,-0.35391687
-0.25,0.34,-0.3423719
-0.24,0.34,-0.33061155
-0.23,0.34,-0.31863943
-0.22,0.34,-0.30645959
-0.21,0.34,-0.29407656
-0.2,0.34,-0.28149539
-0.19,0.34,-0.26872156
-0.18,0.34,-0.25576108
-0.17,0.34,-0.24262042
-0.16,0.34,-0.22930651
-0.15,0.34,-0.21582677
-0.14,0.34,-0.20218905
-0.13,0.34,-0.18840167
-0.12,0.34,-0.17447335
-0.11,0.34,-0.16041322
-0.1,0.34,-0.1462308
-0.09,0.34,-0.13193599
-0.08,0.34,-0.117539
-0.07,0.34,-0.10305037
-0.06,0.34,-0.088480919
-0.05,0.34,-0.073841709
-0.04,0.34,-0.059144027
-0.03,0.34,-0.044399344
-0.02,0.34,-0.029619278
-0.01,0.34,-0.014815561
0,0.34,0
0.01,0.34,0.014815561
0.02,0.34,0.029619278
0.03,0.34,0.044399344
0.04,0.34,0.059144027
0.05,0.34,0.073841709
0.06,0.34,0.088480919
0.07,0.34,0.10305037
0.08,0.34,0.117539
0.09,0.34,0.13193599
0.1,0.34,0.1462308
0.11,0.34,0.16041322
0.12,0.34,0.17447335
0.13,0.34,0.18840167
0.14,0.34,0.20218905
0.15,0.34,0.21582677
0.16,0.34,0.22930651
0.17,0.34,0.24262042
0.18,0.34,0.25576108
0.19,0.34,0.26872156
0.2,0.34,0.28149539
0.21,0.34,0.29407656
0.22,0.34,0.30645959
0.23,0.34,0.31863943
0.24,0.34,0.33061155
0.25,0.34,0.3423719
0.26,0.34,0.35391687
0.27,0.34,0.36524337
0.28,0.34,0.37634871
0.29,0.34,0.38723071
0.3,0.34,0.39788758
0.31,0.34,0.40831799
0.32,0.34,0.41852099
0.33,0.34,0.42849606
0.34,0.34,0.43824302
0.35,0.34,0.44776209
0.36,0.34,0.45705381
0.37,0.34,0.46611908
0.38,0.34,0.47495907
0.39,0.34,0.48357528
0.4,0.34,0.49196946
0.41,0.34,0.50014363
0.42,0.34,0.50810005
0.43,0.34,0.51584118
0.44,0.34,0.52336971
0.45,0.34,0.5306885
0.46,0.34,0.53780058
0.47,0.34,0.54470914
0.48,0.34,0.55141749
0.49,0.34,0.55792909
0.5,0.34,0.56424747
0.51,0.34,0.57037628
0.52,0.34,0.57631925
0.53,0.34,0.58208015
0.54,0.34,0.58766284
0.55,0.34,0.59307118
0.56,0.34,0.5983091
0.57,0.34,0.60338054
0.58,0.34,0.60828943
0.59,0.34,0.61303973
0.6,0.34,0.61763539
0.61,0.34,0.62208033
0.62,0.34,0.62637847
0.63,0.34,0.63053369
0.64,0.34,0.63454984
0.65,0.34,0.63843073
0.66,0.34,0.64218014
0.67,0.34,0.64580178
0.68,0.34,0.64929932
0.69,0.34,0.65267639
0.7,0.34,0.65593653
0.71,0.34,0.65908324
0.72,0.34,0.66211995
0.73,0.34,0.66505002
0.74,0.34,0.66787675
0.75,0.34,0.67060338
0.76,0.34,0.67323305
0.77,0.34,0.67576885
0.78,0.34,0.67821381
0.79,0.34,0.68057086
0.8,0.34,0.68284288
0.81,0.34,0.68503267
0.82,0.34,0.68714294
0.83,0.34,0.68917636
0.84,0.34,0.69113552
0.85,0.34,0.69302291
0.86,0.34,0.694841
0.87,0.34,0.69659214
0.88,0.34,0.69827865
0.89,0.34,0.69990276
0.9,0.34,0.70146664
0.91,0.34,0.70297241
0.92,0.34,0.7044221
0.93,0.34,0.70581769
0.94,0.34,0.7071611
0.95,0.34,0.70845418
0.96,0.34,0.70969874
0.97,0.34,0.71089652
0.98,0.34,0.71204919
0.99,0.34,0.7131584
1,0.34,0.7142257
-1,0.35,-0.70084347
-0.99,0.35,-0.69979616
-0.98,0.35,-0.69870774
-0.97,0.35,-0.69757666
-0.96,0.35,-0.69640133
-0.95,0.35,-0.69518009
-0.94,0.35,-0.69391123
-0.93,0.35,-0.69259299
-0.92,0.35,-0.69122355
-0.91,0.35,-0.68980103
-0.9,0.35,-0.68832347
-0.89,0.35,-0.68678889
-0.88,0.35,-0.68519521
-0.87,0.35,-0.6835403
-0.86,0.35,-0.68182197
-0.85,0.35,-0.68003795
-0.84,0.35,-0.67818592
-0.83,0.35,-0.67626347
-0.82,0.35,-0.67426815
-0.81,0.35,-0.67219742
-0.8,0.35,-0.67004866
-0.79,0.35,-0.66781921
-0.78,0.35,-0.66550632
-0.77,0.35,-0.66310718
-0.76,0.35,-0.66061888
-0.75,0.35,-0.65803848
-0.74,0.35,-0.65536295
-0.73,0.35,-0.65258917
-0.72,0.35,-0.649714
-0.71,0.35,-0.64673419
-0.7,0.35,-0.64364644
-0.69,0.35,-0.64044739
-0.68,0.35,-0.6371336
-0.67,0.35,-0.63370158
-0.66,0.35,-0.6301478
-0.65,0.35,-0.62646864
-0.64,0.35,-0.62266047
-0.63,0.35,-0.61871957
-0.62,0.35,-0.6146422
-0.61,0.35,-0.6104246
-0.6,0.35,-0.60606294
-0.59,0.35,-0.60155339
-0.58,0.35,-0.59689209
-0.57,0.35,-0.59207518
-0.56,0.35,-0.58709877
-0.55,0.35,-0.58195899
-0.54,0.35,-0.57665198
-0.53,0.35,-0.57117389
-0.52,0.35,-0.56552093
-0.51,0.35,-0.55968931
-0.5,0.35,-0.55367533
-0.49,0.35,-0.54747534
-0.48,0.35,-0.54108575
-0.47,0.35,-0.53450309
-0.46,0.35,-0.52772397
-0.45,0.35,-0.52074515
-0.44,0.35,-0.51356349
-0.43,0.35,-0.50617602
-0.42,0.35,-0.49857993
-0.41,0.35,-0.49077259
-0.4,0.35,-0.48275158
-0.39,0.35,-0.47451467
-0.38,0.35,-0.46605991
-0.37,0.35,-0.45738554
-0.36,0.35,-0.44849013
-0.35,0.35,-0.4393725
-0.34,0.35,-0.43003179
-0.33,0.35,-0.42046745
-0.32,0.35,-0.41067929
-0.31,0.35,-0.40066746
-0.3,0.35,-0.39043248
-0.29,0.35,-0.37997528
-0.28,0.35,-0.36929718
-0.27,0.35,-0.35839991
-0.26,0.35,-0.34728564
-0.25,0.35,-0.33595698
-0.24,0.35,-0.32441698
-0.23,0.35,-0.31266918
-0.22,0.35,-0.30071754
-0.21,0.35,-0.28856654
-0.2,0.35,-0.27622109
-0.19,0.35,-0.26368661
-0.18,0.35,-0.25096896
-0.17,0.35,-0.23807451
-0.16,0.35,-0.22501006
-0.15,0.35,-0.21178289
-0.14,0.35,-0.1984007
-0.13,0.35,-0.18487164
-0.12,0.35,-0.17120429
-0.11,0.35,-0.1574076
-0.1,0.35,-0.14349092
-0.09,0.35,-0.12946395
-0.08,0.35,-0.11533671
-0.07,0.35,-0.10111955
-0.06,0.35,-0.086823079
-0.05,0.35,-0.072458159
-0.04,0.35,-0.058035863
-0.03,0.35,-0.043567447
-0.02,0.35,-0.029064311
-0.01,0.35,-0.014537967
0,0.35,0
0.01,0.35,0.014537967
0.02,0.35,0.029064311
0.03,0.35,0.043567447
0.04,0.35,0.058035863
0.05,0.35,0.072458159
0.06,0.35,0.086823079
0.07,0.35,0.10111955
0.08,0.35,0.11533671
0.09,0.35,0.12946395
0.1,0.35,0.14349092
0.11,0.35,0.1574076
0.12,0.35,0.17120429
0.13,0.35,0.18487164
0.14,0.35,0.1984007
0.15,0.35,0.21178289
0.16,0.35,0.22501006
0.17,0.35,0.23807451
0.18,0.35,0.25096896
0.19,0.35,0.26368661
0.2,0.35,0.27622109
0.21,0.35,0.28856654
0.22,0.35,0.30071754
0.23,0.35,0.31266918
0.24,0.35,0.32441698
0.25,0.35,0.33595698
0.26,0.35,0.34728564
0.27,0.35,0.35839991
0.28,0.35,0.36929718
0.29,0.35,0.37997528
0.3,0.35,0.39043248
0.31,0.35,0.40066746
0.32,0.35,0.41067929
0.33,0.35,0.42046745
0.34,0.35,0.43003179
0.35,0.35,0.4393725
0.36,0.35,0.44849013
0.37,0.35,0.45738554
0.38,0.35,0.46605991
0.39,0.35,0.47451467
0.4,0.35,0.48275158
0.41,0.35,0.49077259
0.42,0.35,0.49857993
0.43,0.35,0.50617602
0.44,0.35,0.51356349
0.45,0.35,0.52074515
0.46,0.35,0.52772397
0.47,0.35,0.53450309
0.48,0.35,0.54108575
0.49,0.35,0.54747534
0.5,0.35,0.55367533
0.51,0.35,0.55968931
0.52,0.35,0.56552093
0.53,0.35,0.57117389
0.54,0.35,0.57665198
0.55,0.35,0.58195899
0.56,0.35,0.58709877
0.57,0.35,0.59207518
0.58,0.35,0.59689209
0.59,0.35,0.60155339
0.6,0.35,0.60606294
0.61,0.35,0.6104246
0.62,0.35,0.6146422
0.63,0.35,0.61871957
0.64,0.35,0.62266047
0.65,0.35,0.62646864
0.66,0.35,0.6301478
0.67,0.35,0.63370158
0.68,0.35,0.6371336
0.69,0.35,0.64044739
0.7,0.35,0.64364644
0.71,0.35,0.64673419
0.72,0.35,0.649714
0.73,0.35,0.65258917
0.74,0.35,0.65536295
0.75,0.35,0.65803848
0.76,0.35,0.66061888
0.77,0.35,0.66310718
0.78,0.35,0.66550632
0.79,0.35,0.66781921
0.8,0.35,0.67004866
0.81,0.35,0.67219742
0.82,0.35,0.67426815
0.83,0.35,0.67626347
0.84,0.35,0.67818592
0.85,0.35,0.68003795
0.86,0.35,0.68182197
0.87,0.35,0.6835403
0.88,0.35,0.68519521
0.89,0.35,0.68678889
0.9,0.35,0.68832347
0.91,0.35,0.68980103
0.92,0.35,0.69122355
0.93,0.35,0.69259299
0.94,0.35,0.69391123
0.95,0.35,0.69518009
0.96,0.35,0.69640133
0.97,0.35,0.69757666
0.98,0.35,0.69870774
0.99,0.35,0.69979616
1,0.35,0.70084347
-1,0.36,-0.68724528
-0.99,0.36,-0.68621829
-0.98,0.36,-0.68515099
-0.97,0.36,-0.68404186
-0.96,0.36,-0.68288933
-0.95,0.36,-0.68169178
-0.94,0.36,-0.68044754
-0.93,0.36,-0.67915488
-0.92,0.36,-0.67781201
-0.91,0.36,-0.67641709
-0.9,0.36,-0.6749682
-0.89,0.36,-0.67346339
-0.88,0.36,-0.67190064
-0.87,0.36,-0.67027784
-0.86,0.36,-0.66859284
-0.85,0.36,-0.66684344
-0.84,0.36,-0.66502734
-0.83,0.36,-0.6631422
-0.82,0.36,-0.66118559
-0.81,0.36,-0.65915503
-0.8,0.36,-0.65704797
-0.79,0.36,-0.65486178
-0.78,0.36,-0.65259376
-0.77,0.36,-0.65024117
-0.76,0.36,-0.64780115
-0.75,0.36,-0.64527082
-0.74,0.36,-0.64264719
-0.73,0.36,-0.63992724
-0.72,0.36,-0.63710786
-0.71,0.36,-0.63418586
-0.7,0.36,-0.63115802
-0.69,0.36,-0.62802104
-0.68,0.36,-0.62477154
-0.67,0.36,-0.62140612
-0.66,0.36,-0.61792129
-0.65,0.36,-0.61431352
-0.64,0.36,-0.61057923
-0.63,0.36,-0.60671479
-0.62,0.36,-0.60271654
-0.61,0.36,-0.59858077
-0.6,0.36,-0.59430374
-0.59,0.36,-0.58988169
-0.58,0.36,-0.58531083
-0.57,0.36,-0.58058737
-0.56,0.36,-0.57570752
-0.55,0.36,-0.57066746
-0.54,0.36,-0.56546342
-0.53,0.36,-0.56009163
-0.52,0.36,-0.55454835
-0.51,0.36,-0.54882988
-0.5,0.36,-0.54293259
-0.49,0.36,-0.53685289
-0.48,0.36,-0.53058727
-0.47,0.36,-0.52413233
-0.46,0.36,-0.51748475
-0.45,0.36,-0.51064133
-0.44,0.36,-0.50359902
-0.43,0.36,-0.49635489
-0.42,0.36,-0.48890618
-0.41,0.36,-0.48125032
-0.4,0.36,-0.47338494
-0.39,0.36,-0.46530785
-0.38,0.36,-0.45701713
-0.37,0.36,-0.44851107
-0.36,0.36,-0.43978825
-0.35,0.36,-0.43084753
-0.34,0.36,-0.42168805
-0.33,0.36,-0.41230929
-0.32,0.36,-0.40271104
-0.31,0.36,-0.39289347
-0.3,0.36,-0.38285708
-0.29,0.36,-0.37260277
-0.28,0.36,-0.36213185
-0.27,0.36,-0.35144602
-0.26,0.36,-0.34054739
-0.25,0.36,-0.32943854
-0.24,0.36,-0.31812245
-0.23,0.36,-0.30660258
-0.22,0.36,-0.29488284
-0.21,0.36,-0.2829676
-0.2,0.36,-0.27086168
-0.19,0.36,-0.2585704
-0.18,0.36,-0.24609951
-0.17,0.36,-0.23345524
-0.16,0.36,-0.22064428
-0.15,0.36,-0.20767375
-0.14,0.36,-0.19455121
-0.13,0.36,-0.18128465
-0.12,0.36,-0.16788248
-0.11,0.36,-0.15435348
-0.1,0.36,-0.14070682
-0.09,0.36,-0.12695201
-0.08,0.36,-0.11309888
-0.07,0.36,-0.099157566
-0.06,0.36,-0.085138485
-0.05,0.36,-0.071052281
-0.04,0.36,-0.056909816
-0.03,0.36,-0.042722124
-0.02,0.36,-0.028500387
-0.01,0.36,-0.014255892
0,0.36,0
0.01,0.36,0.014255892
0.02,0.36,0.028500387
0.03,0.36,0.042722124
0.04,0.36,0.056909816
0.05,0.36,0.071052281
0.06,0.36,0.085138485
0.07,0.36,0.099157566
0.08,0.36,0.11309888
0.09,0.36,0.12695201
0.1,0.36,0.14070682
0.11,0.36,0.15435348
0.12,0.36,0.16788248
0.13,0.36,0.18128465
0.14,0.36,0.19455121
0.15,0.36,0.20767375
0.16,0.36,0.22064428
0.17,0.36,0.23345524
0.18,0.36,0.24609951
0.19,0.36,0.2585704
0.2,0.36,0.27086168
0.21,0.36,0.2829676
0.22,0.36,0.29488284
0.23,0.36,0.30660258
0.24,0.36,0.31812245
0.25,0.36,0.32943854
0.26,0.36,0.34054739
0.27,0.36,0.35144602
0.28,0.36,0.36213185
0.29,0.36,0.37260277
0.3,0.36,0.38285708
0.31,0.36,0.39289347
0.32,0.36,0.40271104
0.33,0.36,0.41230929
0.34,0.36,0.42168805
0.35,0.36,0.43084753
0.36,0.36,0.43978825
0.37,0.36,0.44851107
0.38,0.36,0.45701713
0.39,0.36,0.46530785
0.4,0.36,0.47338494
0.41,0.36,0.48125032
0.42,0.36,0.48890618
0.43,0.36,0.49635489
0.44,0.36,0.50359902
0.45,0.36,0.51064133
0.46,0.36,0.51748475
0.47,0.36,0.52413233
0.48,0.36,0.53058727
0.49,0.36,0.53685289
0.5,0.36,0.54293259
0.51,0.36,0.54882988
0.52,0.36,0.55454835
0.53,0.36,0.56009163
0.54,0.36,0.56546342
0.55,0.36,0.57066746
0.56,0.36,0.57570752
0.57,0.36,0.58058737
0.58,0.36,0.58531083
0.59,0.36,0.58988169
0.6,0.36,0.59430374
0.61,0.36,0.59858077
0.62,0.36,0.60271654
0.63,0.36,0.60671479
0.64,0.36,0.61057923
0.65,0.36,0.61431352
0.66,0.36,0.61792129
0.67,0.36,0.62140612
0.68,0.36,0.62477154
0.69,0.36,0.62802104
0.7,0.36,0.63115802
0.71,0.36,0.63418586
0.72,0.36,0.63710786
0.73,0.36,0.63992724
0.74,0.36,0.64264719
0.75,0.36,0.64527082
0.76,0.36,0.64780115
0.77,0.36,0.65024117
0.78,0.36,0.65259376
0.79,0.36,0.65486178
0.8,0.36,0.65704797
0.81,0.36,0.65915503
0.82,0.36,0.66118559
0.83,0.36,0.6631422
0.84,0.36,0.66502734
0.85,0.36,0.66684344
0.86,0.36,0.66859284
0.87,0.36,0.67027784
0.88,0.36,0.67190064
0.89,0.36,0.67346339
0.9,0.36,0.6749682
0.91,0.36,0.67641709
0.92,0.36,0.67781201
0.93,0.36,0.67915488
0.94,0.36,0.68044754
0.95,0.36,0.68169178
0.96,0.36,0.68288933
0.97,0.36,0.68404186
0.98,0.36,0.68515099
0.99,0.36,0.68621829
1,0.36,0.68724528
-1,0.37,-0.67344455
-0.99,0.37,-0.67243818
-0.98,0.37,-0.67139231
-0.97,0.37,-0.67030546
-0.96,0.37,-0.66917607
-0.95,0.37,-0.66800257
-0.94,0.37,-0.66678332
-0.93,0.37,-0.66551662
-0.92,0.37,-0.66420071
-0.91,0.37,-0.6628338
-0.9,0.37,-0.66141401
-0.89,0.37,-0.65993942
-0.88,0.37,-0.65840804
-0.87,0.37,-0.65681783
-0.86,0.37,-0.65516668
-0.85,0.37,-0.6534524
-0.84,0.37,-0.65167278
-0.83,0.37,-0.64982549
-0.82,0.37,-0.64790817
-0.81,0.37,-0.64591839
-0.8,0.37,-0.64385364
-0.79,0.37,-0.64171135
-0.78,0.37,-0.63948888
-0.77,0.37,-0.63718352
-0.76,0.37,-0.63479251
-0.75,0.37,-0.63231299
-0.74,0.37,-0.62974205
-0.73,0.37,-0.62707672
-0.72,0.37,-0.62431395
-0.71,0.37,-0.62145063
-0.7,0.37,-0.61848359
-0.69,0.37,-0.6154096
-0.68,0.37,-0.61222536
-0.67,0.37,-0.60892752
-0.66,0.37,-0.60551267
-0.65,0.37,-0.60197735
-0.64,0.37,-0.59831805
-0.63,0.37,-0.59453121
-0.62,0.37,-0.59061325
-0.61,0.37,-0.58656053
-0.6,0.37,-0.58236939
-0.59,0.37,-0.57803614
-0.58,0.37,-0.57355707
-0.57,0.37,-0.56892847
-0.56,0.37,-0.5641466
-0.55,0.37,-0.55920776
-0.54,0.37,-0.55410822
-0.53,0.37,-0.5488443
-0.52,0.37,-0.54341234
-0.51,0.37,-0.5378087
-0.5,0.37,-0.53202983
-0.49,0.37,-0.52607222
-0.48,0.37,-0.51993243
-0.47,0.37,-0.51360711
-0.46,0.37,-0.50709302
-0.45,0.37,-0.50038703
-0.44,0.37,-0.49348613
-0.43,0.37,-0.48638747
-0.42,0.37,-0.47908834
-0.41,0.37,-0.47158623
-0.4,0.37,-0.46387879
-0.39,0.37,-0.4559639
-0.38,0.37,-0.44783966
-0.37,0.37,-0.43950442
-0.36,0.37,-0.43095677
-0.35,0.37,-0.42219558
-0.34,0.37,-0.41322004
-0.33,0.37,-0.40402961
-0.32,0.37,-0.39462411
-0.31,0.37,-0.38500368
-0.3,0.37,-0.37516883
-0.29,0.37,-0.36512045
-0.28,0.37,-0.3548598
-0.27,0.37,-0.34438855
-0.26,0.37,-0.33370878
-0.25,0.37,-0.32282301
-0.24,0.37,-0.31173416
-0.23,0.37,-0.30044562
-0.22,0.37,-0.28896123
-0.21,0.37,-0.27728526
-0.2,0.37,-0.26542245
-0.19,0.37,-0.25337799
-0.18,0.37,-0.24115753
-0.17,0.37,-0.22876718
-0.16,0.37,-0.21621347
-0.15,0.37,-0.2035034
-0.14,0.37,-0.19064438
-0.13,0.37,-0.17764423
-0.12,0.37,-0.16451119
-0.11,0.37,-0.15125388
-0.1,0.37,-0.13788126
-0.09,0.37,-0.12440265
-0.08,0.37,-0.11082771
-0.07,0.37,-0.09716636
-0.06,0.37,-0.083428799
-0.05,0.37,-0.069625464
-0.04,0.37,-0.055766997
-0.03,0.37,-0.041864212
-0.02,0.37,-0.027928064
-0.01,0.37,-0.013969616
0,0.37,0
0.01,0.37,0.013969616
0.02,0.37,0.027928064
0.03,0.37,0.041864212
0.04,0.37,0.055766997
0.05,0.37,0.069625464
0.06,0.37,0.083428799
0.07,0.37,0.09716636
0.08,0.37,0.11082771
0.09,0.37,0.12440265
0.1,0.37,0.13788126
0.11,0.37,0.15125388
0.12,0.37,0.16451119
0.13,0.37,0.17764423
0.14,0.37,0.19064438
0.15,0.37,0.2035034
0.16,0.37,0.21621347
0.17,0.37,0.22876718
0.18,0.37,0.24115753
0.19,0.37,0.25337799
0.2,0.37,0.26542245
0.21,0.37,0.27728526
0.22,0.37,0.28896123
0.23,0.37,0.30044562
0.24,0.37,0.31173416
0.25,0.37,0.32282301
0.26,0.37,0.33370878
0.27,0.37,0.34438855
0.28,0.37,0.3548598
0.29,0.37,0.36512045
0.3,0.37,0.37516883
0.31,0.37,0.38500368
0.32,0.37,0.39462411
0.33,0.37,0.40402961
0.34,0.37,0.41322004
0.35,0.37,0.42219558
0.36,0.37,0.43095677
0.37,0.37,0.43950442
0.38,0.37,0.44783966
0.39,0.37,0.4559639
0.4,0.37,0.46387879
0.41,0.37,0.47158623
0.42,0.37,0.47908834
0.43,0.37,0.48638747
0.44,0.37,0.49348613
0.45,0.37,0.50038703
0.46,0.37,0.50709302
0.47,0.37,0.51360711
0.48,0.37,0.51993243
0.49,0.37,0.52607222
0.5,0.37,0.53202983
0.51,0.37,0.5378087
0.52,0.37,0.54341234
0.53,0.37,0.5488443
0.54,0.37,0.55410822
0.55,0.37,0.55920776
0.56,0.37,0.5641466
0.57,0.37,0.56892847
0.58,0.37,0.57355707
0.59,0.37,0.57803614
0.6,0.37,0.58236939
0.61,0.37,0.58656053
0.62,0.37,0.59061325
0.63,0.37,0.59453121
0.64,0.37,0.59831805
0.65,0.37,0.60197735
0.66,0.37,0.60551267
0.67,0.37,0.60892752
0.68,0.37,0.61222536
0.69,0.37,0.6154096
0.7,0.37,0.61848359
0.71,0.37,0.62145063
0.72,0.37,0.62431395
0.73,0.37,0.62707672
0.74,0.37,0.62974205
0.75,0.37,0.63231299
0.76,0.37,0.63479251
0.77,0.37,0.63718352
0.78,0.37,0.63948888
0.79,0.37,0.64171135
0.8,0.37,0.64385364
0.81,0.37,0.64591839
0.82,0.37,0.64790817
0.83,0.37,0.64982549
0.84,0.37,0.65167278
0.85,0.37,0.6534524
0.86,0.37,0.65516668
0.87,0.37,0.65681783
0.88,0.37,0.65840804
0.89,0.37,0.65993942
0.9,0.37,0.66141401
0.91,0.37,0.6628338
0.92,0.37,0.66420071
0.93,0.37,0.66551662
0.94,0.37,0.66678332
0.95,0.37,0.66800257
0.96,0.37,0.66917607
0.97,0.37,0.67030546
0.98,0.37,0.67139231
0.99,0.37,0.67243818
1,0.37,0.67344455
-1,0.38,-0.6594549
-0.99,0.38,-0.65846944
-0.98,0.38,-0.6574453
-0.97,0.38,-0.65638102
-0.96,0.38,-0.65527509
-0.95,0.38,-0.65412597
-0.94,0.38,-0.65293205
-0.93,0.38,-0.65169166
-0.92,0.38,-0.65040309
-0.91,0.38,-0.64906457
-0.9,0.38,-0.64767428
-0.89,0.38,-0.64623032
-0.88,0.38,-0.64473075
-0.87,0.38,-0.64317358
-0.86,0.38,-0.64155672
-0.85,0.38,-0.63987806
-0.84,0.38,-0.6381354
-0.83,0.38,-0.63632648
-0.82,0.38,-0.634449
-0.81,0.38,-0.63250055
-0.8,0.38,-0.63047869
-0.79,0.38,-0.6283809
-0.78,0.38,-0.6262046
-0.77,0.38,-0.62394714
-0.76,0.38,-0.62160579
-0.75,0.38,-0.61917777
-0.74,0.38,-0.61666024
-0.73,0.38,-0.61405028
-0.72,0.38,-0.6113449
-0.71,0.38,-0.60854107
-0.7,0.38,-0.60563566
-0.69,0.38,-0.60262553
-0.68,0.38,-0.59950744
-0.67,0.38,-0.5962781
-0.66,0.38,-0.59293419
-0.65,0.38,-0.58947231
-0.64,0.38,-0.58588902
-0.63,0.38,-0.58218085
-0.62,0.38,-0.57834428
-0.61,0.38,-0.57437575
-0.6,0.38,-0.57027167
-0.59,0.38,-0.56602843
-0.58,0.38,-0.56164241
-0.57,0.38,-0.55710996
-0.56,0.38,-0.55242743
-0.55,0.38,-0.54759118
-0.54,0.38,-0.54259758
-0.53,0.38,-0.53744301
-0.52,0.38,-0.53212388
-0.51,0.38,-0.52663666
-0.5,0.38,-0.52097783
-0.49,0.38,-0.51514398
-0.48,0.38,-0.50913173
-0.47,0.38,-0.50293781
-0.46,0.38,-0.49655904
-0.45,0.38,-0.48999235
-0.44,0.38,-0.48323481
-0.43,0.38,-0.47628361
-0.42,0.38,-0.46913611
-0.41,0.38,-0.46178984
-0.4,0.38,-0.4542425
-0.39,0.38,-0.44649204
-0.38,0.38,-0.43853657
-0.37,0.38,-0.43037447
-0.36,0.38,-0.42200438
-0.35,0.38,-0.4134252
-0.34,0.38,-0.4046361
-0.33,0.38,-0.39563659
-0.32,0.38,-0.38642647
-0.31,0.38,-0.37700589
-0.3,0.38,-0.36737535
-0.29,0.38,-0.3575357
-0.28,0.38,-0.3474882
-0.27,0.38,-0.33723447
-0.26,0.38,-0.32677656
-0.25,0.38,-0.31611691
-0.24,0.38,-0.30525842
-0.23,0.38,-0.29420438
-0.22,0.38,-0.28295856
-0.21,0.38,-0.27152513
-0.2,0.38,-0.25990875
-0.19,0.38,-0.2481145
-0.18,0.38,-0.2361479
-0.17,0.38,-0.22401493
-0.16,0.38,-0.21172201
-0.15,0.38,-0.19927597
-0.14,0.38,-0.18668407
-0.13,0.38,-0.17395398
-0.12,0.38,-0.16109376
-0.11,0.38,-0.14811184
-0.1,0.38,-0.13501701
-0.09,0.38,-0.1218184
-0.08,0.38,-0.10852546
-0.07,0.38,-0.095147897
-0.06,0.38,-0.08169571
-0.05,0.38,-0.068179115
-0.04,0.38,-0.054608534
-0.03,0.38,-0.040994555
-0.02,0.38,-0.027347907
-0.01,0.38,-0.013679422
0,0.38,0
0.01,0.38,0.013679422
0.02,0.38,0.027347907
0.03,0.38,0.040994555
0.04,0.38,0.054608534
0.05,0.38,0.068179115
0.06,0.38,0.08169571
0.07,0.38,0.095147897
0.08,0.38,0.10852546
0.09,0.38,0.1218184
0.1,0.38,0.13501701
0.11,0.38,0.14811184
0.12,0.38,0.16109376
0.13,0.38,0.17395398
0.14,0.38,0.18668407
0.15,0.38,0.19927597
0.16,0.38,0.21172201
0.17,0.38,0.22401493
0.18,0.38,0.2361479
0.19,0.38,0.2481145
0.2,0.38,0.25990875
0.21,0.38,0.27152513
0.22,0.38,0.28295856
0.23,0.38,0.29420438
0.24,0.38,0.30525842
0.25,0.38,0.31611691
0.26,0.38,0.32677656
0.27,0.38,0.33723447
0.28,0.38,0.3474882
0.29,0.38,0.3575357
0.3,0.38,0.36737535
0.31,0.38,0.37700589
0.32,0.38,0.38642647
0.33,0.38,0.39563659
0.34,0.38,0.4046361
0.35,0.38,0.4134252
0.36,0.38,0.42200438
0.37,0.38,0.43037447
0.38,0.38,0.43853657
0.39,0.38,0.44649204
0.4,0.38,0.4542425
0.41,0.38,0.46178984
0.42,0.38,0.46913611
0.43,0.38,0.47628361
0.44,0.38,0.48323481
0.45,0.38,0.48999235
0.46,0.38,0.49655904
0.47,0.38,0.50293781
0.48,0.38,0.50913173
0.49,0.38,0.51514398
0.5,0.38,0.52097783
0.51,0.38,0.52663666
0.52,0.38,0.53212388
0.53,0.38,0.53744301
0.54,0.38,0.54259758
0.55,0.38,0.54759118
0.56,0.38,0.55242743
0.57,0.38,0.55710996
0.58,0.38,0.56164241
0.59,0.38,0.56602843
0.6,0.38,0.57027167
0.61,0.38,0.57437575
0.62,0.38,0.57834428
0.63,0.38,0.58218085
0.64,0.38,0.58588902
0.65,0.38,0.58947231
0.66,0.38,0.59293419
0.67,0.38,0.5962781
0.68,0.38,0.59950744
0.69,0.38,0.60262553
0.7,0.38,0.60563566
0.71,0.38,0.60854107
0.72,0.38,0.6113449
0.73,0.38,0.61405028
0.74,0.38,0.61666024
0.75,0.38,0.61917777
0.76,0.38,0.62160579
0.77,0.38,0.62394714
0.78,0.38,0.6262046
0.79,0.38,0.6283809
0.8,0.38,0.63047869
0.81,0.38,0.63250055
0.82,0.38,0.634449
0.83,0.38,0.63632648
0.84,0.38,0.6381354
0.85,0.38,0.63987806
0.86,0.38,0.64155672
0.87,0.38,0.64317358
0.88,0.38,0.64473075
0.89,0.38,0.64623032
0.9,0.38,0.64767428
0.91,0.38,0.64906457
0.92,0.38,0.65040309
0.93,0.38,0.65169166
0.94,0.38,0.65293205
0.95,0.38,0.65412597
0.96,0.38,0.65527509
0.97,0.38,0.65638102
0.98,0.38,0.6574453
0.99,0.38,0.65846944
1,0.38,0.6594549
-1,0.39,-0.64529014
-0.99,0.39,-0.64432585
-0.98,0.39,-0.6433237
-0.97,0.39,-0.64228228
-0.96,0.39,-0.64120011
-0.95,0.39,-0.64007567
-0.94,0.39,-0.63890739
-0.93,0.39,-0.63769365
-0.92,0.39,-0.63643276
-0.91,0.39,-0.63512299
-0.9,0.39,-0.63376256
-0.89,0.39,-0.63234961
-0.88,0.39,-0.63088226
-0.87,0.39,-0.62935853
-0.86,0.39,-0.6277764
-0.85,0.39,-0.6261338
-0.84,0.39,-0.62442857
-0.83,0.39,-0.62265851
-0.82,0.39,-0.62082135
-0.81,0.39,-0.61891475
-0.8,0.39,-0.61693632
-0.79,0.39,-0.61488359
-0.78,0.39,-0.61275404
-0.77,0.39,-0.61054506
-0.76,0.39,-0.60825401
-0.75,0.39,-0.60587815
-0.74,0.39,-0.60341469
-0.73,0.39,-0.60086079
-0.72,0.39,-0.59821352
-0.71,0.39,-0.59546991
-0.7,0.39,-0.59262691
-0.69,0.39,-0.58968143
-0.68,0.39,-0.58663032
-0.67,0.39,-0.58347035
-0.66,0.39,-0.58019826
-0.65,0.39,-0.57681074
-0.64,0.39,-0.57330442
-0.63,0.39,-0.5696759
-0.62,0.39,-0.56592173
-0.61,0.39,-0.56203844
-0.6,0.39,-0.55802252
-0.59,0.39,-0.55387042
-0.58,0.39,-0.54957861
-0.57,0.39,-0.54514352
-0.56,0.39,-0.54056157
-0.55,0.39,-0.5358292
-0.54,0.39,-0.53094285
-0.53,0.39,-0.525899
-0.52,0.39,-0.52069413
-0.51,0.39,-0.51532476
-0.5,0.39,-0.50978749
-0.49,0.39,-0.50407894
-0.48,0.39,-0.49819583
-0.47,0.39,-0.49213495
-0.46,0.39,-0.4858932
-0.45,0.39,-0.47946756
-0.44,0.39,-0.47285517
-0.43,0.39,-0.46605327
-0.42,0.39,-0.4590593
-0.41,0.39,-0.45187082
-0.4,0.39,-0.4444856
-0.39,0.39,-0.43690161
-0.38,0.39,-0.42911702
-0.37,0.39,-0.42113024
-0.36,0.39,-0.41293994
-0.35,0.39,-0.40454503
-0.34,0.39,-0.39594472
-0.33,0.39,-0.38713852
-0.32,0.39,-0.37812623
-0.31,0.39,-0.368908
-0.3,0.39,-0.35948431
-0.29,0.39,-0.34985602
-0.28,0.39,-0.34002433
-0.27,0.39,-0.32999084
-0.26,0.39,-0.31975756
-0.25,0.39,-0.30932688
-0.24,0.39,-0.29870162
-0.23,0.39,-0.28788502
-0.22,0.39,-0.27688075
-0.21,0.39,-0.26569291
-0.2,0.39,-0.25432604
-0.19,0.39,-0.24278512
-0.18,0.39,-0.23107556
-0.17,0.39,-0.2192032
-0.16,0.39,-0.20717433
-0.15,0.39,-0.19499562
-0.14,0.39,-0.18267419
-0.13,0.39,-0.17021754
-0.12,0.39,-0.15763354
-0.11,0.39,-0.14493047
-0.1,0.39,-0.13211691
-0.09,0.39,-0.11920181
-0.08,0.39,-0.10619438
-0.07,0.39,-0.093104167
-0.06,0.39,-0.079940927
-0.05,0.39,-0.066714662
-0.04,0.39,-0.05343557
-0.03,0.39,-0.040114012
-0.02,0.39,-0.026760488
-0.01,0.39,-0.013385595
0,0.39,0
0.01,0.39,0.013385595
0.02,0.39,0.026760488
0.03,0.39,0.040114012
0.04,0.39,0.05343557
0.05,0.39,0.066714662
0.06,0.39,0.079940927
0.07,0.39,0.093104167
0.08,0.39,0.10619438
0.09,0.39,0.11920181
0.1,0.39,0.13211691
0.11,0.39,0.14493047
0.12,0.39,0.15763354
0.13,0.39,0.17021754
0.14,0.39,0.18267419
0.15,0.39,0.19499562
0.16,0.39,0.20717433
0.17,0.39,0.2192032
0.18,0.39,0.23107556
0.19,0.39,0.24278512
0.2,0.39,0.25432604
0.21,0.39,0.26569291
0.22,0.39,0.27688075
0.23,0.39,0.28788502
0.24,0.39,0.29870162
0.25,0.39,0.30932688
0.26,0.39,0.31975756
0.27,0.39,0.32999084
0.28,0.39,0.34002433
0.29,0.39,0.34985602
0.3,0.39,0.35948431
0.31,0.39,0.368908
0.32,0.39,0.37812623
0.33,0.39,0.38713852
0.34,0.39,0.39594472
0.35,0.39,0.40454503
0.36,0.39,0.41293994
0.37,0.39,0.42113024
0.38,0.39,0.42911702
0.39,0.39,0.43690161
0.4,0.39,0.4444856
0.41,0.39,0.45187082
0.42,0.39,0.4590593
0.43,0.39,0.46605327
0.44,0.39,0.47285517
0.45,0.39,0.47946756
0.46,0.39,0.4858932
0.47,0.39,0.49213495
0.48,0.39,0.49819583
0.49,0.39,0.50407894
0.5,0.39,0.50978749
0.51,0.39,0.51532476
0.52,0.39,0.52069413
0.53,0.39,0.525899
0.54,0.39,0.53094285
0.55,0.39,0.5358292
0.56,0.39,0.54056157
0.57,0.39,0.54514352
0.58,0.39,0.54957861
0.59,0.39,0.55387042
0.6,0.39,0.55802252
0.61,0.39,0.56203844
0.62,0.39,0.56592173
0.63,0.39,0.5696759
0.64,0.39,0.57330442
0.65,0.39,0.57681074
0.66,0.39,0.58019826
0.67,0.39,0.58347035
0.68,0.39,0.58663032
0.69,0.39,0.58968143
0.7,0.39,0.59262691
0.71,0.39,0.59546991
0.72,0.39,0.59821352
0.73,0.39,0.60086079
0.74,0.39,0.60341469
0.75,0.39,0.60587815
0.76,0.39,0.60825401
0.77,0.39,0.61054506
0.78,0.39,0.61275404
0.79,0.39,0.61488359
0.8,0.39,0.61693632
0.81,0.39,0.61891475
0.82,0.39,0.62082135
0.83,0.39,0.62265851
0.84,0.39,0.62442857
0.85,0.39,0.6261338
0.86,0.39,0.6277764
0.87,0.39,0.62935853
0.88,0.39,0.63088226
0.89,0.39,0.63234961
0.9,0.39,0.63376256
0.91,0.39,0.63512299
0.92,0.39,0.63643276
0.93,0.39,0.63769365
0.94,0.39,0.63890739
0.95,0.39,0.64007567
0.96,0.39,0.64120011
0.97,0.39,0.64228228
0.98,0.39,0.6433237
0.99,0.39,0.64432585
1,0.39,0.64529014
-1,0.4,-0.63096424
-0.99,0.4,-0.63002136
-0.98,0.4,-0.62904146
-0.97,0.4,-0.62802316
-0.96,0.4,-0.62696502
-0.95,0.4,-0.62586554
-0.94,0.4,-0.6247232
-0.93,0.4,-0.6235364
-0.92,0.4,-0.6223035
-0.91,0.4,-0.62102281
-0.9,0.4,-0.61969258
-0.89,0.4,-0.61831101
-0.88,0.4,-0.61687623
-0.87,0.4,-0.61538633
-0.86,0.4,-0.61383932
-0.85,0.4,-0.61223319
-0.84,0.4,-0.61056581
-0.83,0.4,-0.60883505
-0.82,0.4,-0.60703868
-0.81,0.4,-0.60517441
-0.8,0.4,-0.6032399
-0.79,0.4,-0.60123274
-0.78,0.4,-0.59915047
-0.77,0.4,-0.59699053
-0.76,0.4,-0.59475034
-0.75,0.4,-0.59242722
-0.74,0.4,-0.59001846
-0.73,0.4,-0.58752125
-0.72,0.4,-0.58493276
-0.71,0.4,-0.58225006
-0.7,0.4,-0.57947018
-0.69,0.4,-0.57659009
-0.68,0.4,-0.57360671
-0.67,0.4,-0.57051689
-0.66,0.4,-0.56731745
-0.65,0.4,-0.56400513
-0.64,0.4,-0.56057665
-0.63,0.4,-0.55702869
-0.62,0.4,-0.55335787
-0.61,0.4,-0.54956079
-0.6,0.4,-0.54563402
-0.59,0.4,-0.54157411
-0.58,0.4,-0.53737758
-0.57,0.4,-0.53304094
-0.56,0.4,-0.52856072
-0.55,0.4,-0.52393341
-0.54,0.4,-0.51915555
-0.53,0.4,-0.51422367
-0.52,0.4,-0.50913435
-0.51,0.4,-0.50388419
-0.5,0.4,-0.49846985
-0.49,0.4,-0.49288803
-0.48,0.4,-0.48713553
-0.47,0.4,-0.48120921
-0.46,0.4,-0.47510603
-0.45,0.4,-0.46882304
-0.44,0.4,-0.46235745
-0.43,0.4,-0.45570656
-0.42,0.4,-0.44886786
-0.41,0.4,-0.44183897
-0.4,0.4,-0.43461771
-0.39,0.4,-0.42720209
-0.38,0.4,-0.41959032
-0.37,0.4,-0.41178085
-0.36,0.4,-0.40377238
-0.35,0.4,-0.39556385
-0.34,0.4,-0.38715447
-0.33,0.4,-0.37854377
-0.32,0.4,-0.36973156
-0.31,0.4,-0.36071798
-0.3,0.4,-0.35150351
-0.29,0.4,-0.34208896
-0.28,0.4,-0.33247555
-0.27,0.4,-0.32266481
-0.26,0.4,-0.31265872
-0.25,0.4,-0.30245961
-0.24,0.4,-0.29207023
-0.23,0.4,-0.28149377
-0.22,0.4,-0.2707338
-0.21,0.4,-0.25979434
-0.2,0.4,-0.24867982
-0.19,0.4,-0.23739512
-0.18,0.4,-0.22594552
-0.17,0.4,-0.21433674
-0.16,0.4,-0.20257491
-0.15,0.4,-0.19066658
-0.14,0.4,-0.17861869
-0.13,0.4,-0.16643859
-0.12,0.4,-0.15413397
-0.11,0.4,-0.14171291
-0.1,0.4,-0.12918382
-0.09,0.4,-0.11655544
-0.08,0.4,-0.10383679
-0.07,0.4,-0.091037189
-0.06,0.4,-0.078166182
-0.05,0.4,-0.065233549
-0.04,0.4,-0.052249262
-0.03,0.4,-0.039223453
-0.02,0.4,-0.026166386
-0.01,0.4,-0.013088425
0,0.4,0
0.01,0.4,0.013088425
0.02,0.4,0.026166386
0.03,0.4,0.039223453
0.04,0.4,0.052249262
0.05,0.4,0.065233549
0.06,0.4,0.078166182
0.07,0.4,0.091037189
0.08,0.4,0.10383679
0.09,0.4,0.11655544
0.1,0.4,0.12918382
0.11,0.4,0.14171291
0.12,0.4,0.15413397
0.13,0.4,0.16643859
0.14,0.4,0.17861869
0.15,0.4,0.19066658
0.16,0.4,0.20257491
0.17,0.4,0.21433674
0.18,0.4,0.22594552
0.19,0.4,0.23739512
0.2,0.4,0.24867982
0.21,0.4,0.25979434
0.22,0.4,0.2707338
0.23,0.4,0.28149377
0.24,0.4,0.29207023
0.25,0.4,0.30245961
0.26,0.4,0.31265872
0.27,0.4,0.32266481
0.28,0.4,0.33247555
0.29,0.4,0.34208896
0.3,0.4,0.35150351
0.31,0.4,0.36071798
0.32,0.4,0.36973156
0.33,0.4,0.37854377
0.34,0.4,0.38715447
0.35,0.4,0.39556385
0.36,0.4,0.40377238
0.37,0.4,0.41178085
0.38,0.4,0.41959032
0.39,0.4,0.42720209
0.4,0.4,0.43461771
0.41,0.4,0.44183897
0.42,0.4,0.44886786
0.43,0.4,0.45570656
0.44,0.4,0.46235745
0.45,0.4,0.46882304
0.46,0.4,0.47510603
0.47,0.4,0.48120921
0.48,0.4,0.48713553
0.49,0.4,0.49288803
0.5,0.4,0.49846985
0.51,0.4,0.50388419
0.52,0.4,0.50913435
0.53,0.4,0.51422367
0.54,0.4,0.51915555
0.55,0.4,0.52393341
0.56,0.4,0.52856072
0.57,0.4,0.53304094
0.58,0.4,0.53737758
0.59,0.4,0.54157411
0.6,0.4,0.54563402
0.61,0.4,0.54956079
0.62,0.4,0.55335787
0.63,0.4,0.55702869
0.64,0.4,0.56057665
0.65,0.4,0.56400513
0.66,0.4,0.56731745
0.67,0.4,0.57051689
0.68,0.4,0.57360671
0.69,0.4,0.57659009
0.7,0.4,0.57947018
0.71,0.4,0.58225006
0.72,0.4,0.58493276
0.73,0.4,0.58752125
0.74,0.4,0.59001846
0.75,0.4,0.59242722
0.76,0.4,0.59475034
0.77,0.4,0.59699053
0.78,0.4,0.59915047
0.79,0.4,0.60123274
0.8,0.4,0.6032399
0.81,0.4,0.60517441
0.82,0.4,0.60703868
0.83,0.4,0.60883505
0.84,0.4,0.61056581
0.85,0.4,0.61223319
0.86,0.4,0.61383932
0.87,0.4,0.61538633
0.88,0.4,0.61687623
0.89,0.4,0.61831101
0.9,0.4,0.61969258
0.91,0.4,0.62102281
0.92,0.4,0.6223035
0.93,0.4,0.6235364
0.94,0.4,0.6247232
0.95,0.4,0.62586554
0.96,0.4,0.62696502
0.97,0.4,0.62802316
0.98,0.4,0.62904146
0.99,0.4,0.63002136
1,0.4,0.63096424
-1,0.41,-0.61649135
-0.99,0.41,-0.61557009
-0.98,0.41,-0.61461267
-0.97,0.41,-0.61361773
-0.96,0.41,-0.61258386
-0.95,0.41,-0.6115096
-0.94,0.41,-0.61039346
-0.93,0.41,-0.60923388
-0.92,0.41,-0.60802927
-0.91,0.41,-0.60677795
-0.9,0.41,-0.60547823
-0.89,0.41,-0.60412835
-0.88,0.41,-0.60272648
-0.87,0.41,-0.60127076
-0.86,0.41,-0.59975924
-0.85,0.41,-0.59818994
-0.84,0.41,-0.59656082
-0.83,0.41,-0.59486975
-0.82,0.41,-0.59311458
-0.81,0.41,-0.59129308
-0.8,0.41,-0.58940294
-0.79,0.41,-0.58744183
-0.78,0.41,-0.58540731
-0.77,0.41,-0.58329692
-0.76,0.41,-0.58110811
-0.75,0.41,-0.57883828
-0.74,0.41,-0.57648477
-0.73,0.41,-0.57404484
-0.72,0.41,-0.57151572
-0.71,0.41,-0.56889456
-0.7,0.41,-0.56617844
-0.69,0.41,-0.56336442
-0.68,0.41,-0.56044947
-0.67,0.41,-0.55743053
-0.66,0.41,-0.55430447
-0.65,0.41,-0.55106813
-0.64,0.41,-0.54771829
-0.63,0.41,-0.54425171
-0.62,0.41,-0.54066509
-0.61,0.41,-0.53695511
-0.6,0.41,-0.53311841
-0.59,0.41,-0.52915163
-0.58,0.41,-0.52505135
-0.57,0.41,-0.52081419
-0.56,0.41,-0.51643673
-0.55,0.41,-0.51191556
-0.54,0.41,-0.5072473
-0.53,0.41,-0.50242854
-0.52,0.41,-0.49745596
-0.51,0.41,-0.49232623
-0.5,0.41,-0.48703608
-0.49,0.41,-0.4815823
-0.48,0.41,-0.47596175
-0.47,0.41,-0.47017136
-0.46,0.41,-0.46420817
-0.45,0.41,-0.4580693
-0.44,0.41,-0.45175201
-0.43,0.41,-0.44525369
-0.42,0.41,-0.43857185
-0.41,0.41,-0.43170418
-0.4,0.41,-0.42464856
-0.39,0.41,-0.41740304
-0.38,0.41,-0.40996587
-0.37,0.41,-0.40233553
-0.36,0.41,-0.39451076
-0.35,0.41,-0.38649051
-0.34,0.41,-0.37827402
-0.33,0.41,-0.36986083
-0.32,0.41,-0.36125075
-0.31,0.41,-0.35244392
-0.3,0.41,-0.34344081
-0.29,0.41,-0.33424222
-0.28,0.41,-0.32484931
-0.27,0.41,-0.31526361
-0.26,0.41,-0.30548703
-0.25,0.41,-0.29552187
-0.24,0.41,-0.2853708
-0.23,0.41,-0.27503694
-0.22,0.41,-0.26452378
-0.21,0.41,-0.25383525
-0.2,0.41,-0.24297567
-0.19,0.41,-0.23194981
-0.18,0.41,-0.22076284
-0.17,0.41,-0.20942034
-0.16,0.41,-0.1979283
-0.15,0.41,-0.18629312
-0.14,0.41,-0.17452159
-0.13,0.41,-0.16262086
-0.12,0.41,-0.15059848
-0.11,0.41,-0.13846234
-0.1,0.41,-0.12622064
-0.09,0.41,-0.11388192
-0.08,0.41,-0.10145501
-0.07,0.41,-0.088949002
-0.06,0.41,-0.076373226
-0.05,0.41,-0.063737239
-0.04,0.41,-0.051050782
-0.03,0.41,-0.038323756
-0.02,0.41,-0.025566188
-0.01,0.41,-0.012788206
0,0.41,0
0.01,0.41,0.012788206
0.02,0.41,0.025566188
0.03,0.41,0.038323756
0.04,0.41,0.051050782
0.05,0.41,0.063737239
0.06,0.41,0.076373226
0.07,0.41,0.088949002
0.08,0.41,0.10145501
0.09,0.41,0.11388192
0.1,0.41,0.12622064
0.11,0.41,0.13846234
0.12,0.41,0.15059848
0.13,0.41,0.16262086
0.14,0.41,0.17452159
0.15,0.41,0.18629312
0.16,0.41,0.1979283
0.17,0.41,0.20942034
0.18,0.41,0.22076284
0.19,0.41,0.23194981
0.2,0.41,0.24297567
0.21,0.41,0.25383525
0.22,0.41,0.26452378
0.23,0.41,0.27503694
0.24,0.41,0.2853708
0.25,0.41,0.29552187
0.26,0.41,0.30548703
0.27,0.41,0.31526361
0.28,0.41,0.32484931
0.29,0.41,0.33424222
0.3,0.41,0.34344081
0.31,0.41,0.35244392
0.32,0.41,0.36125075
0.33,0.41,0.36986083
0.34,0.41,0.37827402
0.35,0.41,0.38649051
0.36,0.41,0.39451076
0.37,0.41,0.40233553
0.38,0.41,0.40996587
0.39,0.41,0.41740304
0.4,0.41,0.42464856
0.41,0.41,0.43170418
0.42,0.41,0.43857185
0.43,0.41,0.44525369
0.44,0.41,0.45175201
0.45,0.41,0.4580693
0.46,0.41,0.46420817
0.47,0.41,0.47017136
0.48,0.41,0.47596175
0.49,0.41,0.4815823
0.5,0.41,0.48703608
0.51,0.41,0.49232623
0.52,0.41,0.49745596
0.53,0.41,0.50242854
0.54,0.41,0.5072473
0.55,0.41,0.51191556
0.56,0.41,0.51643673
0.57,0.41,0.52081419
0.58,0.41,0.52505135
0.59,0.41,0.52915163
0.6,0.41,0.53311841
0.61,0.41,0.53695511
0.62,0.41,0.54066509
0.63,0.41,0.54425171
0.64,0.41,0.54771829
0.65,0.41,0.55106813
0.66,0.41,0.55430447
0.67,0.41,0.55743053
0.68,0.41,0.56044947
0.69,0.41,0.56336442
0.7,0.41,0.56617844
0.71,0.41,0.56889456
0.72,0.41,0.57151572
0.73,0.41,0.57404484
0.74,0.41,0.57648477
0.75,0.41,0.57883828
0.76,0.41,0.58110811
0.77,0.41,0.58329692
0.78,0.41,0.58540731
0.79,0.41,0.58744183
0.8,0.41,0.58940294
0.81,0.41,0.59129308
0.82,0.41,0.59311458
0.83,0.41,0.59486975
0.84,0.41,0.59656082
0.85,0.41,0.59818994
0.86,0.41,0.59975924
0.87,0.41,0.60127076
0.88,0.41,0.60272648
0.89,0.41,0.60412835
0.9,0.41,0.60547823
0.91,0.41,0.60677795
0.92,0.41,0.60802927
0.93,0.41,0.60923388
0.94,0.41,0.61039346
0.95,0.41,0.6115096
0.96,0.41,0.61258386
0.97,0.41,0.61361773
0.98,0.41,0.61461267
0.99,0.41,0.61557009
1,0.41,0.61649135
-1,0.42,-0.60188575
-0.99,0.42,-0.60098631
-0.98,0.42,-0.60005158
-0.97,0.42,-0.5990802
-0.96,0.42,-0.59807083
-0.95,0.42,-0.59702202
-0.94,0.42,-0.59593232
-0.93,0.42,-0.59480022
-0.92,0.42,-0.59362414
-0.91,0.42,-0.59240247
-0.9,0.42,-0.59113355
-0.89,0.42,-0.58981564
-0.88,0.42,-0.58844699
-0.87,0.42,-0.58702575
-0.86,0.42,-0.58555004
-0.85,0.42,-0.58401792
-0.84,0.42,-0.58242739
-0.83,0.42,-0.58077639
-0.82,0.42,-0.57906281
-0.81,0.42,-0.57728446
-0.8,0.42,-0.5754391
-0.79,0.42,-0.57352445
-0.78,0.42,-0.57153813
-0.77,0.42,-0.56947774
-0.76,0.42,-0.56734079
-0.75,0.42,-0.56512474
-0.74,0.42,-0.56282698
-0.73,0.42,-0.56044486
-0.72,0.42,-0.55797566
-0.71,0.42,-0.55541659
-0.7,0.42,-0.55276482
-0.69,0.42,-0.55001747
-0.68,0.42,-0.54717158
-0.67,0.42,-0.54422416
-0.66,0.42,-0.54117216
-0.65,0.42,-0.5380125
-0.64,0.42,-0.53474203
-0.63,0.42,-0.53135757
-0.62,0.42,-0.52785593
-0.61,0.42,-0.52423384
-0.6,0.42,-0.52048804
-0.59,0.42,-0.51661523
-0.58,0.42,-0.5126121
-0.57,0.42,-0.50847532
-0.56,0.42,-0.50420157
-0.55,0.42,-0.49978752
-0.54,0.42,-0.49522985
-0.53,0.42,-0.49052526
-0.52,0.42,-0.48567048
-0.51,0.42,-0.48066228
-0.5,0.42,-0.47549746
-0.49,0.42,-0.47017289
-0.48,0.42,-0.4646855
-0.47,0.42,-0.4590323
-0.46,0.42,-0.45321038
-0.45,0.42,-0.44721695
-0.44,0.42,-0.44104933
-0.43,0.42,-0.43470496
-0.42,0.42,-0.42818142
-0.41,0.42,-0.42147646
-0.4,0.42,-0.414588
-0.39,0.42,-0.40751413
-0.38,0.42,-0.40025316
-0.37,0.42,-0.3928036
-0.36,0.42,-0.3851642
-0.35,0.42,-0.37733397
-0.34,0.42,-0.36931214
-0.33,0.42,-0.36109827
-0.32,0.42,-0.35269218
-0.31,0.42,-0.344094
-0.3,0.42,-0.33530418
-0.29,0.42,-0.32632352
-0.28,0.42,-0.31715314
-0.27,0.42,-0.30779454
-0.26,0.42,-0.29824959
-0.25,0.42,-0.28852051
-0.24,0.42,-0.27860994
-0.23,0.42,-0.2685209
-0.22,0.42,-0.25825682
-0.21,0.42,-0.24782151
-0.2,0.42,-0.23721921
-0.19,0.42,-0.22645457
-0.18,0.42,-0.21553264
-0.17,0.42,-0.20445886
-0.16,0.42,-0.19323908
-0.15,0.42,-0.18187956
-0.14,0.42,-0.17038691
-0.13,0.42,-0.15876813
-0.12,0.42,-0.14703058
-0.11,0.42,-0.13518196
-0.1,0.42,-0.12323028
-0.09,0.42,-0.11118389
-0.08,0.42,-0.099051391
-0.07,0.42,-0.086841667
-0.06,0.42,-0.07456383
-0.05,0.42,-0.062227208
-0.04,0.42,-0.049841313
-0.03,0.42,-0.037415808
-0.02,0.42,-0.024960487
-0.01,0.42,-0.012485234
0,0.42,0
0.01,0.42,0.012485234
0.02,0.42,0.024960487
0.03,0.42,0.037415808
0.04,0.42,0.049841313
0.05,0.42,0.062227208
0.06,0.42,0.07456383
0.07,0.42,0.086841667
0.08,0.42,0.099051391
0.09,0.42,0.11118389
0.1,0.42,0.12323028
0.11,0.42,0.13518196
0.12,0.42,0.14703058
0.13,0.42,0.15876813
0.14,0.42,0.17038691
0.15,0.42,0.18187956
0.16,0.42,0.19323908
0.17,0.42,0.20445886
0.18,0.42,0.21553264
0.19,0.42,0.22645457
0.2,0.42,0.23721921
0.21,0.42,0.24782151
0.22,0.42,0.25825682
0.23,0.42,0.2685209
0.24,0.42,0.27860994
0.25,0.42,0.28852051
0.26,0.42,0.29824959
0.27,0.42,0.30779454
0.28,0.42,0.31715314
0.29,0.42,0.32632352
0.3,0.42,0.33530418
0.31,0.42,0.344094
0.32,0.42,0.35269218
0.33,0.42,0.36109827
0.34,0.42,0.36931214
0.35,0.42,0.37733397
0.36,0.42,0.3851642
0.37,0.42,0.3928036
0.38,0.42,0.40025316
0.39,0.42,0.40751413
0.4,0.42,0.414588
0.41,0.42,0.42147646
0.42,0.42,0.42818142
0.43,0.42,0.43470496
0.44,0.42,0.44104933
0.45,0.42,0.44721695
0.46,0.42,0.45321038
0.47,0.42,0.4590323
0.48,0.42,0.4646855
0.49,0.42,0.47017289
0.5,0.42,0.47549746
0.51,0.42,0.48066228
0.52,0.42,0.48567048
0.53,0.42,0.49052526
0.54,0.42,0.49522985
0.55,0.42,0.49978752
0.56,0.42,0.50420157
0.57,0.42,0.50847532
0.58,0.42,0.5126121
0.59,0.42,0.51661523
0.6,0.42,0.52048804
0.61,0.42,0.52423384
0.62,0.42,0.52785593
0.63,0.42,0.53135757
0.64,0.42,0.53474203
0.65,0.42,0.5380125
0.66,0.42,0.54117216
0.67,0.42,0.54422416
0.68,0.42,0.54717158
0.69,0.42,0.55001747
0.7,0.42,0.55276482
0.71,0.42,0.55541659
0.72,0.42,0.55797566
0.73,0.42,0.56044486
0.74,0.42,0.56282698
0.75,0.42,0.56512474
0.76,0.42,0.56734079
0.77,0.42,0.56947774
0.78,0.42,0.57153813
0.79,0.42,0.57352445
0.8,0.42,0.5754391
0.81,0.42,0.57728446
0.82,0.42,0.57906281
0.83,0.42,0.58077639
0.84,0.42,0.58242739
0.85,0.42,0.58401792
0.86,0.42,0.58555004
0.87,0.42,0.58702575
0.88,0.42,0.58844699
0.89,0.42,0.58981564
0.9,0.42,0.59113355
0.91,0.42,0.59240247
0.92,0.42,0.59362414
0.93,0.42,0.59480022
0.94,0.42,0.59593232
0.95,0.42,0.59702202
0.96,0.42,0.59807083
0.97,0.42,0.5990802
0.98,0.42,0.60005158
0.99,0.42,0.60098631
1,0.42,0.60188575
-1,0.43,-0.58716184
-0.99,0.43,-0.58628441
-0.98,0.43,-0.58537254
-0.97,0.43,-0.58442493
-0.96,0.43,-0.58344025
-0.95,0.43,-0.5824171
-0.94,0.43,-0.58135406
-0.93,0.43,-0.58024965
-0.92,0.43,-0.57910234
-0.91,0.43,-0.57791056
-0.9,0.43,-0.57667267
-0.89,0.43,-0.57538701
-0.88,0.43,-0.57405183
-0.87,0.43,-0.57266536
-0.86,0.43,-0.57122576
-0.85,0.43,-0.56973112
-0.84,0.43,-0.5681795
-0.83,0.43,-0.56656889
-0.82,0.43,-0.56489722
-0.81,0.43,-0.56316237
-0.8,0.43,-0.56136216
-0.79,0.43,-0.55949434
-0.78,0.43,-0.55755662
-0.77,0.43,-0.55554663
-0.76,0.43,-0.55346196
-0.75,0.43,-0.55130011
-0.74,0.43,-0.54905857
-0.73,0.43,-0.54673472
-0.72,0.43,-0.54432592
-0.71,0.43,-0.54182946
-0.7,0.43,-0.53924256
-0.69,0.43,-0.53656242
-0.68,0.43,-0.53378615
-0.67,0.43,-0.53091083
-0.66,0.43,-0.52793349
-0.65,0.43,-0.52485112
-0.64,0.43,-0.52166066
-0.63,0.43,-0.518359
-0.62,0.43,-0.51494301
-0.61,0.43,-0.51140953
-0.6,0.43,-0.50775536
-0.59,0.43,-0.50397729
-0.58,0.43,-0.50007209
-0.57,0.43,-0.49603651
-0.56,0.43,-0.49186731
-0.55,0.43,-0.48756124
-0.54,0.43,-0.48311506
-0.53,0.43,-0.47852556
-0.52,0.43,-0.47378955
-0.51,0.43,-0.46890386
-0.5,0.43,-0.46386539
-0.49,0.43,-0.45867107
-0.48,0.43,-0.45331792
-0.47,0.43,-0.44780301
-0.46,0.43,-0.44212351
-0.45,0.43,-0.4362767
-0.44,0.43,-0.43025996
-0.43,0.43,-0.42407079
-0.42,0.43,-0.41770684
-0.41,0.43,-0.4111659
-0.4,0.43,-0.40444595
-0.39,0.43,-0.39754513
-0.38,0.43,-0.39046178
-0.37,0.43,-0.38319446
-0.36,0.43,-0.37574195
-0.35,0.43,-0.36810326
-0.34,0.43,-0.36027768
-0.33,0.43,-0.35226474
-0.32,0.43,-0.34406429
-0.31,0.43,-0.33567644
-0.3,0.43,-0.32710165
-0.29,0.43,-0.31834068
-0.28,0.43,-0.30939464
-0.27,0.43,-0.30026498
-0.26,0.43,-0.29095352
-0.25,0.43,-0.28146245
-0.24,0.43,-0.27179432
-0.23,0.43,-0.26195209
-0.22,0.43,-0.25193909
-0.21,0.43,-0.24175906
-0.2,0.43,-0.23141613
-0.19,0.43,-0.22091483
-0.18,0.43,-0.21026007
-0.17,0.43,-0.19945719
-0.16,0.43,-0.18851188
-0.15,0.43,-0.17743024
-0.14,0.43,-0.16621874
-0.13,0.43,-0.15488419
-0.12,0.43,-0.14343378
-0.11,0.43,-0.13187501
-0.1,0.43,-0.12021571
-0.09,0.43,-0.108464
-0.08,0.43,-0.096628302
-0.07,0.43,-0.084717263
-0.06,0.43,-0.072739778
-0.05,0.43,-0.060704947
-0.04,0.43,-0.048622047
-0.03,0.43,-0.036500507
-0.02,0.43,-0.02434988
-0.01,0.43,-0.012179808
0,0.43,0
0.01,0.43,0.012179808
0.02,0.43,0.02434988
0.03,0.43,0.036500507
0.04,0.43,0.048622047
0.05,0.43,0.060704947
0.06,0.43,0.072739778
0.07,0.43,0.084717263
0.08,0.43,0.096628302
0.09,0.43,0.108464
0.1,0.43,0.12021571
0.11,0.43,0.13187501
0.12,0.43,0.14343378
0.13,0.43,0.15488419
0.14,0.43,0.16621874
0.15,0.43,0.17743024
0.16,0.43,0.18851188
0.17,0.43,0.19945719
0.18,0.43,0.21026007
0.19,0.43,0.22091483
0.2,0.43,0.23141613
0.21,0.43,0.24175906
0.22,0.43,0.25193909
0.23,0.43,0.26195209
0.24,0.43,0.27179432
0.25,0.43,0.28146245
0.26,0.43,0.29095352
0.27,0.43,0.30026498
0.28,0.43,0.30939464
0.29,0.43,0.31834068
0.3,0.43,0.32710165
0.31,0.43,0.33567644
0.32,0.43,0.34406429
0.33,0.43,0.35226474
0.34,0.43,0.36027768
0.35,0.43,0.36810326
0.36,0.43,0.37574195
0.37,0.43,0.38319446
0.38,0.43,0.39046178
0.39,0.43,0.39754513
0.4,0.43,0.40444595
0.41,0.43,0.4111659
0.42,0.43,0.41770684
0.43,0.43,0.42407079
0.44,0.43,0.43025996
0.45,0.43,0.4362767
0.46,0.43,0.44212351
0.47,0.43,0.44780301
0.48,0.43,0.45331792
0.49,0.43,0.45867107
0.5,0.43,0.46386539
0.51,0.43,0.46890386
0.52,0.43,0.47378955
0.53,0.43,0.47852556
0.54,0.43,0.48311506
0.55,0.43,0.48756124
0.56,0.43,0.49186731
0.57,0.43,0.49603651
0.58,0.43,0.50007209
0.59,0.43,0.50397729
0.6,0.43,0.50775536
0.61,0.43,0.51140953
0.62,0.43,0.51494301
0.63,0.43,0.518359
0.64,0.43,0.52166066
0.65,0.43,0.52485112
0.66,0.43,0.52793349
0.67,0.43,0.53091083
0.68,0.43,0.53378615
0.69,0.43,0.53656242
0.7,0.43,0.53924256
0.71,0.43,0.54182946
0.72,0.43,0.54432592
0.73,0.43,0.54673472
0.74,0.43,0.54905857
0.75,0.43,0.55130011
0.76,0.43,0.55346196
0.77,0.43,0.55554663
0.78,0.43,0.55755662
0.79,0.43,0.55949434
0.8,0.43,0.56136216
0.81,0.43,0.56316237
0.82,0.43,0.56489722
0.83,0.43,0.56656889
0.84,0.43,0.5681795
0.85,0.43,0.56973112
0.86,0.43,0.57122576
0.87,0.43,0.57266536
0.88,0.43,0.57405183
0.89,0.43,0.57538701
0.9,0.43,0.57667267
0.91,0.43,0.57791056
0.92,0.43,0.57910234
0.93,0.43,0.58024965
0.94,0.43,0.58135406
0.95,0.43,0.5824171
0.96,0.43,0.58344025
0.97,0.43,0.58442493
0.98,0.43,0.58537254
0.99,0.43,0.58628441
1,0.43,0.58716184
-1,0.44,-0.57233417
-0.99,0.44,-0.5714789
-0.98,0.44,-0.57059005
-0.97,0.44,-0.56966637
-0.96,0.44,-0.56870656
-0.95,0.44,-0.56770925
-0.94,0.44,-0.56667305
-0.93,0.44,-0.56559653
-0.92,0.44,-0.56447819
-0.91,0.44,-0.56331651
-0.9,0.44,-0.56210988
-0.89,0.44,-0.56085669
-0.88,0.44,-0.55955523
-0.87,0.44,-0.55820377
-0.86,0.44,-0.55680052
-0.85,0.44,-0.55534363
-0.84,0.44,-0.55383119
-0.83,0.44,-0.55226125
-0.82,0.44,-0.5506318
-0.81,0.44,-0.54894076
-0.8,0.44,-0.54718601
-0.79,0.44,-0.54536536
-0.78,0.44,-0.54347657
-0.77,0.44,-0.54151734
-0.76,0.44,-0.53948531
-0.75,0.44,-0.53737806
-0.74,0.44,-0.53519312
-0.73,0.44,-0.53292796
-0.72,0.44,-0.53057999
-0.71,0.44,-0.52814657
-0.7,0.44,-0.525625
-0.69,0.44,-0.52301254
-0.68,0.44,-0.52030638
-0.67,0.44,-0.51750367
-0.66,0.44,-0.51460152
-0.65,0.44,-0.51159699
-0.64,0.44,-0.50848709
-0.63,0.44,-0.50526881
-0.62,0.44,-0.50193909
-0.61,0.44,-0.49849484
-0.6,0.44,-0.49493295
-0.59,0.44,-0.49125029
-0.58,0.44,-0.48744371
-0.57,0.44,-0.48351004
-0.56,0.44,-0.47944612
-0.55,0.44,-0.47524879
-0.54,0.44,-0.47091489
-0.53,0.44,-0.46644129
-0.52,0.44,-0.46182488
-0.51,0.44,-0.45706257
-0.5,0.44,-0.45215134
-0.49,0.44,-0.44708819
-0.48,0.44,-0.44187022
-0.47,0.44,-0.43649458
-0.46,0.44,-0.43095851
-0.45,0.44,-0.42525935
-0.44,0.44,-0.41939455
-0.43,0.44,-0.41336168
-0.42,0.44,-0.40715843
-0.41,0.44,-0.40078268
-0.4,0.44,-0.39423243
-0.39,0.44,-0.38750587
-0.38,0.44,-0.3806014
-0.37,0.44,-0.3735176
-0.36,0.44,-0.36625329
-0.35,0.44,-0.3588075
-0.34,0.44,-0.35117954
-0.33,0.44,-0.34336895
-0.32,0.44,-0.33537559
-0.31,0.44,-0.32719956
-0.3,0.44,-0.31884131
-0.29,0.44,-0.31030158
-0.28,0.44,-0.30158146
-0.27,0.44,-0.29268235
-0.26,0.44,-0.28360603
-0.25,0.44,-0.27435464
-0.24,0.44,-0.26493066
-0.23,0.44,-0.25533698
-0.22,0.44,-0.24557684
-0.21,0.44,-0.23565389
-0.2,0.44,-0.22557215
-0.19,0.44,-0.21533603
-0.18,0.44,-0.20495035
-0.17,0.44,-0.19442027
-0.16,0.44,-0.18375137
-0.15,0.44,-0.17294958
-0.14,0.44,-0.1620212
-0.13,0.44,-0.15097288
-0.12,0.44,-0.13981163
-0.11,0.44,-0.12854475
-0.1,0.44,-0.11717988
-0.09,0.44,-0.10572495
-0.08,0.44,-0.094188135
-0.07,0.44,-0.082577887
-0.06,0.44,-0.070902871
-0.05,0.44,-0.059171957
-0.04,0.44,-0.047394188
-0.03,0.44,-0.035578755
-0.02,0.44,-0.023734969
-0.01,0.44,-0.01187223
0,0.44,0
0.01,0.44,0.01187223
0.02,0.44,0.023734969
0.03,0.44,0.035578755
0.04,0.44,0.047394188
0.05,0.44,0.059171957
0.06,0.44,0.070902871
0.07,0.44,0.082577887
0.08,0.44,0.094188135
0.09,0.44,0.10572495
0.1,0.44,0.11717988
0.11,0.44,0.12854475
0.12,0.44,0.13981163
0.13,0.44,0.15097288
0.14,0.44,0.1620212
0.15,0.44,0.17294958
0.16,0.44,0.18375137
0.17,0.44,0.19442027
0.18,0.44,0.20495035
0.19,0.44,0.21533603
0.2,0.44,0.22557215
0.21,0.44,0.23565389
0.22,0.44,0.24557684
0.23,0.44,0.25533698
0.24,0.44,0.26493066
0.25,0.44,0.27435464
0.26,0.44,0.28360603
0.27,0.44,0.29268235
0.28,0.44,0.30158146
0.29,0.44,0.31030158
0.3,0.44,0.31884131
0.31,0.44,0.32719956
0.32,0.44,0.33537559
0.33,0.44,0.34336895
0.34,0.44,0.35117954
0.35,0.44,0.3588075
0.36,0.44,0.36625329
0.37,0.44,0.3735176
0.38,0.44,0.3806014
0.39,0.44,0.38750587
0.4,0.44,0.39423243
0.41,0.44,0.40078268
0.42,0.44,0.40715843
0.43,0.44,0.41336168
0.44,0.44,0.41939455
0.45,0.44,0.42525935
0.46,0.44,0.43095851
0.47,0.44,0.43649458
0.48,0.44,0.44187022
0.49,0.44,0.44708819
0.5,0.44,0.45215134
0.51,0.44,0.45706257
0.52,0.44,0.46182488
0.53,0.44,0.46644129
0.54,0.44,0.47091489
0.55,0.44,0.47524879
0.56,0.44,0.47944612
0.57,0.44,0.48351004
0.58,0.44,0.48744371
0.59,0.44,0.49125029
0.6,0.44,0.49493295
0.61,0.44,0.49849484
0.62,0.44,0.50193909
0.63,0.44,0.50526881
0.64,0.44,0.50848709
0.65,0.44,0.51159699
0.66,0.44,0.51460152
0.67,0.44,0.51750367
0.68,0.44,0.52030638
0.69,0.44,0.52301254
0.7,0.44,0.525625
0.71,0.44,0.52814657
0.72,0.44,0.53057999
0.73,0.44,0.53292796
0.74,0.44,0.53519312
0.75,0.44,0.53737806
0.76,0.44,0.53948531
0.77,0.44,0.54151734
0.78,0.44,0.54347657
0.79,0.44,0.54536536
0.8,0.44,0.54718601
0.81,0.44,0.54894076
0.82,0.44,0.5506318
0.83,0.44,0.55226125
0.84,0.44,0.55383119
0.85,0.44,0.55534363
0.86,0.44,0.55680052
0.87,0.44,0.55820377
0.88,0.44,0.55955523
0.89,0.44,0.56085669
0.9,0.44,0.56210988
0.91,0.44,0.56331651
0.92,0.44,0.56447819
0.93,0.44,0.56559653
0.94,0.44,0.56667305
0.95,0.44,0.56770925
0.96,0.44,0.56870656
0.97,0.44,0.56966637
0.98,0.44,0.57059005
0.99,0.44,0.5714789
1,0.44,0.57233417
-1,0.45,-0.55741736
-0.99,0.45,-0.55658438
-0.98,0.45,-0.5557187
-0.97,0.45,-0.5548191
-0.96,0.45,-0.55388429
-0.95,0.45,-0.55291298
-0.94,0.45,-0.55190379
-0.93,0.45,-0.55085532
-0.92,0.45,-0.54976614
-0.91,0.45,-0.54863473
-0.9,0.45,-0.54745955
-0.89,0.45,-0.54623902
-0.88,0.45,-0.54497148
-0.87,0.45,-0.54365525
-0.86,0.45,-0.54228857
-0.85,0.45,-0.54086964
-0.84,0.45,-0.53939663
-0.83,0.45,-0.53786761
-0.82,0.45,-0.53628062
-0.81,0.45,-0.53463366
-0.8,0.45,-0.53292464
-0.79,0.45,-0.53115144
-0.78,0.45,-0.52931188
-0.77,0.45,-0.52740372
-0.76,0.45,-0.52542465
-0.75,0.45,-0.52337232
-0.74,0.45,-0.52124433
-0.73,0.45,-0.5190382
-0.72,0.45,-0.51675143
-0.71,0.45,-0.51438143
-0.7,0.45,-0.51192558
-0.69,0.45,-0.5093812
-0.68,0.45,-0.50674557
-0.67,0.45,-0.50401591
-0.66,0.45,-0.5011894
-0.65,0.45,-0.49826318
-0.64,0.45,-0.49523434
-0.63,0.45,-0.49209993
-0.62,0.45,-0.48885699
-0.61,0.45,-0.48550251
-0.6,0.45,-0.48203346
-0.59,0.45,-0.47844678
-0.58,0.45,-0.47473941
-0.57,0.45,-0.47090826
-0.56,0.45,-0.46695026
-0.55,0.45,-0.46286233
-0.54,0.45,-0.45864139
-0.53,0.45,-0.45428438
-0.52,0.45,-0.44978829
-0.51,0.45,-0.4451501
-0.5,0.45,-0.44036687
-0.49,0.45,-0.43543568
-0.48,0.45,-0.43035371
-0.47,0.45,-0.42511818
-0.46,0.45,-0.41972639
-0.45,0.45,-0.41417577
-0.44,0.45,-0.40846382
-0.43,0.45,-0.40258818
-0.42,0.45,-0.39654662
-0.41,0.45,-0.39033703
-0.4,0.45,-0.3839575
-0.39,0.45,-0.37740627
-0.38,0.45,-0.37068175
-0.37,0.45,-0.36378257
-0.36,0.45,-0.35670759
-0.35,0.45,-0.34945586
-0.34,0.45,-0.34202671
-0.33,0.45,-0.33441969
-0.32,0.45,-0.32663466
-0.31,0.45,-0.31867172
-0.3,0.45,-0.31053131
-0.29,0.45,-0.30221416
-0.28,0.45,-0.29372131
-0.27,0.45,-0.28505414
-0.26,0.45,-0.27621438
-0.25,0.45,-0.2672041
-0.24,0.45,-0.25802575
-0.23,0.45,-0.2486821
-0.22,0.45,-0.23917634
-0.21,0.45,-0.22951202
-0.2,0.45,-0.21969304
-0.19,0.45,-0.20972371
-0.18,0.45,-0.1996087
-0.17,0.45,-0.18935307
-0.16,0.45,-0.17896224
-0.15,0.45,-0.16844197
-0.14,0.45,-0.15779842
-0.13,0.45,-0.14703806
-0.12,0.45,-0.1361677
-0.11,0.45,-0.12519447
-0.1,0.45,-0.11412581
-0.09,0.45,-0.10296943
-0.08,0.45,-0.091733299
-0.07,0.45,-0.08042565
-0.06,0.45,-0.069054922
-0.05,0.45,-0.057629752
-0.04,0.45,-0.046158948
-0.03,0.45,-0.034651462
-0.02,0.45,-0.023116362
-0.01,0.45,-0.011562803
0,0.45,0
0.01,0.45,0.011562803
0.02,0.45,0.023116362
0.03,0.45,0.034651462
0.04,0.45,0.046158948
0.05,0.45,0.057629752
0.06,0.45,0.069054922
0.07,0.45,0.08042565
0.08,0.45,0.091733299
0.09,0.45,0.10296943
0.1,0.45,0.11412581
0.11,0.45,0.12519447
0.12,0.45,0.1361677
0.13,0.45,0.14703806
0.14,0.45,0.15779842
0.15,0.45,0.16844197
0.16,0.45,0.17896224
0.17,0.45,0.18935307
0.18,0.45,0.1996087
0.19,0.45,0.20972371
0.2,0.45,0.21969304
0.21,0.45,0.22951202
0.22,0.45,0.23917634
0.23,0.45,0.2486821
0.24,0.45,0.25802575
0.25,0.45,0.2672041
0.26,0.45,0.27621438
0.27,0.45,0.28505414
0.28,0.45,0.29372131
0.29,0.45,0.30221416
0.3,0.45,0.31053131
0.31,0.45,0.31867172
0.32,0.45,0.32663466
0.33,0.45,0.33441969
0.34,0.45,0.34202671
0.35,0.45,0.34945586
0.36,0.45,0.35670759
0.37,0.45,0.36378257
0.38,0.45,0.37068175
0.39,0.45,0.37740627
0.4,0.45,0.3839575
0.41,0.45,0.39033703
0.42,0.45,0.39654662
0.43,0.45,0.40258818
0.44,0.45,0.40846382
0.45,0.45,0.41417577
0.46,0.45,0.41972639
0.47,0.45,0.42511818
0.48,0.45,0.43035371
0.49,0.45,0.43543568
0.5,0.45,0.44036687
0.51,0.45,0.4451501
0.52,0.45,0.44978829
0.53,0.45,0.45428438
0.54,0.45,0.45864139
0.55,0.45,0.46286233
0.56,0.45,0.46695026
0.57,0.45,0.47090826
0.58,0.45,0.47473941
0.59,0.45,0.47844678
0.6,0.45,0.48203346
0.61,0.45,0.48550251
0.62,0.45,0.48885699
0.63,0.45,0.49209993
0.64,0.45,0.49523434
0.65,0.45,0.49826318
0.66,0.45,0.5011894
0.67,0.45,0.50401591
0.68,0.45,0.50674557
0.69,0.45,0.5093812
0.7,0.45,0.51192558
0.71,0.45,0.51438143
0.72,0.45,0.51675143
0.73,0.45,0.5190382
0.74,0.45,0.52124433
0.75,0.45,0.52337232
0.76,0.45,0.52542465
0.77,0.45,0.52740372
0.78,0.45,0.52931188
0.79,0.45,0.53115144
0.8,0.45,0.53292464
0.81,0.45,0.53463366
0.82,0.45,0.53628062
0.83,0.45,0.53786761
0.84,0.45,0.53939663
0.85,0.45,0.54086964
0.86,0.45,0.54228857
0.87,0.45,0.54365525
0.88,0.45,0.54497148
0.89,0.45,0.54623902
0.9,0.45,0.54745955
0.91,0.45,0.54863473
0.92,0.45,0.54976614
0.93,0.45,0.55085532
0.94,0.45,0.55190379
0.95,0.45,0.55291298
0.96,0.45,0.55388429
0.97,0.45,0.5548191
0.98,0.45,0.5557187
0.99,0.45,0.55658438
1,0.45,0.55741736
-1,0.46,-0.54242614
-0.99,0.46,-0.54161556
-0.98,0.46,-0.54077316
-0.97,0.46,-0.53989775
-0.96,0.46,-0.53898809
-0.95,0.46,-0.5380429
-0.94,0.46,-0.53706085
-0.93,0.46,-0.53604058
-0.92,0.46,-0.53498069
-0.91,0.46,-0.53387971
-0.9,0.46,-0.53273614
-0.89,0.46,-0.53154843
-0.88,0.46,-0.53031498
-0.87,0.46,-0.52903414
-0.86,0.46,-0.52770422
-0.85,0.46,-0.52632346
-0.84,0.46,-0.52489005
-0.83,0.46,-0.52340216
-0.82,0.46,-0.52185785
-0.81,0.46,-0.52025518
-0.8,0.46,-0.51859213
-0.79,0.46,-0.51686662
-0.78,0.46,-0.51507653
-0.77,0.46,-0.51321968
-0.76,0.46,-0.51129384
-0.75,0.46,-0.50929671
-0.74,0.46,-0.50722594
-0.73,0.46,-0.50507915
-0.72,0.46,-0.50285388
-0.71,0.46,-0.50054762
-0.7,0.46,-0.49815782
-0.69,0.46,-0.49568187
-0.68,0.46,-0.49311712
-0.67,0.46,-0.49046087
-0.66,0.46,-0.48771038
-0.65,0.46,-0.48486285
-0.64,0.46,-0.48191547
-0.63,0.46,-0.47886536
-0.62,0.46,-0.47570964
-0.61,0.46,-0.47244537
-0.6,0.46,-0.46906962
-0.59,0.46,-0.4655794
-0.58,0.46,-0.46197173
-0.57,0.46,-0.45824362
-0.56,0.46,-0.45439207
-0.55,0.46,-0.45041408
-0.54,0.46,-0.44630665
-0.53,0.46,-0.44206683
-0.52,0.46,-0.43769165
-0.51,0.46,-0.4331782
-0.5,0.46,-0.42852361
-0.49,0.46,-0.42372504
-0.48,0.46,-0.41877975
-0.47,0.46,-0.41368502
-0.46,0.46,-0.40843824
-0.45,0.46,-0.4030369
-0.44,0.46,-0.39747857
-0.43,0.46,-0.39176095
-0.42,0.46,-0.38588186
-0.41,0.46,-0.37983928
-0.4,0.46,-0.37363132
-0.39,0.46,-0.36725627
-0.38,0.46,-0.3607126
-0.37,0.46,-0.35399898
-0.36,0.46,-0.34711427
-0.35,0.46,-0.34005757
-0.34,0.46,-0.33282822
-0.33,0.46,-0.32542578
-0.32,0.46,-0.31785012
-0.31,0.46,-0.31010134
-0.3,0.46,-0.30217986
-0.29,0.46,-0.29408639
-0.28,0.46,-0.28582194
-0.27,0.46,-0.27738787
-0.26,0.46,-0.26878585
-0.25,0.46,-0.2600179
-0.24,0.46,-0.25108638
-0.23,0.46,-0.24199403
-0.22,0.46,-0.23274392
-0.21,0.46,-0.2233395
-0.2,0.46,-0.2137846
-0.19,0.46,-0.20408338
-0.18,0.46,-0.19424041
-0.17,0.46,-0.1842606
-0.16,0.46,-0.17414921
-0.15,0.46,-0.16391188
-0.14,0.46,-0.15355458
-0.13,0.46,-0.14308361
-0.12,0.46,-0.1325056
-0.11,0.46,-0.12182749
-0.1,0.46,-0.1110565
-0.09,0.46,-0.10020016
-0.08,0.46,-0.089266217
-0.07,0.46,-0.078262677
-0.06,0.46,-0.067197754
-0.05,0.46,-0.056079853
-0.04,0.46,-0.044917546
-0.03,0.46,-0.033719543
-0.02,0.46,-0.022494669
-0.01,0.46,-0.011251832
0,0.46,0
0.01,0.46,0.011251832
0.02,0.46,0.022494669
0.03,0.46,0.033719543
0.04,0.46,0.044917546
0.05,0.46,0.056079853
0.06,0.46,0.067197754
0.07,0.46,0.078262677
0.08,0.46,0.089266217
0.09,0.46,0.10020016
0.1,0.46,0.1110565
0.11,0.46,0.12182749
0.12,0.46,0.1325056
0.13,0.46,0.14308361
0.14,0.46,0.15355458
0.15,0.46,0.16391188
0.16,0.46,0.17414921
0.17,0.46,0.1842606
0.18,0.46,0.19424041
0.19,0.46,0.20408338
0.2,0.46,0.2137846
0.21,0.46,0.2233395
0.22,0.46,0.23274392
0.23,0.46,0.24199403
0.24,0.46,0.25108638
0.25,0.46,0.2600179
0.26,0.46,0.26878585
0.27,0.46,0.27738787
0.28,0.46,0.28582194
0.29,0.46,0.29408639
0.3,0.46,0.30217986
0.31,0.46,0.31010134
0.32,0.46,0.31785012
0.33,0.46,0.32542578
0.34,0.46,0.33282822
0.35,0.46,0.34005757
0.36,0.46,0.34711427
0.37,0.46,0.35399898
0.38,0.46,0.3607126
0.39,0.46,0.36725627
0.4,0.46,0.37363132
0.41,0.46,0.37983928
0.42,0.46,0.38588186
0.43,0.46,0.39176095
0.44,0.46,0.39747857
0.45,0.46,0.4030369
0.46,0.46,0.40843824
0.47,0.46,0.41368502
0.48,0.46,0.41877975
0.49,0.46,0.42372504
0.5,0.46,0.42852361
0.51,0.46,0.4331782
0.52,0.46,0.43769165
0.53,0.46,0.44206683
0.54,0.46,0.44630665
0.55,0.46,0.45041408
0.56,0.46,0.45439207
0.57,0.46,0.45824362
0.58,0.46,0.46197173
0.59,0.46,0.4655794
0.6,0.46,0.46906962
0.61,0.46,0.47244537
0.62,0.46,0.47570964
0.63,0.46,0.47886536
0.64,0.46,0.48191547
0.65,0.46,0.48486285
0.66,0.46,0.48771038
0.67,0.46,0.49046087
0.68,0.46,0.49311712
0.69,0.46,0.49568187
0.7,0.46,0.49815782
0.71,0.46,0.50054762
0.72,0.46,0.50285388
0.73,0.46,0.50507915
0.74,0.46,0.50722594
0.75,0.46,0.50929671
0.76,0.46,0.51129384
0.77,0.46,0.51321968
0.78,0.46,0.51507653
0.79,0.46,0.51686662
0.8,0.46,0.51859213
0.81,0.46,0.52025518
0.82,0.46,0.52185785
0.83,0.46,0.52340216
0.84,0.46,0.52489005
0.85,0.46,0.52632346
0.86,0.46,0.52770422
0.87,0.46,0.52903414
0.88,0.46,0.53031498
0.89,0.46,0.53154843
0.9,0.46,0.53273614
0.91,0.46,0.53387971
0.92,0.46,0.53498069
0.93,0.46,0.53604058
0.94,0.46,0.53706085
0.95,0.46,0.5380429
0.96,0.46,0.53898809
0.97,0.46,0.53989775
0.98,0.46,0.54077316
0.99,0.46,0.54161556
1,0.46,0.54242614
-1,0.47,-0.52737529
-0.99,0.47,-0.52658721
-0.98,0.47,-0.52576819
-0.97,0.47,-0.52491707
-0.96,0.47,-0.52403264
-0.95,0.47,-0.52311368
-0.94,0.47,-0.52215888
-0.93,0.47,-0.52116692
-0.92,0.47,-0.52013644
-0.91,0.47,-0.519066
-0.9,0.47,-0.51795416
-0.89,0.47,-0.51679941
-0.88,0.47,-0.51560019
-0.87,0.47,-0.51435489
-0.86,0.47,-0.51306187
-0.85,0.47,-0.51171942
-0.84,0.47,-0.51032579
-0.83,0.47,-0.50887918
-0.82,0.47,-0.50737772
-0.81,0.47,-0.50581952
-0.8,0.47,-0.50420261
-0.79,0.47,-0.50252498
-0.78,0.47,-0.50078457
-0.77,0.47,-0.49897924
-0.76,0.47,-0.49710683
-0.75,0.47,-0.49516511
-0.74,0.47,-0.49315181
-0.73,0.47,-0.49106459
-0.72,0.47,-0.48890106
-0.71,0.47,-0.48665879
-0.7,0.47,-0.4843353
-0.69,0.47,-0.48192805
-0.68,0.47,-0.47943447
-0.67,0.47,-0.47685193
-0.66,0.47,-0.47417775
-0.65,0.47,-0.47140924
-0.64,0.47,-0.46854363
-0.63,0.47,-0.46557816
-0.62,0.47,-0.46251
-0.61,0.47,-0.45933631
-0.6,0.47,-0.45605422
-0.59,0.47,-0.45266084
-0.58,0.47,-0.44915328
-0.57,0.47,-0.44552862
-0.56,0.47,-0.44178393
-0.55,0.47,-0.43791632
-0.54,0.47,-0.43392286
-0.53,0.47,-0.42980068
-0.52,0.47,-0.4255469
-0.51,0.47,-0.42115869
-0.5,0.47,-0.41663325
-0.49,0.47,-0.41196783
-0.48,0.47,-0.40715975
-0.47,0.47,-0.40220639
-0.46,0.47,-0.3971052
-0.45,0.47,-0.39185373
-0.44,0.47,-0.38644963
-0.43,0.47,-0.38089065
-0.42,0.47,-0.3751747
-0.41,0.47,-0.36929978
-0.4,0.47,-0.36326408
-0.39,0.47,-0.35706592
-0.38,0.47,-0.35070382
-0.37,0.47,-0.34417648
-0.36,0.47,-0.3374828
-0.35,0.47,-0.3306219
-0.34,0.47,-0.32359314
-0.33,0.47,-0.31639611
-0.32,0.47,-0.30903065
-0.31,0.47,-0.30149688
-0.3,0.47,-0.2937952
-0.29,0.47,-0.2859263
-0.28,0.47,-0.27789117
-0.27,0.47,-0.26969112
-0.26,0.47,-0.26132778
-0.25,0.47,-0.25280311
-0.24,0.47,-0.24411942
-0.23,0.47,-0.23527936
-0.22,0.47,-0.22628591
-0.21,0.47,-0.21714244
-0.2,0.47,-0.20785266
-0.19,0.47,-0.19842063
-0.18,0.47,-0.18885077
-0.17,0.47,-0.17914787
-0.16,0.47,-0.16931705
-0.15,0.47,-0.15936378
-0.14,0.47,-0.14929386
-0.13,0.47,-0.13911343
-0.12,0.47,-0.12882893
-0.11,0.47,-0.11844711
-0.1,0.47,-0.10797499
-0.09,0.47,-0.097419879
-0.08,0.47,-0.086789324
-0.07,0.47,-0.076091102
-0.06,0.47,-0.0653332
-0.05,0.47,-0.054523791
-0.04,0.47,-0.043671207
-0.03,0.47,-0.032783918
-0.02,0.47,-0.021870503
-0.01,0.47,-0.010939625
0,0.47,0
0.01,0.47,0.010939625
0.02,0.47,0.021870503
0.03,0.47,0.032783918
0.04,0.47,0.043671207
0.05,0.47,0.054523791
0.06,0.47,0.0653332
0.07,0.47,0.076091102
0.08,0.47,0.086789324
0.09,0.47,0.097419879
0.1,0.47,0.10797499
0.11,0.47,0.11844711
0.12,0.47,0.12882893
0.13,0.47,0.13911343
0.14,0.47,0.14929386
0.15,0.47,0.15936378
0.16,0.47,0.16931705
0.17,0.47,0.17914787
0.18,0.47,0.18885077
0.19,0.47,0.19842063
0.2,0.47,0.20785266
0.21,0.47,0.21714244
0.22,0.47,0.22628591
0.23,0.47,0.23527936
0.24,0.47,0.24411942
0.25,0.47,0.25280311
0.26,0.47,0.26132778
0.27,0.47,0.26969112
0.28,0.47,0.27789117
0.29,0.47,0.2859263
0.3,0.47,0.2937952
0.31,0.47,0.30149688
0.32,0.47,0.30903065
0.33,0.47,0.31639611
0.34,0.47,0.32359314
0.35,0.47,0.3306219
0.36,0.47,0.3374828
0.37,0.47,0.34417648
0.38,0.47,0.35070382
0.39,0.47,0.35706592
0.4,0.47,0.36326408
0.41,0.47,0.36929978
0.42,0.47,0.3751747
0.43,0.47,0.38089065
0.44,0.47,0.38644963
0.45,0.47,0.39185373
0.46,0.47,0.3971052
0.47,0.47,0.40220639
0.48,0.47,0.40715975
0.49,0.47,0.41196783
0.5,0.47,0.41663325
0.51,0.47,0.42115869
0.52,0.47,0.4255469
0.53,0.47,0.42980068
0.54,0.47,0.43392286
0.55,0.47,0.43791632
0.56,0.47,0.44178393
0.57,0.47,0.44552862
0.58,0.47,0.44915328
0.59,0.47,0.45266084
0.6,0.47,0.45605422
0.61,0.47,0.45933631
0.62,0.47,0.46251
0.63,0.47,0.46557816
0.64,0.47,0.46854363
0.65,0.47,0.47140924
0.66,0.47,0.47417775
0.67,0.47,0.47685193
0.68,0.47,0.47943447
0.69,0.47,0.48192805
0.7,0.47,0.4843353
0.71,0.47,0.48665879
0.72,0.47,0.48890106
0.73,0.47,0.49106459
0.74,0.47,0.49315181
0.75,0.47,0.49516511
0.76,0.47,0.49710683
0.77,0.47,0.49897924
0.78,0.47,0.50078457
0.79,0.47,0.50252498
0.8,0.47,0.50420261
0.81,0.47,0.50581952
0.82,0.47,0.50737772
0.83,0.47,0.50887918
0.84,0.47,0.51032579
0.85,0.47,0.51171942
0.86,0.47,0.51306187
0.87,0.47,0.51435489
0.88,0.47,0.51560019
0.89,0.47,0.51679941
0.9,0.47,0.51795416
0.91,0.47,0.519066
0.92,0.47,0.52013644
0.93,0.47,0.52116692
0.94,0.47,0.52215888
0.95,0.47,0.52311368
0.96,0.47,0.52403264
0.97,0.47,0.52491707
0.98,0.47,0.52576819
0.99,0.47,0.52658721
1,0.47,0.52737529
-1,0.48,-0.51227969
-0.99,0.48,-0.51151416
-0.98,0.48,-0.51071858
-0.97,0.48,-0.50989182
-0.96,0.48,-0.50903272
-0.95,0.48,-0.50814005
-0.94,0.48,-0.50721258
-0.93,0.48,-0.50624902
-0.92,0.48,-0.50524803
-0.91,0.48,-0.50420824
-0.9,0.48,-0.50312823
-0.89,0.48,-0.50200653
-0.88,0.48,-0.50084163
-0.87,0.48,-0.49963198
-0.86,0.48,-0.49837597
-0.85,0.48,-0.49707195
-0.84,0.48,-0.49571821
-0.83,0.48,-0.494313
-0.82,0.48,-0.49285453
-0.81,0.48,-0.49134093
-0.8,0.48,-0.4897703
-0.79,0.48,-0.48814069
-0.78,0.48,-0.48645009
-0.77,0.48,-0.48469644
-0.76,0.48,-0.48287763
-0.75,0.48,-0.48099149
-0.74,0.48,-0.47903582
-0.73,0.48,-0.47700834
-0.72,0.48,-0.47490674
-0.71,0.48,-0.47272865
-0.7,0.48,-0.47047167
-0.69,0.48,-0.46813333
-0.68,0.48,-0.46571112
-0.67,0.48,-0.4632025
-0.66,0.48,-0.46060487
-0.65,0.48,-0.4579156
-0.64,0.48,-0.45513202
-0.63,0.48,-0.45225143
-0.62,0.48,-0.4492711
-0.61,0.48,-0.44618825
-0.6,0.48,-0.44300011
-0.59,0.48,-0.43970386
-0.58,0.48,-0.4362967
-0.57,0.48,-0.43277579
-0.56,0.48,-0.42913829
-0.55,0.48,-0.42538139
-0.54,0.48,-0.42150224
-0.53,0.48,-0.41749805
-0.52,0.48,-0.41336603
-0.51,0.48,-0.40910343
-0.5,0.48,-0.40470752
-0.49,0.48,-0.40017565
-0.48,0.48,-0.3955052
-0.47,0.48,-0.39069362
-0.46,0.48,-0.38573845
-0.45,0.48,-0.38063729
-0.44,0.48,-0.37538788
-0.43,0.48,-0.36998803
-0.42,0.48,-0.36443568
-0.41,0.48,-0.35872893
-0.4,0.48,-0.35286599
-0.39,0.48,-0.34684525
-0.38,0.48,-0.34066526
-0.37,0.48,-0.33432476
-0.36,0.48,-0.32782268
-0.35,0.48,-0.32115817
-0.34,0.48,-0.3143306
-0.33,0.48,-0.30733958
-0.32,0.48,-0.30018494
-0.31,0.48,-0.29286682
-0.3,0.48,-0.28538559
-0.29,0.48,-0.27774193
-0.28,0.48,-0.2699368
-0.27,0.48,-0.26197147
-0.26,0.48,-0.25384752
-0.25,0.48,-0.24556687
-0.24,0.48,-0.23713174
-0.23,0.48,-0.22854471
-0.22,0.48,-0.2198087
-0.21,0.48,-0.21092695
-0.2,0.48,-0.20190308
-0.19,0.48,-0.19274103
-0.18,0.48,-0.1834451
-0.17,0.48,-0.17401994
-0.16,0.48,-0.16447051
-0.15,0.48,-0.15480214
-0.14,0.48,-0.14502047
-0.13,0.48,-0.13513144
-0.12,0.48,-0.12514132
-0.11,0.48,-0.11505667
-0.1,0.48,-0.10488431
-0.09,0.48,-0.094631329
-0.08,0.48,-0.084305063
-0.07,0.48,-0.073913067
-0.06,0.48,-0.0634631
-0.05,0.48,-0.0529631
-0.04,0.48,-0.042421161
-0.03,0.48,-0.03184551
-0.02,0.48,-0.021244481
-0.01,0.48,-0.010626488
0,0.48,0
0.01,0.48,0.010626488
0.02,0.48,0.021244481
0.03,0.48,0.03184551
0.04,0.48,0.042421161
0.05,0.48,0.0529631
0.06,0.48,0.0634631
0.07,0.48,0.073913067
0.08,0.48,0.084305063
0.09,0.48,0.094631329
0.1,0.48,0.10488431
0.11,0.48,0.11505667
0.12,0.48,0.12514132
0.13,0.48,0.13513144
0.14,0.48,0.14502047
0.15,0.48,0.15480214
0.16,0.48,0.16447051
0.17,0.48,0.17401994
0.18,0.48,0.1834451
0.19,0.48,0.19274103
0.2,0.48,0.20190308
0.21,0.48,0.21092695
0.22,0.48,0.2198087
0.23,0.48,0.22854471
0.24,0.48,0.23713174
0.25,0.48,0.24556687
0.26,0.48,0.25384752
0.27,0.48,0.26197147
0.28,0.48,0.2699368
0.29,0.48,0.27774193
0.3,0.48,0.28538559
0.31,0.48,0.29286682
0.32,0.48,0.30018494
0.33,0.48,0.30733958
0.34,0.48,0.3143306
0.35,0.48,0.32115817
0.36,0.48,0.32782268
0.37,0.48,0.33432476
0.38,0.48,0.34066526
0.39,0.48,0.34684525
0.4,0.48,0.35286599
0.41,0.48,0.35872893
0.42,0.48,0.36443568
0.43,0.48,0.36998803
0.44,0.48,0.37538788
0.45,0.48,0.38063729
0.46,0.48,0.38573845
0.47,0.48,0.39069362
0.48,0.48,0.3955052
0.49,0.48,0.40017565
0.5,0.48,0.40470752
0.51,0.48,0.40910343
0.52,0.48,0.41336603
0.53,0.48,0.41749805
0.54,0.48,0.42150224
0.55,0.48,0.42538139
0.56,0.48,0.42913829
0.57,0.48,0.43277579
0.58,0.48,0.4362967
0.59,0.48,0.43970386
0.6,0.48,0.44300011
0.61,0.48,0.44618825
0.62,0.48,0.4492711
0.63,0.48,0.45225143
0.64,0.48,0.45513202
0.65,0.48,0.4579156
0.66,0.48,0.46060487
0.67,0.48,0.4632025
0.68,0.48,0.46571112
0.69,0.48,0.46813333
0.7,0.48,0.47047167
0.71,0.48,0.47272865
0.72,0.48,0.47490674
0.73,0.48,0.47700834
0.74,0.48,0.47903582
0.75,0.48,0.48099149
0.76,0.48,0.48287763
0.77,0.48,0.48469644
0.78,0.48,0.48645009
0.79,0.48,0.48814069
0.8,0.48,0.4897703
0.81,0.48,0.49134093
0.82,0.48,0.49285453
0.83,0.48,0.494313
0.84,0.48,0.49571821
0.85,0.48,0.49707195
0.86,0.48,0.49837597
0.87,0.48,0.49963198
0.88,0.48,0.50084163
0.89,0.48,0.50200653
0.9,0.48,0.50312823
0.91,0.48,0.50420824
0.92,0.48,0.50524803
0.93,0.48,0.50624902
0.94,0.48,0.50721258
0.95,0.48,0.50814005
0.96,0.48,0.50903272
0.97,0.48,0.50989182
0.98,0.48,0.51071858
0.99,0.48,0.51151416
1,0.48,0.51227969
-1,0.49,-0.49715421
-0.99,0.49,-0.49641128
-0.98,0.49,-0.4956392
-0.97,0.49,-0.49483685
-0.96,0.49,-0.49400311
-0.95,0.49,-0.4931368
-0.94,0.49,-0.49223672
-0.93,0.49,-0.4913016
-0.92,0.49,-0.49033017
-0.91,0.49,-0.48932108
-0.9,0.49,-0.48827295
-0.89,0.49,-0.48718437
-0.88,0.49,-0.48605387
-0.87,0.49,-0.48487994
-0.86,0.49,-0.48366101
-0.85,0.49,-0.48239549
-0.84,0.49,-0.48108172
-0.83,0.49,-0.47971801
-0.82,0.49,-0.47830259
-0.81,0.49,-0.47683368
-0.8,0.49,-0.47530943
-0.79,0.49,-0.47372794
-0.78,0.49,-0.47208725
-0.77,0.49,-0.47038538
-0.76,0.49,-0.46862027
-0.75,0.49,-0.46678982
-0.74,0.49,-0.46489189
-0.73,0.49,-0.46292427
-0.72,0.49,-0.46088473
-0.71,0.49,-0.45877095
-0.7,0.49,-0.45658061
-0.69,0.49,-0.45431131
-0.68,0.49,-0.45196062
-0.67,0.49,-0.44952607
-0.66,0.49,-0.44700514
-0.65,0.49,-0.44439527
-0.64,0.49,-0.44169388
-0.63,0.49,-0.43889834
-0.62,0.49,-0.436006
-0.61,0.49,-0.43301418
-0.6,0.49,-0.42992017
-0.59,0.49,-0.42672125
-0.58,0.49,-0.42341468
-0.57,0.49,-0.41999773
-0.56,0.49,-0.41646763
-0.55,0.49,-0.41282165
-0.54,0.49,-0.40905704
-0.53,0.49,-0.40517108
-0.52,0.49,-0.40116106
-0.51,0.49,-0.39702431
-0.5,0.49,-0.3927582
-0.49,0.49,-0.38836014
-0.48,0.49,-0.38382758
-0.47,0.49,-0.37915807
-0.46,0.49,-0.3743492
-0.45,0.49,-0.36939867
-0.44,0.49,-0.36430424
-0.43,0.49,-0.35906383
-0.42,0.49,-0.35367542
-0.41,0.49,-0.34813717
-0.4,0.49,-0.34244733
-0.39,0.49,-0.33660436
-0.38,0.49,-0.33060684
-0.37,0.49,-0.32445354
-0.36,0.49,-0.31814345
-0.35,0.49,-0.31167571
-0.34,0.49,-0.30504973
-0.33,0.49,-0.29826512
-0.32,0.49,-0.29132174
-0.31,0.49,-0.28421969
-0.3,0.49,-0.27695935
-0.29,0.49,-0.26954137
-0.28,0.49,-0.26196669
-0.27,0.49,-0.25423655
-0.26,0.49,-0.24635247
-0.25,0.49,-0.2383163
-0.24,0.49,-0.23013023
-0.23,0.49,-0.22179674
-0.22,0.49,-0.21331866
-0.21,0.49,-0.20469916
-0.2,0.49,-0.19594172
-0.19,0.49,-0.18705019
-0.18,0.49,-0.17802873
-0.17,0.49,-0.16888185
-0.16,0.49,-0.15961438
-0.15,0.49,-0.15023148
-0.14,0.49,-0.14073862
-0.13,0.49,-0.13114157
-0.12,0.49,-0.12144642
-0.11,0.49,-0.11165953
-0.1,0.49,-0.10178751
-0.09,0.49,-0.091837262
-0.08,0.49,-0.081815887
-0.07,0.49,-0.071730724
-0.06,0.49,-0.0615893
-0.05,0.49,-0.051399321
-0.04,0.49,-0.041168641
-0.03,0.49,-0.030905245
-0.02,0.49,-0.020617221
-0.01,0.49,-0.010312733
0,0.49,0
0.01,0.49,0.010312733
0.02,0.49,0.020617221
0.03,0.49,0.030905245
0.04,0.49,0.041168641
0.05,0.49,0.051399321
0.06,0.49,0.0615893
0.07,0.49,0.071730724
0.08,0.49,0.081815887
0.09,0.49,0.091837262
0.1,0.49,0.10178751
0.11,0.49,0.11165953
0.12,0.49,0.12144642
0.13,0.49,0.13114157
0.14,0.49,0.14073862
0.15,0.49,0.15023148
0.16,0.49,0.15961438
0.17,0.49,0.16888185
0.18,0.49,0.17802873
0.19,0.49,0.18705019
0.2,0.49,0.19594172
0.21,0.49,0.20469916
0.22,0.49,0.21331866
0.23,0.49,0.22179674
0.24,0.49,0.23013023
0.25,0.49,0.2383163
0.26,0.49,0.24635247
0.27,0.49,0.25423655
0.28,0.49,0.26196669
0.29,0.49,0.26954137
0.3,0.49,0.27695935
0.31,0.49,0.28421969
0.32,0.49,0.29132174
0.33,0.49,0.29826512
0.34,0.49,0.30504973
0.35,0.49,0.31167571
0.36,0.49,0.31814345
0.37,0.49,0.32445354
0.38,0.49,0.33060684
0.39,0.49,0.33660436
0.4,0.49,0.34244733
0.41,0.49,0.34813717
0.42,0.49,0.35367542
0.43,0.49,0.35906383
0.44,0.49,0.36430424
0.45,0.49,0.36939867
0.46,0.49,0.3743492
0.47,0.49,0.37915807
0.48,0.49,0.38382758
0.49,0.49,0.38836014
0.5,0.49,0.3927582
0.51,0.49,0.39702431
0.52,0.49,0.40116106
0.53,0.49,0.40517108
0.54,0.49,0.40905704
0.55,0.49,0.41282165
0.56,0.49,0.41646763
0.57,0.49,0.41999773
0.58,0.49,0.42341468
0.59,0.49,0.42672125
0.6,0.49,0.42992017
0.61,0.49,0.43301418
0.62,0.49,0.436006
0.63,0.49,0.43889834
0.64,0.49,0.44169388
0.65,0.49,0.44439527
0.66,0.49,0.44700514
0.67,0.49,0.44952607
0.68,0.49,0.45196062
0.69,0.49,0.45431131
0.7,0.49,0.45658061
0.71,0.49,0.45877095
0.72,0.49,0.46088473
0.73,0.49,0.46292427
0.74,0.49,0.46489189
0.75,0.49,0.46678982
0.76,0.49,0.46862027
0.77,0.49,0.47038538
0.78,0.49,0.47208725
0.79,0.49,0.47372794
0.8,0.49,0.47530943
0.81,0.49,0.47683368
0.82,0.49,0.47830259
0.83,0.49,0.47971801
0.84,0.49,0.48108172
0.85,0.49,0.48239549
0.86,0.49,0.48366101
0.87,0.49,0.48487994
0.88,0.49,0.48605387
0.89,0.49,0.48718437
0.9,0.49,0.48827295
0.91,0.49,0.48932108
0.92,0.49,0.49033017
0.93,0.49,0.4913016
0.94,0.49,0.49223672
0.95,0.49,0.4931368
0.96,0.49,0.49400311
0.97,0.49,0.49483685
0.98,0.49,0.4956392
0.99,0.49,0.49641128
1,0.49,0.49715421
-1,0.5,-0.48201379
-0.99,0.5,-0.48129349
-0.98,0.5,-0.48054492
-0.97,0.5,-0.479767
-0.96,0.5,-0.47895865
-0.95,0.5,-0.47811873
-0.94,0.5,-0.47724606
-0.93,0.5,-0.47633942
-0.92,0.5,-0.47539757
-0.91,0.5,-0.47441921
-0.9,0.5,-0.47340301
-0.89,0.5,-0.47234758
-0.88,0.5,-0.4712515
-0.87,0.5,-0.47011332
-0.86,0.5,-0.46893152
-0.85,0.5,-0.46770454
-0.84,0.5,-0.46643078
-0.83,0.5,-0.46510859
-0.82,0.5,-0.46373628
-0.81,0.5,-0.46231211
-0.8,0.5,-0.46083428
-0.79,0.5,-0.45930095
-0.78,0.5,-0.45771023
-0.77,0.5,-0.45606018
-0.76,0.5,-0.45434883
-0.75,0.5,-0.45257413
-0.74,0.5,-0.45073399
-0.73,0.5,-0.4488263
-0.72,0.5,-0.44684886
-0.71,0.5,-0.44479946
-0.7,0.5,-0.44267582
-0.69,0.5,-0.44047563
-0.68,0.5,-0.43819653
-0.67,0.5,-0.43583612
-0.66,0.5,-0.43339196
-0.65,0.5,-0.43086158
-0.64,0.5,-0.42824246
-0.63,0.5,-0.42553205
-0.62,0.5,-0.4227278
-0.61,0.5,-0.41982709
-0.6,0.5,-0.4168273
-0.59,0.5,-0.41372581
-0.58,0.5,-0.41051994
-0.57,0.5,-0.40720705
-0.56,0.5,-0.40378446
-0.55,0.5,-0.40024951
-0.54,0.5,-0.39659955
-0.53,0.5,-0.39283193
-0.52,0.5,-0.38894403
-0.51,0.5,-0.38493327
-0.5,0.5,-0.38079708
-0.49,0.5,-0.37653295
-0.48,0.5,-0.37213843
-0.47,0.5,-0.36761113
-0.46,0.5,-0.36294871
-0.45,0.5,-0.35814894
-0.44,0.5,-0.35320966
-0.43,0.5,-0.34812884
-0.42,0.5,-0.34290453
-0.41,0.5,-0.33753494
-0.4,0.5,-0.33201839
-0.39,0.5,-0.32635335
-0.38,0.5,-0.32053848
-0.37,0.5,-0.31457258
-0.36,0.5,-0.30845465
-0.35,0.5,-0.30218389
-0.34,0.5,-0.2957597
-0.33,0.5,-0.28918171
-0.32,0.5,-0.28244978
-0.31,0.5,-0.27556401
-0.3,0.5,-0.26852478
-0.29,0.5,-0.26133271
-0.28,0.5,-0.25398872
-0.27,0.5,-0.24649398
-0.26,0.5,-0.23885001
-0.25,0.5,-0.23105858
-0.24,0.5,-0.22312181
-0.23,0.5,-0.21504211
-0.22,0.5,-0.20682222
-0.21,0.5,-0.19846522
-0.2,0.5,-0.18997448
-0.19,0.5,-0.18135373
-0.18,0.5,-0.17260702
-0.17,0.5,-0.1637387
-0.16,0.5,-0.15475346
-0.15,0.5,-0.14565631
-0.14,0.5,-0.13645254
-0.13,0.5,-0.12714777
-0.12,0.5,-0.11774787
-0.11,0.5,-0.10825903
-0.1,0.5,-0.09868766
-0.09,0.5,-0.089040434
-0.08,0.5,-0.079324252
-0.07,0.5,-0.069546224
-0.06,0.5,-0.059713649
-0.05,0.5,-0.049833997
-0.04,0.5,-0.039914885
-0.03,0.5,-0.029964052
-0.02,0.5,-0.01998934
-0.01,0.5,-0.0099986669
0,0.5,0
0.01,0.5,0.0099986669
0.02,0.5,0.01998934
0.03,0.5,0.029964052
0.04,0.5,0.039914885
0.05,0.5,0.049833997
0.06,0.5,0.059713649
0.07,0.5,0.069546224
0.08,0.5,0.079324252
0.09,0.5,0.089040434
0.1,0.5,0.09868766
0.11,0.5,0.10825903
0.12,0.5,0.11774787
0.13,0.5,0.12714777
0.14,0.5,0.13645254
0.15,0.5,0.14565631
0.16,0.5,0.15475346
0.17,0.5,0.1637387
0.18,0.5,0.17260702
0.19,0.5,0.18135373
0.2,0.5,0.18997448
0.21,0.5,0.19846522
0.22,0.5,0.20682222
0.23,0.5,0.21504211
0.24,0.5,0.22312181
0.25,0.5,0.23105858
0.26,0.5,0.23885001
0.27,0.5,0.24649398
0.28,0.5,0.25398872
0.29,0.5,0.26133271
0.3,0.5,0.26852478
0.31,0.5,0.27556401
0.32,0.5,0.28244978
0.33,0.5,0.28918171
0.34,0.5,0.2957597
0.35,0.5,0.30218389
0.36,0.5,0.30845465
0.37,0.5,0.31457258
0.38,0.5,0.32053848
0.39,0.5,0.32635335
0.4,0.5,0.33201839
0.41,0.5,0.33753494
0.42,0.5,0.34290453
0.43,0.5,0.34812884
0.44,0.5,0.35320966
0.45,0.5,0.35814894
0.46,0.5,0.36294871
0.47,0.5,0.36761113
0.48,0.5,0.37213843
0.49,0.5,0.37653295
0.5,0.5,0.38079708
0.51,0.5,0.38493327
0.52,0.5,0.38894403
0.53,0.5,0.39283193
0.54,0.5,0.39659955
0.55,0.5,0.40024951
0.56,0.5,0.40378446
0.57,0.5,0.40720705
0.58,0.5,0.41051994
0.59,0.5,0.41372581
0.6,0.5,0.4168273
0.61,0.5,0.41982709
0.62,0.5,0.4227278
0.63,0.5,0.42553205
0.64,0.5,0.42824246
0.65,0.5,0.43086158
0.66,0.5,0.43339196
0.67,0.5,0.43583612
0.68,0.5,0.43819653
0.69,0.5,0.44047563
0.7,0.5,0.44267582
0.71,0.5,0.44479946
0.72,0.5,0.44684886
0.73,0.5,0.4488263
0.74,0.5,0.45073399
0.75,0.5,0.45257413
0.76,0.5,0.45434883
0.77,0.5,0.45606018
0.78,0.5,0.45771023
0.79,0.5,0.45930095
0.8,0.5,0.46083428
0.81,0.5,0.46231211
0.82,0.5,0.46373628
0.83,0.5,0.46510859
0.84,0.5,0.46643078
0.85,0.5,0.46770454
0.86,0.5,0.46893152
0.87,0.5,0.47011332
0.88,0.5,0.4712515
0.89,0.5,0.47234758
0.9,0.5,0.47340301
0.91,0.5,0.47441921
0.92,0.5,0.47539757
0.93,0.5,0.47633942
0.94,0.5,0.47724606
0.95,0.5,0.47811873
0.96,0.5,0.47895865
0.97,0.5,0.479767
0.98,0.5,0.48054492
0.99,0.5,0.48129349
1,0.5,0.48201379
-1,0.51,-0.46687337
-0.99,0.51,-0.4661757
-0.98,0.51,-0.46545063
-0.97,0.51,-0.46469716
-0.96,0.51,-0.4639142
-0.95,0.51,-0.46310066
-0.94,0.51,-0.4622554
-0.93,0.51,-0.46137724
-0.92,0.51,-0.46046497
-0.91,0.51,-0.45951734
-0.9,0.51,-0.45853306
-0.89,0.51,-0.45751078
-0.88,0.51,-0.45644914
-0.87,0.51,-0.4553467
-0.86,0.51,-0.45420202
-0.85,0.51,-0.45301358
-0.84,0.51,-0.45177983
-0.83,0.51,-0.45049918
-0.82,0.51,-0.44916997
-0.81,0.51,-0.44779054
-0.8,0.51,-0.44635912
-0.79,0.51,-0.44487396
-0.78,0.51,-0.4433332
-0.77,0.51,-0.44173499
-0.76,0.51,-0.44007739
-0.75,0.51,-0.43835843
-0.74,0.51,-0.4365761
-0.73,0.51,-0.43472832
-0.72,0.51,-0.432813
-0.71,0.51,-0.43082797
-0.7,0.51,-0.42877104
-0.69,0.51,-0.42663996
-0.68,0.51,-0.42443245
-0.67,0.51,-0.42214618
-0.66,0.51,-0.41977879
-0.65,0.51,-0.41732789
-0.64,0.51,-0.41479104
-0.63,0.51,-0.41216577
-0.62,0.51,-0.4094496
-0.61,0.51,-0.40664
-0.6,0.51,-0.40373444
-0.59,0.51,-0.40073036
-0.58,0.51,-0.3976252
-0.57,0.51,-0.39441636
-0.56,0.51,-0.39110128
-0.55,0.51,-0.38767737
-0.54,0.51,-0.38414206
-0.53,0.51,-0.38049278
-0.52,0.51,-0.37672701
-0.51,0.51,-0.37284222
-0.5,0.51,-0.36883595
-0.49,0.51,-0.36470577
-0.48,0.51,-0.36044928
-0.47,0.51,-0.35606418
-0.46,0.51,-0.35154821
-0.45,0.51,-0.34689921
-0.44,0.51,-0.34211508
-0.43,0.51,-0.33719385
-0.42,0.51,-0.33213364
-0.41,0.51,-0.32693271
-0.4,0.51,-0.32158944
-0.39,0.51,-0.31610235
-0.38,0.51,-0.31047012
-0.37,0.51,-0.30469162
-0.36,0.51,-0.29876586
-0.35,0.51,-0.29269206
-0.34,0.51,-0.28646966
-0.33,0.51,-0.28009829
-0.32,0.51,-0.27357781
-0.31,0.51,-0.26690834
-0.3,0.51,-0.26009022
-0.29,0.51,-0.25312406
-0.28,0.51,-0.24601074
-0.27,0.51,-0.23875142
-0.26,0.51,-0.23134755
-0.25,0.51,-0.22380085
-0.24,0.51,-0.21611338
-0.23,0.51,-0.20828747
-0.22,0.51,-0.20032578
-0.21,0.51,-0.19223127
-0.2,0.51,-0.18400724
-0.19,0.51,-0.17565728
-0.18,0.51,-0.1671853
-0.17,0.51,-0.15859554
-0.16,0.51,-0.14989254
-0.15,0.51,-0.14108113
-0.14,0.51,-0.13216646
-0.13,0.51,-0.12315396
-0.12,0.51,-0.11404932
-0.11,0.51,-0.10485853
-0.1,0.51,-0.095587806
-0.09,0.51,-0.086243606
-0.08,0.51,-0.076832617
-0.07,0.51,-0.067361724
-0.06,0.51,-0.057837998
-0.05,0.51,-0.048268674
-0.04,0.51,-0.038661128
-0.03,0.51,-0.029022858
-0.02,0.51,-0.01936146
-0.01,0.51,-0.0096846012
0,0.51,0
0.01,0.51,0.0096846012
0.02,0.51,0.01936146
0.03,0.51,0.029022858
0.04,0.51,0.038661128
0.05,0.51,0.048268674
0.06,0.51,0.057837998
0.07,0.51,0.067361724
0.08,0.51,0.076832617
0.09,0.51,0.086243606
0.1,0.51,0.095587806
0.11,0.51,0.10485853
0.12,0.51,0.11404932
0.13,0.51,0.12315396
0.14,0.51,0.13216646
0.15,0.51,0.14108113
0.16,0.51,0.14989254
0.17,0.51,0.15859554
0.18,0.51,0.1671853
0.19,0.51,0.17565728
0.2,0.51,0.18400724
0.21,0.51,0.19223127
0.22,0.51,0.20032578
0.23,0.51,0.20828747
0.24,0.51,0.21611338
0.25,0.51,0.22380085
0.26,0.51,0.23134755
0.27,0.51,0.23875142
0.28,0.51,0.24601074
0.29,0.51,0.25312406
0.3,0.51,0.26009022
0.31,0.51,0.26690834
0.32,0.51,0.27357781
0.33,0.51,0.28009829
0.34,0.51,0.28646966
0.35,0.51,0.29269206
0.36,0.51,0.29876586
0.37,0.51,0.30469162
0.38,0.51,0.31047012
0.39,0.51,0.31610235
0.4,0.51,0.32158944
0.41,0.51,0.32693271
0.42,0.51,0.33213364
0.43,0.51,0.33719385
0.44,0.51,0.34211508
0.45,0.51,0.34689921
0.46,0.51,0.35154821
0.47,0.51,0.35606418
0.48,0.51,0.36044928
0.49,0.51,0.36470577
0.5,0.51,0.36883595
0.51,0.51,0.37284222
0.52,0.51,0.37672701
0.53,0.51,0.38049278
0.54,0.51,0.38414206
0.55,0.51,0.38767737
0.56,0.51,0.39110128
0.57,0.51,0.39441636
0.58,0.51,0.3976252
0.59,0.51,0.40073036
0.6,0.51,0.40373444
0.61,0.51,0.40664
0.62,0.51,0.4094496
0.63,0.51,0.41216577
0.64,0.51,0.41479104
0.65,0.51,0.41732789
0.66,0.51,0.41977879
0.67,0.51,0.42214618
0.68,0.51,0.42443245
0.69,0.51,0.42663996
0.7,0.51,0.42877104
0.71,0.51,0.43082797
0.72,0.51,0.432813
0.73,0.51,0.43472832
0.74,0.51,0.4365761
0.75,0.51,0.43835843
0.76,0.51,0.44007739
0.77,0.51,0.44173499
0.78,0.51,0.4433332
0.79,0.51,0.44487396
0.8,0.51,0.44635912
0.81,0.51,0.44779054
0.82,0.51,0.44916997
0.83,0.51,0.45049918
0.84,0.51,0.45177983
0.85,0.51,0.45301358
0.86,0.51,0.45420202
0.87,0.51,0.4553467
0.88,0.51,0.45644914
0.89,0.51,0.45751078
0.9,0.51,0.45853306
0.91,0.51,0.45951734
0.92,0.51,0.46046497
0.93,0.51,0.46137724
0.94,0.51,0.4622554
0.95,0.51,0.46310066
0.96,0.51,0.4639142
0.97,0.51,0.46469716
0.98,0.51,0.46545063
0.99,0.51,0.4661757
1,0.51,0.46687337
-1,0.52,-0.45174789
-0.99,0.52,-0.45107282
-0.98,0.52,-0.45037125
-0.97,0.52,-0.44964218
-0.96,0.52,-0.44888459
-0.95,0.52,-0.44809741
-0.94,0.52,-0.44727953
-0.93,0.52,-0.44642982
-0.92,0.52,-0.44554711
-0.91,0.52,-0.44463018
-0.9,0.52,-0.44367779
-0.89,0.52,-0.44268863
-0.88,0.52,-0.44166138
-0.87,0.52,-0.44059466
-0.86,0.52,-0.43948706
-0.85,0.52,-0.43833712
-0.84,0.52,-0.43714335
-0.83,0.52,-0.43590418
-0.82,0.52,-0.43461804
-0.81,0.52,-0.43328329
-0.8,0.52,-0.43189825
-0.79,0.52,-0.4304612
-0.78,0.52,-0.42897037
-0.77,0.52,-0.42742393
-0.76,0.52,-0.42582003
-0.75,0.52,-0.42415676
-0.74,0.52,-0.42243217
-0.73,0.52,-0.42064426
-0.72,0.52,-0.41879099
-0.71,0.52,-0.41687027
-0.7,0.52,-0.41487998
-0.69,0.52,-0.41281794
-0.68,0.52,-0.41068195
-0.67,0.52,-0.40846975
-0.66,0.52,-0.40617906
-0.65,0.52,-0.40380756
-0.64,0.52,-0.40135289
-0.63,0.52,-0.39881268
-0.62,0.52,-0.3961845
-0.61,0.52,-0.39346593
-0.6,0.52,-0.3906545
-0.59,0.52,-0.38774775
-0.58,0.52,-0.38474318
-0.57,0.52,-0.3816383
-0.56,0.52,-0.37843062
-0.55,0.52,-0.37511764
-0.54,0.52,-0.37169686
-0.53,0.52,-0.36816581
-0.52,0.52,-0.36452204
-0.51,0.52,-0.36076311
-0.5,0.52,-0.35688663
-0.49,0.52,-0.35289025
-0.48,0.52,-0.34877167
-0.47,0.52,-0.34452863
-0.46,0.52,-0.34015897
-0.45,0.52,-0.33566058
-0.44,0.52,-0.33103144
-0.43,0.52,-0.32626965
-0.42,0.52,-0.32137338
-0.41,0.52,-0.31634094
-0.4,0.52,-0.31117078
-0.39,0.52,-0.30586146
-0.38,0.52,-0.3004117
-0.37,0.52,-0.2948204
-0.36,0.52,-0.28908662
-0.35,0.52,-0.28320961
-0.34,0.52,-0.27718879
-0.33,0.52,-0.27102384
-0.32,0.52,-0.26471461
-0.31,0.52,-0.25826121
-0.3,0.52,-0.25166397
-0.29,0.52,-0.2449235
-0.28,0.52,-0.23804063
-0.27,0.52,-0.2310165
-0.26,0.52,-0.22385249
-0.25,0.52,-0.21655029
-0.24,0.52,-0.20911187
-0.23,0.52,-0.2015395
-0.22,0.52,-0.19383575
-0.21,0.52,-0.18600348
-0.2,0.52,-0.17804588
-0.19,0.52,-0.16996644
-0.18,0.52,-0.16176893
-0.17,0.52,-0.15345746
-0.16,0.52,-0.14503641
-0.15,0.52,-0.13651047
-0.14,0.52,-0.12788461
-0.13,0.52,-0.11916409
-0.12,0.52,-0.11035442
-0.11,0.52,-0.10146139
-0.1,0.52,-0.092491011
-0.09,0.52,-0.083449539
-0.08,0.52,-0.074343441
-0.07,0.52,-0.06517938
-0.06,0.52,-0.055964198
-0.05,0.52,-0.046704895
-0.04,0.52,-0.037408608
-0.03,0.52,-0.028082593
-0.02,0.52,-0.018734199
-0.01,0.52,-0.0093708454
0,0.52,0
0.01,0.52,0.0093708454
0.02,0.52,0.018734199
0.03,0.52,0.028082593
0.04,0.52,0.037408608
0.05,0.52,0.046704895
0.06,0.52,0.055964198
0.07,0.52,0.06517938
0.08,0.52,0.074343441
0.09,0.52,0.083449539
0.1,0.52,0.092491011
0.11,0.52,0.10146139
0.12,0.52,0.11035442
0.13,0.52,0.11916409
0.14,0.52,0.12788461
0.15,0.52,0.13651047
0.16,0.52,0.14503641
0.17,0.52,0.15345746
0.18,0.52,0.16176893
0.19,0.52,0.16996644
0.2,0.52,0.17804588
0.21,0.52,0.18600348
0.22,0.52,0.19383575
0.23,0.52,0.2015395
0.24,0.52,0.20911187
0.25,0.52,0.21655029
0.26,0.52,0.22385249
0.27,0.52,0.2310165
0.28,0.52,0.23804063
0.29,0.52,0.2449235
0.3,0.52,0.25166397
0.31,0.52,0.25826121
0.32,0.52,0.26471461
0.33,0.52,0.27102384
0.34,0.52,0.27718879
0.35,0.52,0.28320961
0.36,0.52,0.28908662
0.37,0.52,0.2948204
0.38,0.52,0.3004117
0.39,0.52,0.30586146
0.4,0.52,0.31117078
0.41,0.52,0.31634094
0.42,0.52,0.32137338
0.43,0.52,0.32626965
0.44,0.52,0.33103144
0.45,0.52,0.33566058
0.46,0.52,0.34015897
0.47,0.52,0.34452863
0.48,0.52,0.34877167
0.49,0.52,0.35289025
0.5,0.52,0.35688663
0.51,0.52,0.36076311
0.52,0.52,0.36452204
0.53,0.52,0.36816581
0.54,0.52,0.37169686
0.55,0.52,0.37511764
0.56,0.52,0.37843062
0.57,0.52,0.3816383
0.58,0.52,0.38474318
0.59,0.52,0.38774775
0.6,0.52,0.3906545
0.61,0.52,0.39346593
0.62,0.52,0.3961845
0.63,0.52,0.39881268
0.64,0.52,0.40135289
0.65,0.52,0.40380756
0.66,0.52,0.40617906
0.67,0.52,0.40846975
0.68,0.52,0.41068195
0.69,0.52,0.41281794
0.7,0.52,0.41487998
0.71,0.52,0.41687027
0.72,0.52,0.41879099
0.73,0.52,0.42064426
0.74,0.52,0.42243217
0.75,0.52,0.42415676
0.76,0.52,0.42582003
0.77,0.52,0.42742393
0.78,0.52,0.42897037
0.79,0.52,0.4304612
0.8,0.52,0.43189825
0.81,0.52,0.43328329
0.82,0.52,0.43461804
0.83,0.52,0.43590418
0.84,0.52,0.43714335
0.85,0.52,0.43833712
0.86,0.52,0.43948706
0.87,0.52,0.44059466
0.88,0.52,0.44166138
0.89,0.52,0.44268863
0.9,0.52,0.44367779
0.91,0.52,0.44463018
0.92,0.52,0.44554711
0.93,0.52,0.44642982
0.94,0.52,0.44727953
0.95,0.52,0.44809741
0.96,0.52,0.44888459
0.97,0.52,0.44964218
0.98,0.52,0.45037125
0.99,0.52,0.45107282
1,0.52,0.45174789
-1,0.53,-0.43665229
-0.99,0.53,-0.43599977
-0.98,0.53,-0.43532164
-0.97,0.53,-0.43461694
-0.96,0.53,-0.43388466
-0.95,0.53,-0.43312378
-0.94,0.53,-0.43233324
-0.93,0.53,-0.43151192
-0.92,0.53,-0.43065871
-0.91,0.53,-0.42977242
-0.9,0.53,-0.42885185
-0.89,0.53,-0.42789574
-0.88,0.53,-0.42690282
-0.87,0.53,-0.42587175
-0.86,0.53,-0.42480116
-0.85,0.53,-0.42368965
-0.84,0.53,-0.42253576
-0.83,0.53,-0.42133801
-0.82,0.53,-0.42009484
-0.81,0.53,-0.4188047
-0.8,0.53,-0.41746594
-0.79,0.53,-0.41607691
-0.78,0.53,-0.41463589
-0.77,0.53,-0.41314113
-0.76,0.53,-0.41159083
-0.75,0.53,-0.40998314
-0.74,0.53,-0.40831618
-0.73,0.53,-0.40658801
-0.72,0.53,-0.40479667
-0.71,0.53,-0.40294014
-0.7,0.53,-0.40101635
-0.69,0.53,-0.39902322
-0.68,0.53,-0.3969586
-0.67,0.53,-0.39482032
-0.66,0.53,-0.39260618
-0.65,0.53,-0.39031392
-0.64,0.53,-0.38794128
-0.63,0.53,-0.38548595
-0.62,0.53,-0.3829456
-0.61,0.53,-0.38031787
-0.6,0.53,-0.37760039
-0.59,0.53,-0.37479077
-0.58,0.53,-0.3718866
-0.57,0.53,-0.36888548
-0.56,0.53,-0.36578498
-0.55,0.53,-0.3625827
-0.54,0.53,-0.35927623
-0.53,0.53,-0.35586318
-0.52,0.53,-0.35234117
-0.51,0.53,-0.34870785
-0.5,0.53,-0.34496091
-0.49,0.53,-0.34109807
-0.48,0.53,-0.33711711
-0.47,0.53,-0.33301586
-0.46,0.53,-0.32879222
-0.45,0.53,-0.32444414
-0.44,0.53,-0.31996969
-0.43,0.53,-0.31536702
-0.42,0.53,-0.31063436
-0.41,0.53,-0.30577009
-0.4,0.53,-0.30077269
-0.39,0.53,-0.29564079
-0.38,0.53,-0.29037314
-0.37,0.53,-0.28496869
-0.36,0.53,-0.2794265
-0.35,0.53,-0.27374587
-0.34,0.53,-0.26792625
-0.33,0.53,-0.2619673
-0.32,0.53,-0.2558689
-0.31,0.53,-0.24963115
-0.3,0.53,-0.24325437
-0.29,0.53,-0.23673913
-0.28,0.53,-0.23008627
-0.27,0.53,-0.22329685
-0.26,0.53,-0.21637223
-0.25,0.53,-0.20931405
-0.24,0.53,-0.20212419
-0.23,0.53,-0.19480486
-0.22,0.53,-0.18735853
-0.21,0.53,-0.17978799
-0.2,0.53,-0.1720963
-0.19,0.53,-0.16428684
-0.18,0.53,-0.15636326
-0.17,0.53,-0.14832952
-0.16,0.53,-0.14018987
-0.15,0.53,-0.13194884
-0.14,0.53,-0.12361122
-0.13,0.53,-0.1151821
-0.12,0.53,-0.10666682
-0.11,0.53,-0.098070956
-0.1,0.53,-0.089400331
-0.09,0.53,-0.080660989
-0.08,0.53,-0.071859181
-0.07,0.53,-0.063001346
-0.06,0.53,-0.054094098
-0.05,0.53,-0.045144204
-0.04,0.53,-0.036158562
-0.03,0.53,-0.027144185
-0.02,0.53,-0.018108177
-0.01,0.53,-0.0090577092
0,0.53,0
0.01,0.53,0.0090577092
0.02,0.53,0.018108177
0.03,0.53,0.027144185
0.04,0.53,0.036158562
0.05,0.53,0.045144204
0.06,0.53,0.054094098
0.07,0.53,0.063001346
0.08,0.53,0.071859181
0.09,0.53,0.080660989
0.1,0.53,0.089400331
0.11,0.53,0.098070956
0.12,0.53,0.10666682
0.13,0.53,0.1151821
0.14,0.53,0.12361122
0.15,0.53,0.13194884
0.16,0.53,0.14018987
0.17,0.53,0.14832952
0.18,0.53,0.15636326
0.19,0.53,0.16428684
0.2,0.53,0.1720963
0.21,0.53,0.17978799
0.22,0.53,0.18735853
0.23,0.53,0.19480486
0.24,0.53,0.20212419
0.25,0.53,0.20931405
0.26,0.53,0.21637223
0.27,0.53,0.22329685
0.28,0.53,0.23008627
0.29,0.53,0.23673913
0.3,0.53,0.24325437
0.31,0.53,0.24963115
0.32,0.53,0.2558689
0.33,0.53,0.2619673
0.34,0.53,0.26792625
0.35,0.53,0.27374587
0.36,0.53,0.2794265
0.37,0.53,0.28496869
0.38,0.53,0.29037314
0.39,0.53,0.29564079
0.4,0.53,0.30077269
0.41,0.53,0.30577009
0.42,0.53,0.31063436
0.43,0.53,0.31536702
0.44,0.53,0.31996969
0.45,0.53,0.32444414
0.46,0.53,0.32879222
0.47,0.53,0.33301586
0.48,0.53,0.33711711
0.49,0.53,0.34109807
0.5,0.53,0.34496091
0.51,0.53,0.34870785
0.52,0.53,0.35234117
0.53,0.53,0.35586318
0.54,0.53,0.35927623
0.55,0.53,0.3625827
0.56,0.53,0.36578498
0.57,0.53,0.36888548
0.58,0.53,0.3718866
0.59,0.53,0.37479077
0.6,0.53,0.37760039
0.61,0.53,0.38031787
0.62,0.53,0.3829456
0.63,0.53,0.38548595
0.64,0.53,0.38794128
0.65,0.53,0.39031392
0.66,0.53,0.39260618
0.67,0.53,0.39482032
0.68,0.53,0.3969586
0.69,0.53,0.39902322
0.7,0.53,0.40101635
0.71,0.53,0.40294014
0.72,0.53,0.40479667
0.73,0.53,0.40658801
0.74,0.53,0.40831618
0.75,0.53,0.40998314
0.76,0.53,0.41159083
0.77,0.53,0.41314113
0.78,0.53,0.41463589
0.79,0.53,0.41607691
0.8,0.53,0.41746594
0.81,0.53,0.4188047
0.82,0.53,0.42009484
0.83,0.53,0.42133801
0.84,0.53,0.42253576
0.85,0.53,0.42368965
0.86,0.53,0.42480116
0.87,0.53,0.42587175
0.88,0.53,0.42690282
0.89,0.53,0.42789574
0.9,0.53,0.42885185
0.91,0.53,0.42977242
0.92,0.53,0.43065871
0.93,0.53,0.43151192
0.94,0.53,0.43233324
0.95,0.53,0.43312378
0.96,0.53,0.43388466
0.97,0.53,0.43461694
0.98,0.53,0.43532164
0.99,0.53,0.43599977
1,0.53,0.43665229
-1,0.54,-0.42160144
-0.99,0.54,-0.42097142
-0.98,0.54,-0.42031667
-0.97,0.54,-0.41963625
-0.96,0.54,-0.41892922
-0.95,0.54,-0.41819456
-0.94,0.54,-0.41743127
-0.93,0.54,-0.41663826
-0.92,0.54,-0.41581446
-0.91,0.54,-0.41495872
-0.9,0.54,-0.41406988
-0.89,0.54,-0.41314673
-0.88,0.54,-0.41218803
-0.87,0.54,-0.4111925
-0.86,0.54,-0.41015881
-0.85,0.54,-0.40908561
-0.84,0.54,-0.4079715
-0.83,0.54,-0.40681503
-0.82,0.54,-0.40561472
-0.81,0.54,-0.40436904
-0.8,0.54,-0.40307643
-0.79,0.54,-0.40173527
-0.78,0.54,-0.40034393
-0.77,0.54,-0.39890069
-0.76,0.54,-0.39740382
-0.75,0.54,-0.39585155
-0.74,0.54,-0.39424204
-0.73,0.54,-0.39257345
-0.72,0.54,-0.39084385
-0.71,0.54,-0.38905131
-0.7,0.54,-0.38719383
-0.69,0.54,-0.3852694
-0.68,0.54,-0.38327595
-0.67,0.54,-0.38121137
-0.66,0.54,-0.37907355
-0.65,0.54,-0.3768603
-0.64,0.54,-0.37456945
-0.63,0.54,-0.37219875
-0.62,0.54,-0.36974596
-0.61,0.54,-0.3672088
-0.6,0.54,-0.36458499
-0.59,0.54,-0.36187221
-0.58,0.54,-0.35906815
-0.57,0.54,-0.35617047
-0.56,0.54,-0.35317685
-0.55,0.54,-0.35008495
-0.54,0.54,-0.34689244
-0.53,0.54,-0.34359703
-0.52,0.54,-0.34019642
-0.51,0.54,-0.33668834
-0.5,0.54,-0.33307055
-0.49,0.54,-0.32934086
-0.48,0.54,-0.32549712
-0.47,0.54,-0.32153724
-0.46,0.54,-0.31745917
-0.45,0.54,-0.31326097
-0.44,0.54,-0.30894075
-0.43,0.54,-0.30449672
-0.42,0.54,-0.2999272
-0.41,0.54,-0.29523059
-0.4,0.54,-0.29040545
-0.39,0.54,-0.28545043
-0.38,0.54,-0.28036436
-0.37,0.54,-0.27514618
-0.36,0.54,-0.26979503
-0.35,0.54,-0.2643102
-0.34,0.54,-0.25869118
-0.33,0.54,-0.25293763
-0.32,0.54,-0.24704943
-0.31,0.54,-0.24102669
-0.3,0.54,-0.2348697
-0.29,0.54,-0.22857904
-0.28,0.54,-0.22215549
-0.27,0.54,-0.2156001
-0.26,0.54,-0.20891416
-0.25,0.54,-0.20209926
-0.24,0.54,-0.19515723
-0.23,0.54,-0.18809018
-0.22,0.54,-0.18090052
-0.21,0.54,-0.17359093
-0.2,0.54,-0.16616437
-0.19,0.54,-0.15862408
-0.18,0.54,-0.15097362
-0.17,0.54,-0.1432168
-0.16,0.54,-0.13535771
-0.15,0.54,-0.12740073
-0.14,0.54,-0.1193505
-0.13,0.54,-0.11121193
-0.12,0.54,-0.10299015
-0.11,0.54,-0.094690576
-0.1,0.54,-0.086318817
-0.09,0.54,-0.077880709
-0.08,0.54,-0.069382287
-0.07,0.54,-0.060829771
-0.06,0.54,-0.052229545
-0.05,0.54,-0.043588141
-0.04,0.54,-0.034912223
-0.03,0.54,-0.02620856
-0.02,0.54,-0.017484012
-0.01,0.54,-0.0087455016
0,0.54,0
0.01,0.54,0.0087455016
0.02,0.54,0.017484012
0.03,0.54,0.02620856
0.04,0.54,0.034912223
0.05,0.54,0.043588141
0.06,0.54,0.052229545
0.07,0.54,0.060829771
0.08,0.54,0.069382287
0.09,0.54,0.077880709
0.1,0.54,0.086318817
0.11,0.54,0.094690576
0.12,0.54,0.10299015
0.13,0.54,0.11121193
0.14,0.54,0.1193505
0.15,0.54,0.12740073
0.16,0.54,0.13535771
0.17,0.54,0.1432168
0.18,0.54,0.15097362
0.19,0.54,0.15862408
0.2,0.54,0.16616437
0.21,0.54,0.17359093
0.22,0.54,0.18090052
0.23,0.54,0.18809018
0.24,0.54,0.19515723
0.25,0.54,0.20209926
0.26,0.54,0.20891416
0.27,0.54,0.2156001
0.28,0.54,0.22215549
0.29,0.54,0.22857904
0.3,0.54,0.2348697
0.31,0.54,0.24102669
0.32,0.54,0.24704943
0.33,0.54,0.25293763
0.34,0.54,0.25869118
0.35,0.54,0.2643102
0.36,0.54,0.26979503
0.37,0.54,0.27514618
0.38,0.54,0.28036436
0.39,0.54,0.28545043
0.4,0.54,0.29040545
0.41,0.54,0.29523059
0.42,0.54,0.2999272
0.43,0.54,0.30449672
0.44,0.54,0.30894075
0.45,0.54,0.31326097
0.46,0.54,0.31745917
0.47,0.54,0.32153724
0.48,0.54,0.32549712
0.49,0.54,0.32934086
0.5,0.54,0.33307055
0.51,0.54,0.33668834
0.52,0.54,0.34019642
0.53,0.54,0.34359703
0.54,0.54,0.34689244
0.55,0.54,0.35008495
0.56,0.54,0.35317685
0.57,0.54,0.35617047
0.58,0.54,0.35906815
0.59,0.54,0.36187221
0.6,0.54,0.36458499
0.61,0.54,0.3672088
0.62,0.54,0.36974596
0.63,0.54,0.37219875
0.64,0.54,0.37456945
0.65,0.54,0.3768603
0.66,0.54,0.37907355
0.67,0.54,0.38121137
0.68,0.54,0.38327595
0.69,0.54,0.3852694
0.7,0.54,0.38719383
0.71,0.54,0.38905131
0.72,0.54,0.39084385
0.73,0.54,0.39257345
0.74,0.54,0.39424204
0.75,0.54,0.39585155
0.76,0.54,0.39740382
0.77,0.54,0.39890069
0.78,0.54,0.40034393
0.79,0.54,0.40173527
0.8,0.54,0.40307643
0.81,0.54,0.40436904
0.82,0.54,0.40561472
0.83,0.54,0.40681503
0.84,0.54,0.4079715
0.85,0.54,0.40908561
0.86,0.54,0.41015881
0.87,0.54,0.4111925
0.88,0.54,0.41218803
0.89,0.54,0.41314673
0.9,0.54,0.41406988
0.91,0.54,0.41495872
0.92,0.54,0.41581446
0.93,0.54,0.41663826
0.94,0.54,0.41743127
0.95,0.54,0.41819456
0.96,0.54,0.41892922
0.97,0.54,0.41963625
0.98,0.54,0.42031667
0.99,0.54,0.42097142
1,0.54,0.42160144
-1,0.55,-0.40661022
-0.99,0.55,-0.4060026
-0.98,0.55,-0.40537113
-0.97,0.55,-0.40471491
-0.96,0.55,-0.40403301
-0.95,0.55,-0.40332448
-0.94,0.55,-0.40258832
-0.93,0.55,-0.40182352
-0.92,0.55,-0.40102901
-0.91,0.55,-0.4002037
-0.9,0.55,-0.39934646
-0.89,0.55,-0.39845614
-0.88,0.55,-0.39753153
-0.87,0.55,-0.39657139
-0.86,0.55,-0.39557447
-0.85,0.55,-0.39453943
-0.84,0.55,-0.39346493
-0.83,0.55,-0.39234958
-0.82,0.55,-0.39119195
-0.81,0.55,-0.38999056
-0.8,0.55,-0.38874391
-0.79,0.55,-0.38745045
-0.78,0.55,-0.38610857
-0.77,0.55,-0.38471665
-0.76,0.55,-0.38327301
-0.75,0.55,-0.38177594
-0.74,0.55,-0.38022366
-0.73,0.55,-0.3786144
-0.72,0.55,-0.3769463
-0.71,0.55,-0.3752175
-0.7,0.55,-0.37342607
-0.69,0.55,-0.37157006
-0.68,0.55,-0.36964749
-0.67,0.55,-0.36765633
-0.66,0.55,-0.36559452
-0.65,0.55,-0.36345998
-0.64,0.55,-0.36125058
-0.63,0.55,-0.35896418
-0.62,0.55,-0.3565986
-0.61,0.55,-0.35415166
-0.6,0.55,-0.35162115
-0.59,0.55,-0.34900483
-0.58,0.55,-0.34630047
-0.57,0.55,-0.34350583
-0.56,0.55,-0.34061865
-0.55,0.55,-0.33763669
-0.54,0.55,-0.33455771
-0.53,0.55,-0.33137948
-0.52,0.55,-0.32809978
-0.51,0.55,-0.32471644
-0.5,0.55,-0.32122729
-0.49,0.55,-0.31763022
-0.48,0.55,-0.31392316
-0.47,0.55,-0.31010408
-0.46,0.55,-0.30617102
-0.45,0.55,-0.3021221
-0.44,0.55,-0.2979555
-0.43,0.55,-0.29366949
-0.42,0.55,-0.28926244
-0.41,0.55,-0.28473284
-0.4,0.55,-0.28007927
-0.39,0.55,-0.27530044
-0.38,0.55,-0.27039521
-0.37,0.55,-0.26536259
-0.36,0.55,-0.26020171
-0.35,0.55,-0.25491191
-0.34,0.55,-0.24949269
-0.33,0.55,-0.24394372
-0.32,0.55,-0.2382649
-0.31,0.55,-0.23245631
-0.3,0.55,-0.22651825
-0.29,0.55,-0.22045127
-0.28,0.55,-0.21425613
-0.27,0.55,-0.20793383
-0.26,0.55,-0.20148563
-0.25,0.55,-0.19491305
-0.24,0.55,-0.18821786
-0.23,0.55,-0.18140211
-0.22,0.55,-0.1744681
-0.21,0.55,-0.16741842
-0.2,0.55,-0.16025592
-0.19,0.55,-0.15298376
-0.18,0.55,-0.14560533
-0.17,0.55,-0.13812432
-0.16,0.55,-0.13054469
-0.15,0.55,-0.12287064
-0.14,0.55,-0.11510666
-0.13,0.55,-0.10725747
-0.12,0.55,-0.099328049
-0.11,0.55,-0.091323587
-0.1,0.55,-0.083249509
-0.09,0.55,-0.075111441
-0.08,0.55,-0.066915205
-0.07,0.55,-0.058666798
-0.06,0.55,-0.050372376
-0.05,0.55,-0.042038243
-0.04,0.55,-0.033670821
-0.03,0.55,-0.025276641
-0.02,0.55,-0.016862318
-0.01,0.55,-0.0084345308
0,0.55,0
0.01,0.55,0.0084345308
0.02,0.55,0.016862318
0.03,0.55,0.025276641
0.04,0.55,0.033670821
0.05,0.55,0.042038243
0.06,0.55,0.050372376
0.07,0.55,0.058666798
0.08,0.55,0.066915205
0.09,0.55,0.075111441
0.1,0.55,0.083249509
0.11,0.55,0.091323587
0.12,0.55,0.099328049
0.13,0.55,0.10725747
0.14,0.55,0.11510666
0.15,0.55,0.12287064
0.16,0.55,0.13054469
0.17,0.55,0.13812432
0.18,0.55,0.14560533
0.19,0.55,0.15298376
0.2,0.55,0.16025592
0.21,0.55,0.16741842
0.22,0.55,0.1744681
0.23,0.55,0.18140211
0.24,0.55,0.18821786
0.25,0.55,0.19491305
0.26,0.55,0.20148563
0.27,0.55,0.20793383
0.28,0.55,0.21425613
0.29,0.55,0.22045127
0.3,0.55,0.22651825
0.31,0.55,0.23245631
0.32,0.55,0.2382649
0.33,0.55,0.24394372
0.34,0.55,0.24949269
0.35,0.55,0.25491191
0.36,0.55,0.26020171
0.37,0.55,0.26536259
0.38,0.55,0.27039521
0.39,0.55,0.27530044
0.4,0.55,0.28007927
0.41,0.55,0.28473284
0.42,0.55,0.28926244
0.43,0.55,0.29366949
0.44,0.55,0.2979555
0.45,0.55,0.3021221
0.46,0.55,0.30617102
0.47,0.55,0.31010408
0.48,0.55,0.31392316
0.49,0.55,0.31763022
0.5,0.55,0.32122729
0.51,0.55,0.32471644
0.52,0.55,0.32809978
0.53,0.55,0.33137948
0.54,0.55,0.33455771
0.55,0.55,0.33763669
0.56,0.55,0.34061865
0.57,0.55,0.34350583
0.58,0.55,0.34630047
0.59,0.55,0.34900483
0.6,0.55,0.35162115
0.61,0.55,0.35415166
0.62,0.55,0.3565986
0.63,0.55,0.35896418
0.64,0.55,0.36125058
0.65,0.55,0.36345998
0.66,0.55,0.36559452
0.67,0.55,0.36765633
0.68,0.55,0.36964749
0.69,0.55,0.37157006
0.7,0.55,0.37342607
0.71,0.55,0.3752175
0.72,0.55,0.3769463
0.73,0.55,0.3786144
0.74,0.55,0.38022366
0.75,0.55,0.38177594
0.76,0.55,0.38327301
0.77,0.55,0.38471665
0.78,0.55,0.38610857
0.79,0.55,0.38745045
0.8,0.55,0.38874391
0.81,0.55,0.38999056
0.82,0.55,0.39119195
0.83,0.55,0.39234958
0.84,0.55,0.39346493
0.85,0.55,0.39453943
0.86,0.55,0.39557447
0.87,0.55,0.39657139
0.88,0.55,0.39753153
0.89,0.55,0.39845614
0.9,0.55,0.39934646
0.91,0.55,0.4002037
0.92,0.55,0.40102901
0.93,0.55,0.40182352
0.94,0.55,0.40258832
0.95,0.55,0.40332448
0.96,0.55,0.40403301
0.97,0.55,0.40471491
0.98,0.55,0.40537113
0.99,0.55,0.4060026
1,0.55,0.40661022
-1,0.56,-0.39169341
-0.99,0.56,-0.39110808
-0.98,0.56,-0.39049978
-0.97,0.56,-0.38986763
-0.96,0.56,-0.38921075
-0.95,0.56,-0.38852821
-0.94,0.56,-0.38781906
-0.93,0.56,-0.38708231
-0.92,0.56,-0.38631695
-0.91,0.56,-0.38552192
-0.9,0.56,-0.38469613
-0.89,0.56,-0.38383847
-0.88,0.56,-0.38294778
-0.87,0.56,-0.38202287
-0.86,0.56,-0.38106251
-0.85,0.56,-0.38006544
-0.84,0.56,-0.37903036
-0.83,0.56,-0.37795593
-0.82,0.56,-0.37684077
-0.81,0.56,-0.37568346
-0.8,0.56,-0.37448254
-0.79,0.56,-0.37323653
-0.78,0.56,-0.37194388
-0.77,0.56,-0.37060303
-0.76,0.56,-0.36921235
-0.75,0.56,-0.36777019
-0.74,0.56,-0.36627487
-0.73,0.56,-0.36472464
-0.72,0.56,-0.36311774
-0.71,0.56,-0.36145235
-0.7,0.56,-0.35972665
-0.69,0.56,-0.35793873
-0.68,0.56,-0.35608669
-0.67,0.56,-0.35416858
-0.66,0.56,-0.35218241
-0.65,0.56,-0.35012617
-0.64,0.56,-0.34799782
-0.63,0.56,-0.3457953
-0.62,0.56,-0.34351651
-0.61,0.56,-0.34115934
-0.6,0.56,-0.33872166
-0.59,0.56,-0.33620132
-0.58,0.56,-0.33359617
-0.57,0.56,-0.33090406
-0.56,0.56,-0.3281228
-0.55,0.56,-0.32525023
-0.54,0.56,-0.3222842
-0.53,0.56,-0.31922257
-0.52,0.56,-0.31606319
-0.51,0.56,-0.31280397
-0.5,0.56,-0.30944282
-0.49,0.56,-0.30597771
-0.48,0.56,-0.30240664
-0.47,0.56,-0.29872767
-0.46,0.56,-0.2949389
-0.45,0.56,-0.29103852
-0.44,0.56,-0.28702477
-0.43,0.56,-0.282896
-0.42,0.56,-0.27865063
-0.41,0.56,-0.2742872
-0.4,0.56,-0.26980434
-0.39,0.56,-0.26520083
-0.38,0.56,-0.26047556
-0.37,0.56,-0.25562756
-0.36,0.56,-0.25065601
-0.35,0.56,-0.24556027
-0.34,0.56,-0.24033986
-0.33,0.56,-0.23499446
-0.32,0.56,-0.22952397
-0.31,0.56,-0.22392847
-0.3,0.56,-0.21820826
-0.29,0.56,-0.21236385
-0.28,0.56,-0.20639598
-0.27,0.56,-0.20030562
-0.26,0.56,-0.19409398
-0.25,0.56,-0.18776252
-0.24,0.56,-0.18131295
-0.23,0.56,-0.17474723
-0.22,0.56,-0.1680676
-0.21,0.56,-0.16127654
-0.2,0.56,-0.15437681
-0.19,0.56,-0.14737143
-0.18,0.56,-0.14026369
-0.17,0.56,-0.13305713
-0.16,0.56,-0.12575555
-0.15,0.56,-0.11836304
-0.14,0.56,-0.11088388
-0.13,0.56,-0.10332265
-0.12,0.56,-0.095684123
-0.11,0.56,-0.087973311
-0.1,0.56,-0.080195437
-0.09,0.56,-0.07235592
-0.08,0.56,-0.06446037
-0.07,0.56,-0.056514561
-0.06,0.56,-0.048524427
-0.05,0.56,-0.040496037
-0.04,0.56,-0.032435581
-0.03,0.56,-0.024349348
-0.02,0.56,-0.016243711
-0.01,0.56,-0.0081251035
0,0.56,0
0.01,0.56,0.0081251035
0.02,0.56,0.016243711
0.03,0.56,0.024349348
0.04,0.56,0.032435581
0.05,0.56,0.040496037
0.06,0.56,0.048524427
0.07,0.56,0.056514561
0.08,0.56,0.06446037
0.09,0.56,0.07235592
0.1,0.56,0.080195437
0.11,0.56,0.087973311
0.12,0.56,0.095684123
0.13,0.56,0.10332265
0.14,0.56,0.11088388
0.15,0.56,0.11836304
0.16,0.56,0.12575555
0.17,0.56,0.13305713
0.18,0.56,0.14026369
0.19,0.56,0.14737143
0.2,0.56,0.15437681
0.21,0.56,0.16127654
0.22,0.56,0.1680676
0.23,0.56,0.17474723
0.24,0.56,0.18131295
0.25,0.56,0.18776252
0.26,0.56,0.19409398
0.27,0.56,0.20030562
0.28,0.56,0.20639598
0.29,0.56,0.21236385
0.3,0.56,0.21820826
0.31,0.56,0.22392847
0.32,0.56,0.22952397
0.33,0.56,0.23499446
0.34,0.56,0.24033986
0.35,0.56,0.24556027
0.36,0.56,0.25065601
0.37,0.56,0.25562756
0.38,0.56,0.26047556
0.39,0.56,0.26520083
0.4,0.56,0.26980434
0.41,0.56,0.2742872
0.42,0.56,0.27865063
0.43,0.56,0.282896
0.44,0.56,0.28702477
0.45,0.56,0.29103852
0.46,0.56,0.2949389
0.47,0.56,0.29872767
0.48,0.56,0.30240664
0.49,0.56,0.30597771
0.5,0.56,0.30944282
0.51,0.56,0.31280397
0.52,0.56,0.31606319
0.53,0.56,0.31922257
0.54,0.56,0.3222842
0.55,0.56,0.32525023
0.56,0.56,0.3281228
0.57,0.56,0.33090406
0.58,0.56,0.33359617
0.59,0.56,0.33620132
0.6,0.56,0.33872166
0.61,0.56,0.34115934
0.62,0.56,0.34351651
0.63,0.56,0.3457953
0.64,0.56,0.34799782
0.65,0.56,0.35012617
0.66,0.56,0.35218241
0.67,0.56,0.35416858
0.68,0.56,0.35608669
0.69,0.56,0.35793873
0.7,0.56,0.35972665
0.71,0.56,0.36145235
0.72,0.56,0.36311774
0.73,0.56,0.36472464
0.74,0.56,0.36627487
0.75,0.56,0.36777019
0.76,0.56,0.36921235
0.77,0.56,0.37060303
0.78,0.56,0.37194388
0.79,0.56,0.37323653
0.8,0.56,0.37448254
0.81,0.56,0.37568346
0.82,0.56,0.37684077
0.83,0.56,0.37795593
0.84,0.56,0.37903036
0.85,0.56,0.38006544
0.86,0.56,0.38106251
0.87,0.56,0.38202287
0.88,0.56,0.38294778
0.89,0.56,0.38383847
0.9,0.56,0.38469613
0.91,0.56,0.38552192
0.92,0.56,0.38631695
0.93,0.56,0.38708231
0.94,0.56,0.38781906
0.95,0.56,0.38852821
0.96,0.56,0.38921075
0.97,0.56,0.38986763
0.98,0.56,0.39049978
0.99,0.56,0.39110808
1,0.56,0.39169341
-1,0.57,-0.37686574
-0.99,0.57,-0.37630257
-0.98,0.57,-0.37571729
-0.97,0.57,-0.37510907
-0.96,0.57,-0.37447706
-0.95,0.57,-0.37382036
-0.94,0.57,-0.37313805
-0.93,0.57,-0.3724292
-0.92,0.57,-0.3716928
-0.91,0.57,-0.37092787
-0.9,0.57,-0.37013334
-0.89,0.57,-0.36930815
-0.88,0.57,-0.36845117
-0.87,0.57,-0.36756128
-0.86,0.57,-0.36663727
-0.85,0.57,-0.36567795
-0.84,0.57,-0.36468206
-0.83,0.57,-0.3636483
-0.82,0.57,-0.36257535
-0.81,0.57,-0.36146185
-0.8,0.57,-0.36030639
-0.79,0.57,-0.35910755
-0.78,0.57,-0.35786384
-0.77,0.57,-0.35657374
-0.76,0.57,-0.3552357
-0.75,0.57,-0.35384814
-0.74,0.57,-0.35240942
-0.73,0.57,-0.35091788
-0.72,0.57,-0.3493718
-0.71,0.57,-0.34776947
-0.7,0.57,-0.34610908
-0.69,0.57,-0.34438885
-0.68,0.57,-0.34260692
-0.67,0.57,-0.34076142
-0.66,0.57,-0.33885044
-0.65,0.57,-0.33687204
-0.64,0.57,-0.33482426
-0.63,0.57,-0.33270511
-0.62,0.57,-0.33051259
-0.61,0.57,-0.32824465
-0.6,0.57,-0.32589924
-0.59,0.57,-0.32347432
-0.58,0.57,-0.32096779
-0.57,0.57,-0.31837758
-0.56,0.57,-0.31570161
-0.55,0.57,-0.31293779
-0.54,0.57,-0.31008404
-0.53,0.57,-0.3071383
-0.52,0.57,-0.30409852
-0.51,0.57,-0.30096268
-0.5,0.57,-0.29772877
-0.49,0.57,-0.29439483
-0.48,0.57,-0.29095895
-0.47,0.57,-0.28741924
-0.46,0.57,-0.2837739
-0.45,0.57,-0.28002117
-0.44,0.57,-0.27615936
-0.43,0.57,-0.27218688
-0.42,0.57,-0.26810223
-0.41,0.57,-0.26390397
-0.4,0.57,-0.25959082
-0.39,0.57,-0.25516157
-0.38,0.57,-0.25061518
-0.37,0.57,-0.2459507
-0.36,0.57,-0.24116735
-0.35,0.57,-0.23626452
-0.34,0.57,-0.23124172
-0.33,0.57,-0.22609867
-0.32,0.57,-0.22083527
-0.31,0.57,-0.21545159
-0.3,0.57,-0.20994792
-0.29,0.57,-0.20432475
-0.28,0.57,-0.19858279
-0.27,0.57,-0.19272299
-0.26,0.57,-0.18674649
-0.25,0.57,-0.18065471
-0.24,0.57,-0.17444929
-0.23,0.57,-0.16813212
-0.22,0.57,-0.16170535
-0.21,0.57,-0.15517137
-0.2,0.57,-0.14853283
-0.19,0.57,-0.14179264
-0.18,0.57,-0.13495396
-0.17,0.57,-0.12802021
-0.16,0.57,-0.12099504
-0.15,0.57,-0.11388237
-0.14,0.57,-0.10668634
-0.13,0.57,-0.09941134
-0.12,0.57,-0.092061972
-0.11,0.57,-0.084643055
-0.1,0.57,-0.077159614
-0.09,0.57,-0.069616865
-0.08,0.57,-0.062020203
-0.07,0.57,-0.054375185
-0.06,0.57,-0.04668752
-0.05,0.57,-0.038963048
-0.04,0.57,-0.031207722
-0.03,0.57,-0.023427596
-0.02,0.57,-0.015628801
-0.01,0.57,-0.0078175253
0,0.57,0
0.01,0.57,0.0078175253
0.02,0.57,0.015628801
0.03,0.57,0.023427596
0.04,0.57,0.031207722
0.05,0.57,0.038963048
0.06,0.57,0.04668752
0.07,0.57,0.054375185
0.08,0.57,0.062020203
0.09,0.57,0.069616865
0.1,0.57,0.077159614
0.11,0.57,0.084643055
0.12,0.57,0.092061972
0.13,0.57,0.09941134
0.14,0.57,0.10668634
0.15,0.57,0.11388237
0.16,0.57,0.12099504
0.17,0.57,0.12802021
0.18,0.57,0.13495396
0.19,0.57,0.14179264
0.2,0.57,0.14853283
0.21,0.57,0.15517137
0.22,0.57,0.16170535
0.23,0.57,0.16813212
0.24,0.57,0.17444929
0.25,0.57,0.18065471
0.26,0.57,0.18674649
0.27,0.57,0.19272299
0.28,0.57,0.19858279
0.29,0.57,0.20432475
0.3,0.57,0.20994792
0.31,0.57,0.21545159
0.32,0.57,0.22083527
0.33,0.57,0.22609867
0.34,0.57,0.23124172
0.35,0.57,0.23626452
0.36,0.57,0.24116735
0.37,0.57,0.2459507
0.38,0.57,0.25061518
0.39,0.57,0.25516157
0.4,0.57,0.25959082
0.41,0.57,0.26390397
0.42,0.57,0.26810223
0.43,0.57,0.27218688
0.44,0.57,0.27615936
0.45,0.57,0.28002117
0.46,0.57,0.2837739
0.47,0.57,0.28741924
0.48,0.57,0.29095895
0.49,0.57,0.29439483
0.5,0.57,0.29772877
0.51,0.57,0.30096268
0.52,0.57,0.30409852
0.53,0.57,0.3071383
0.54,0.57,0.31008404
0.55,0.57,0.31293779
0.56,0.57,0.31570161
0.57,0.57,0.31837758
0.58,0.57,0.32096779
0.59,0.57,0.32347432
0.6,0.57,0.32589924
0.61,0.57,0.32824465
0.62,0.57,0.33051259
0.63,0.57,0.33270511
0.64,0.57,0.33482426
0.65,0.57,0.33687204
0.66,0.57,0.33885044
0.67,0.57,0.34076142
0.68,0.57,0.34260692
0.69,0.57,0.34438885
0.7,0.57,0.34610908
0.71,0.57,0.34776947
0.72,0.57,0.3493718
0.73,0.57,0.35091788
0.74,0.57,0.35240942
0.75,0.57,0.35384814
0.76,0.57,0.3552357
0.77,0.57,0.35657374
0.78,0.57,0.35786384
0.79,0.57,0.35910755
0.8,0.57,0.36030639
0.81,0.57,0.36146185
0.82,0.57,0.36257535
0.83,0.57,0.3636483
0.84,0.57,0.36468206
0.85,0.57,0.36567795
0.86,0.57,0.36663727
0.87,0.57,0.36756128
0.88,0.57,0.36845117
0.89,0.57,0.36930815
0.9,0.57,0.37013334
0.91,0.57,0.37092787
0.92,0.57,0.3716928
0.93,0.57,0.3724292
0.94,0.57,0.37313805
0.95,0.57,0.37382036
0.96,0.57,0.37447706
0.97,0.57,0.37510907
0.98,0.57,0.37571729
0.99,0.57,0.37630257
1,0.57,0.37686574
-1,0.58,-0.36214183
-0.99,0.58,-0.36160067
-0.98,0.58,-0.36103825
-0.97,0.58,-0.3604538
-0.96,0.58,-0.35984648
-0.95,0.58,-0.35921544
-0.94,0.58,-0.35855979
-0.93,0.58,-0.35787862
-0.92,0.58,-0.357171
-0.91,0.58,-0.35643595
-0.9,0.58,-0.35567247
-0.89,0.58,-0.35487951
-0.88,0.58,-0.35405602
-0.87,0.58,-0.35320089
-0.86,0.58,-0.35231299
-0.85,0.58,-0.35139115
-0.84,0.58,-0.35043416
-0.83,0.58,-0.34944079
-0.82,0.58,-0.34840976
-0.81,0.58,-0.34733976
-0.8,0.58,-0.34622945
-0.79,0.58,-0.34507745
-0.78,0.58,-0.34388232
-0.77,0.58,-0.34264263
-0.76,0.58,-0.34135687
-0.75,0.58,-0.34002352
-0.74,0.58,-0.33864101
-0.73,0.58,-0.33720774
-0.72,0.58,-0.33572207
-0.71,0.58,-0.33418233
-0.7,0.58,-0.33258682
-0.69,0.58,-0.3309338
-0.68,0.58,-0.32922149
-0.67,0.58,-0.32744809
-0.66,0.58,-0.32561177
-0.65,0.58,-0.32371066
-0.64,0.58,-0.32174289
-0.63,0.58,-0.31970654
-0.62,0.58,-0.31759967
-0.61,0.58,-0.31542034
-0.6,0.58,-0.31316657
-0.59,0.58,-0.31083638
-0.58,0.58,-0.30842778
-0.57,0.58,-0.30593877
-0.56,0.58,-0.30336735
-0.55,0.58,-0.30071151
-0.54,0.58,-0.29796925
-0.53,0.58,-0.2951386
-0.52,0.58,-0.29221759
-0.51,0.58,-0.28920426
-0.5,0.58,-0.2860967
-0.49,0.58,-0.28289301
-0.48,0.58,-0.27959137
-0.47,0.58,-0.27618996
-0.46,0.58,-0.27268703
-0.45,0.58,-0.26908092
-0.44,0.58,-0.26536999
-0.43,0.58,-0.26155272
-0.42,0.58,-0.25762764
-0.41,0.58,-0.25359341
-0.4,0.58,-0.24944877
-0.39,0.58,-0.24519257
-0.38,0.58,-0.2408238
-0.37,0.58,-0.23634156
-0.36,0.58,-0.2317451
-0.35,0.58,-0.22703381
-0.34,0.58,-0.22220725
-0.33,0.58,-0.21726514
-0.32,0.58,-0.21220737
-0.31,0.58,-0.20703403
-0.3,0.58,-0.20174539
-0.29,0.58,-0.19634191
-0.28,0.58,-0.19082429
-0.27,0.58,-0.18519342
-0.26,0.58,-0.17945043
-0.25,0.58,-0.17359665
-0.24,0.58,-0.16763367
-0.23,0.58,-0.16156331
-0.22,0.58,-0.15538763
-0.21,0.58,-0.14910892
-0.2,0.58,-0.14272975
-0.19,0.58,-0.13625289
-0.18,0.58,-0.1296814
-0.17,0.58,-0.12301854
-0.16,0.58,-0.11626784
-0.15,0.58,-0.10943306
-0.14,0.58,-0.10251817
-0.13,0.58,-0.095527403
-0.12,0.58,-0.088465169
-0.11,0.58,-0.081336105
-0.1,0.58,-0.074145037
-0.09,0.58,-0.066896979
-0.08,0.58,-0.059597113
-0.07,0.58,-0.052250781
-0.06,0.58,-0.044863469
-0.05,0.58,-0.037440786
-0.04,0.58,-0.029988456
-0.03,0.58,-0.022512295
-0.02,0.58,-0.015018193
-0.01,0.58,-0.0075120995
0,0.58,0
0.01,0.58,0.0075120995
0.02,0.58,0.015018193
0.03,0.58,0.022512295
0.04,0.58,0.029988456
0.05,0.58,0.037440786
0.06,0.58,0.044863469
0.07,0.58,0.052250781
0.08,0.58,0.059597113
0.09,0.58,0.066896979
0.1,0.58,0.074145037
0.11,0.58,0.081336105
0.12,0.58,0.088465169
0.13,0.58,0.095527403
0.14,0.58,0.10251817
0.15,0.58,0.10943306
0.16,0.58,0.11626784
0.17,0.58,0.12301854
0.18,0.58,0.1296814
0.19,0.58,0.13625289
0.2,0.58,0.14272975
0.21,0.58,0.14910892
0.22,0.58,0.15538763
0.23,0.58,0.16156331
0.24,0.58,0.16763367
0.25,0.58,0.17359665
0.26,0.58,0.17945043
0.27,0.58,0.18519342
0.28,0.58,0.19082429
0.29,0.58,0.19634191
0.3,0.58,0.20174539
0.31,0.58,0.20703403
0.32,0.58,0.21220737
0.33,0.58,0.21726514
0.34,0.58,0.22220725
0.35,0.58,0.22703381
0.36,0.58,0.2317451
0.37,0.58,0.23634156
0.38,0.58,0.2408238
0.39,0.58,0.24519257
0.4,0.58,0.24944877
0.41,0.58,0.25359341
0.42,0.58,0.25762764
0.43,0.58,0.26155272
0.44,0.58,0.26536999
0.45,0.58,0.26908092
0.46,0.58,0.27268703
0.47,0.58,0.27618996
0.48,0.58,0.27959137
0.49,0.58,0.28289301
0.5,0.58,0.2860967
0.51,0.58,0.28920426
0.52,0.58,0.29221759
0.53,0.58,0.2951386
0.54,0.58,0.29796925
0.55,0.58,0.30071151
0.56,0.58,0.30336735
0.57,0.58,0.30593877
0.58,0.58,0.30842778
0.59,0.58,0.31083638
0.6,0.58,0.31316657
0.61,0.58,0.31542034
0.62,0.58,0.31759967
0.63,0.58,0.31970654
0.64,0.58,0.32174289
0.65,0.58,0.32371066
0.66,0.58,0.32561177
0.67,0.58,0.32744809
0.68,0.58,0.32922149
0.69,0.58,0.3309338
0.7,0.58,0.33258682
0.71,0.58,0.33418233
0.72,0.58,0.33572207
0.73,0.58,0.33720774
0.74,0.58,0.33864101
0.75,0.58,0.34002352
0.76,0.58,0.34135687
0.77,0.58,0.34264263
0.78,0.58,0.34388232
0.79,0.58,0.34507745
0.8,0.58,0.34622945
0.81,0.58,0.34733976
0.82,0.58,0.34840976
0.83,0.58,0.34944079
0.84,0.58,0.35043416
0.85,0.58,0.35139115
0.86,0.58,0.35231299
0.87,0.58,0.35320089
0.88,0.58,0.35405602
0.89,0.58,0.35487951
0.9,0.58,0.35567247
0.91,0.58,0.35643595
0.92,0.58,0.357171
0.93,0.58,0.35787862
0.94,0.58,0.35855979
0.95,0.58,0.35921544
0.96,0.58,0.35984648
0.97,0.58,0.3604538
0.98,0.58,0.36103825
0.99,0.58,0.36160067
1,0.58,0.36214183
-1,0.59,-0.34753623
-0.99,0.59,-0.34701689
-0.98,0.59,-0.34647716
-0.97,0.59,-0.34591628
-0.96,0.59,-0.34533345
-0.95,0.59,-0.34472786
-0.94,0.59,-0.34409865
-0.93,0.59,-0.34344496
-0.92,0.59,-0.34276588
-0.91,0.59,-0.34206047
-0.9,0.59,-0.34132778
-0.89,0.59,-0.3405668
-0.88,0.59,-0.33977653
-0.87,0.59,-0.33895589
-0.86,0.59,-0.33810379
-0.85,0.59,-0.33721913
-0.84,0.59,-0.33630074
-0.83,0.59,-0.33534743
-0.82,0.59,-0.33435798
-0.81,0.59,-0.33333114
-0.8,0.59,-0.33226561
-0.79,0.59,-0.33116007
-0.78,0.59,-0.33001315
-0.77,0.59,-0.32882345
-0.76,0.59,-0.32758955
-0.75,0.59,-0.32630997
-0.74,0.59,-0.32498322
-0.73,0.59,-0.32360775
-0.72,0.59,-0.322182
-0.71,0.59,-0.32070437
-0.7,0.59,-0.31917321
-0.69,0.59,-0.31758685
-0.68,0.59,-0.3159436
-0.67,0.59,-0.31424172
-0.66,0.59,-0.31247946
-0.65,0.59,-0.31065503
-0.64,0.59,-0.30876662
-0.63,0.59,-0.3068124
-0.62,0.59,-0.3047905
-0.61,0.59,-0.30269906
-0.6,0.59,-0.30053619
-0.59,0.59,-0.29829999
-0.58,0.59,-0.29598853
-0.57,0.59,-0.2935999
-0.56,0.59,-0.29113219
-0.55,0.59,-0.28858346
-0.54,0.59,-0.2859518
-0.53,0.59,-0.28323532
-0.52,0.59,-0.28043211
-0.51,0.59,-0.27754031
-0.5,0.59,-0.27455808
-0.49,0.59,-0.27148361
-0.48,0.59,-0.26831512
-0.47,0.59,-0.26505089
-0.46,0.59,-0.26168925
-0.45,0.59,-0.25822857
-0.44,0.59,-0.25466731
-0.43,0.59,-0.25100399
-0.42,0.59,-0.24723722
-0.41,0.59,-0.24336569
-0.4,0.59,-0.23938821
-0.39,0.59,-0.23530367
-0.38,0.59,-0.2311111
-0.37,0.59,-0.22680963
-0.36,0.59,-0.22239855
-0.35,0.59,-0.21787727
-0.34,0.59,-0.21324537
-0.33,0.59,-0.20850258
-0.32,0.59,-0.2036488
-0.31,0.59,-0.19868411
-0.3,0.59,-0.19360876
-0.29,0.59,-0.18842321
-0.28,0.59,-0.18312812
-0.27,0.59,-0.17772435
-0.26,0.59,-0.17221298
-0.25,0.59,-0.16659529
-0.24,0.59,-0.16087281
-0.23,0.59,-0.15504727
-0.22,0.59,-0.14912066
-0.21,0.59,-0.14309519
-0.2,0.59,-0.13697329
-0.19,0.59,-0.13075766
-0.18,0.59,-0.12445119
-0.17,0.59,-0.11805706
-0.16,0.59,-0.11157862
-0.15,0.59,-0.10501949
-0.14,0.59,-0.098383495
-0.13,0.59,-0.09167467
-0.12,0.59,-0.084897265
-0.11,0.59,-0.078055724
-0.1,0.59,-0.071154681
-0.09,0.59,-0.064198945
-0.08,0.59,-0.057193491
-0.07,0.59,-0.050143446
-0.06,0.59,-0.043054072
-0.05,0.59,-0.035930755
-0.04,0.59,-0.028778987
-0.03,0.59,-0.021604348
-0.02,0.59,-0.014412492
-0.01,0.59,-0.0072091277
0,0.59,0
0.01,0.59,0.0072091277
0.02,0.59,0.014412492
0.03,0.59,0.021604348
0.04,0.59,0.028778987
0.05,0.59,0.035930755
0.06,0.59,0.043054072
0.07,0.59,0.050143446
0.08,0.59,0.057193491
0.09,0.59,0.064198945
0.1,0.59,0.071154681
0.11,0.59,0.078055724
0.12,0.59,0.084897265
0.13,0.59,0.09167467
0.14,0.59,0.098383495
0.15,0.59,0.10501949
0.16,0.59,0.11157862
0.17,0.59,0.11805706
0.18,0.59,0.12445119
0.19,0.59,0.13075766
0.2,0.59,0.13697329
0.21,0.59,0.14309519
0.22,0.59,0.14912066
0.23,0.59,0.15504727
0.24,0.59,0.16087281
0.25,0.59,0.16659529
0.26,0.59,0.17221298
0.27,0.59,0.17772435
0.28,0.59,0.18312812
0.29,0.59,0.18842321
0.3,0.59,0.19360876
0.31,0.59,0.19868411
0.32,0.59,0.2036488
0.33,0.59,0.20850258
0.34,0.59,0.21324537
0.35,0.59,0.21787727
0.36,0.59,0.22239855
0.37,0.59,0.22680963
0.38,0.59,0.2311111
0.39,0.59,0.23530367
0.4,0.59,0.23938821
0.41,0.59,0.24336569
0.42,0.59,0.24723722
0.43,0.59,0.25100399
0.44,0.59,0.25466731
0.45,0.59,0.25822857
0.46,0.59,0.26168925
0.47,0.59,0.26505089
0.48,0.59,0.26831512
0.49,0.59,0.27148361
0.5,0.59,0.27455808
0.51,0.59,0.27754031
0.52,0.59,0.28043211
0.53,0.59,0.28323532
0.54,0.59,0.2859518
0.55,0.59,0.28858346
0.56,0.59,0.29113219
0.57,0.59,0.2935999
0.58,0.59,0.29598853
0.59,0.59,0.29829999
0.6,0.59,0.30053619
0.61,0.59,0.30269906
0.62,0.59,0.3047905
0.63,0.59,0.3068124
0.64,0.59,0.30876662
0.65,0.59,0.31065503
0.66,0.59,0.31247946
0.67,0.59,0.31424172
0.68,0.59,0.3159436
0.69,0.59,0.31758685
0.7,0.59,0.31917321
0.71,0.59,0.32070437
0.72,0.59,0.322182
0.73,0.59,0.32360775
0.74,0.59,0.32498322
0.75,0.59,0.32630997
0.76,0.59,0.32758955
0.77,0.59,0.32882345
0.78,0.59,0.33001315
0.79,0.59,0.33116007
0.8,0.59,0.33226561
0.81,0.59,0.33333114
0.82,0.59,0.33435798
0.83,0.59,0.33534743
0.84,0.59,0.33630074
0.85,0.59,0.33721913
0.86,0.59,0.33810379
0.87,0.59,0.33895589
0.88,0.59,0.33977653
0.89,0.59,0.3405668
0.9,0.59,0.34132778
0.91,0.59,0.34206047
0.92,0.59,0.34276588
0.93,0.59,0.34344496
0.94,0.59,0.34409865
0.95,0.59,0.34472786
0.96,0.59,0.34533345
0.97,0.59,0.34591628
0.98,0.59,0.34647716
0.99,0.59,0.34701689
1,0.59,0.34753623
-1,0.6,-0.33306334
-0.99,0.6,-0.33256562
-0.98,0.6,-0.33204837
-0.97,0.6,-0.33151085
-0.96,0.6,-0.33095229
-0.95,0.6,-0.33037192
-0.94,0.6,-0.32976891
-0.93,0.6,-0.32914245
-0.92,0.6,-0.32849164
-0.91,0.6,-0.32781561
-0.9,0.6,-0.32711343
-0.89,0.6,-0.32638415
-0.88,0.6,-0.32562678
-0.87,0.6,-0.32484031
-0.86,0.6,-0.32402371
-0.85,0.6,-0.32317589
-0.84,0.6,-0.32229574
-0.83,0.6,-0.32138213
-0.82,0.6,-0.32043389
-0.81,0.6,-0.31944981
-0.8,0.6,-0.31842865
-0.79,0.6,-0.31736915
-0.78,0.6,-0.31626999
-0.77,0.6,-0.31512984
-0.76,0.6,-0.31394732
-0.75,0.6,-0.31272103
-0.74,0.6,-0.31144953
-0.73,0.6,-0.31013135
-0.72,0.6,-0.30876497
-0.71,0.6,-0.30734887
-0.7,0.6,-0.30588147
-0.69,0.6,-0.30436118
-0.68,0.6,-0.30278636
-0.67,0.6,-0.30115535
-0.66,0.6,-0.29946648
-0.65,0.6,-0.29771803
-0.64,0.6,-0.29590826
-0.63,0.6,-0.29403542
-0.62,0.6,-0.29209772
-0.61,0.6,-0.29009338
-0.6,0.6,-0.28802058
-0.59,0.6,-0.2858775
-0.58,0.6,-0.2836623
-0.57,0.6,-0.28137315
-0.56,0.6,-0.2790082
-0.55,0.6,-0.27656561
-0.54,0.6,-0.27404355
-0.53,0.6,-0.27144019
-0.52,0.6,-0.26875372
-0.51,0.6,-0.26598235
-0.5,0.6,-0.26312431
-0.49,0.6,-0.26017787
-0.48,0.6,-0.25714133
-0.47,0.6,-0.25401304
-0.46,0.6,-0.25079139
-0.45,0.6,-0.24747483
-0.44,0.6,-0.24406187
-0.43,0.6,-0.24055111
-0.42,0.6,-0.2369412
-0.41,0.6,-0.23323091
-0.4,0.6,-0.22941906
-0.39,0.6,-0.22550462
-0.38,0.6,-0.22148664
-0.37,0.6,-0.21736431
-0.36,0.6,-0.21313692
-0.35,0.6,-0.20880393
-0.34,0.6,-0.20436492
-0.33,0.6,-0.19981964
-0.32,0.6,-0.195168
-0.31,0.6,-0.19041005
-0.3,0.6,-0.18554606
-0.29,0.6,-0.18057646
-0.28,0.6,-0.17550189
-0.27,0.6,-0.17032315
-0.26,0.6,-0.1650413
-0.25,0.6,-0.15965755
-0.24,0.6,-0.15417338
-0.23,0.6,-0.14859044
-0.22,0.6,-0.14291064
-0.21,0.6,-0.13713609
-0.2,0.6,-0.13126914
-0.19,0.6,-0.12531235
-0.18,0.6,-0.11926852
-0.17,0.6,-0.11314066
-0.16,0.6,-0.10693201
-0.15,0.6,-0.10064603
-0.14,0.6,-0.094286386
-0.13,0.6,-0.087856946
-0.12,0.6,-0.08136178
-0.11,0.6,-0.07480515
-0.1,0.6,-0.068191496
-0.09,0.6,-0.061525427
-0.08,0.6,-0.05481171
-0.07,0.6,-0.048055259
-0.06,0.6,-0.041261117
-0.05,0.6,-0.034434445
-0.04,0.6,-0.027580507
-0.03,0.6,-0.020704651
-0.02,0.6,-0.013812294
-0.01,0.6,-0.0069089089
0,0.6,0
0.01,0.6,0.0069089089
0.02,0.6,0.013812294
0.03,0.6,0.020704651
0.04,0.6,0.027580507
0.05,0.6,0.034434445
0.06,0.6,0.041261117
0.07,0.6,0.048055259
0.08,0.6,0.05481171
0.09,0.6,0.061525427
0.1,0.6,0.068191496
0.11,0.6,0.07480515
0.12,0.6,0.08136178
0.13,0.6,0.087856946
0.14,0.6,0.094286386
0.15,0.6,0.10064603
0.16,0.6,0.10693201
0.17,0.6,0.11314066
0.18,0.6,0.11926852
0.19,0.6,0.12531235
0.2,0.6,0.13126914
0.21,0.6,0.13713609
0.22,0.6,0.14291064
0.23,0.6,0.14859044
0.24,0.6,0.15417338
0.25,0.6,0.15965755
0.26,0.6,0.1650413
0.27,0.6,0.17032315
0.28,0.6,0.17550189
0.29,0.6,0.18057646
0.3,0.6,0.18554606
0.31,0.6,0.19041005
0.32,0.6,0.195168
0.33,0.6,0.19981964
0.34,0.6,0.20436492
0.35,0.6,0.20880393
0.36,0.6,0.21313692
0.37,0.6,0.21736431
0.38,0.6,0.22148664
0.39,0.6,0.22550462
0.4,0.6,0.22941906
0.41,0.6,0.23323091
0.42,0.6,0.2369412
0.43,0.6,0.24055111
0.44,0.6,0.24406187
0.45,0.6,0.24747483
0.46,0.6,0.25079139
0.47,0.6,0.25401304
0.48,0.6,0.25714133
0.49,0.6,0.26017787
0.5,0.6,0.26312431
0.51,0.6,0.26598235
0.52,0.6,0.26875372
0.53,0.6,0.27144019
0.54,0.6,0.27404355
0.55,0.6,0.27656561
0.56,0.6,0.2790082
0.57,0.6,0.28137315
0.58,0.6,0.2836623
0.59,0.6,0.2858775
0.6,0.6,0.28802058
0.61,0.6,0.29009338
0.62,0.6,0.29209772
0.63,0.6,0.29403542
0.64,0.6,0.29590826
0.65,0.6,0.29771803
0.66,0.6,0.29946648
0.67,0.6,0.30115535
0.68,0.6,0.30278636
0.69,0.6,0.30436118
0.7,0.6,0.30588147
0.71,0.6,0.30734887
0.72,0.6,0.30876497
0.73,0.6,0.31013135
0.74,0.6,0.31144953
0.75,0.6,0.31272103
0.76,0.6,0.31394732
0.77,0.6,0.31512984
0.78,0.6,0.31626999
0.79,0.6,0.31736915
0.8,0.6,0.31842865
0.81,0.6,0.31944981
0.82,0.6,0.32043389
0.83,0.6,0.32138213
0.84,0.6,0.32229574
0.85,0.6,0.32317589
0.86,0.6,0.32402371
0.87,0.6,0.32484031
0.88,0.6,0.32562678
0.89,0.6,0.32638415
0.9,0.6,0.32711343
0.91,0.6,0.32781561
0.92,0.6,0.32849164
0.93,0.6,0.32914245
0.94,0.6,0.32976891
0.95,0.6,0.33037192
0.96,0.6,0.33095229
0.97,0.6,0.33151085
0.98,0.6,0.33204837
0.99,0.6,0.33256562
1,0.6,0.33306334
-1,0.61,-0.31873744
-0.99,0.61,-0.31826113
-0.98,0.61,-0.31776613
-0.97,0.61,-0.31725173
-0.96,0.61,-0.31671719
-0.95,0.61,-0.31616179
-0.94,0.61,-0.31558472
-0.93,0.61,-0.3149852
-0.92,0.61,-0.31436239
-0.91,0.61,-0.31371543
-0.9,0.61,-0.31304346
-0.89,0.61,-0.31234554
-0.88,0.61,-0.31162075
-0.87,0.61,-0.31086811
-0.86,0.61,-0.31008663
-0.85,0.61,-0.30927527
-0.84,0.61,-0.30843299
-0.83,0.61,-0.30755867
-0.82,0.61,-0.30665122
-0.81,0.61,-0.30570947
-0.8,0.61,-0.30473223
-0.79,0.61,-0.3037183
-0.78,0.61,-0.30266642
-0.77,0.61,-0.30157531
-0.76,0.61,-0.30044365
-0.75,0.61,-0.29927011
-0.74,0.61,-0.2980533
-0.73,0.61,-0.29679181
-0.72,0.61,-0.29548421
-0.71,0.61,-0.29412902
-0.7,0.61,-0.29272474
-0.69,0.61,-0.29126983
-0.68,0.61,-0.28976275
-0.67,0.61,-0.2882019
-0.66,0.61,-0.28658567
-0.65,0.61,-0.28491242
-0.64,0.61,-0.2831805
-0.63,0.61,-0.28138821
-0.62,0.61,-0.27953386
-0.61,0.61,-0.27761573
-0.6,0.61,-0.27563209
-0.59,0.61,-0.27358119
-0.58,0.61,-0.27146127
-0.57,0.61,-0.26927058
-0.56,0.61,-0.26700735
-0.55,0.61,-0.26466982
-0.54,0.61,-0.26225624
-0.53,0.61,-0.25976486
-0.52,0.61,-0.25719394
-0.51,0.61,-0.25454177
-0.5,0.61,-0.25180667
-0.49,0.61,-0.24898696
-0.48,0.61,-0.24608103
-0.47,0.61,-0.2430873
-0.46,0.61,-0.24000422
-0.45,0.61,-0.23683031
-0.44,0.61,-0.23356415
-0.43,0.61,-0.2302044
-0.42,0.61,-0.22674976
-0.41,0.61,-0.22319905
-0.4,0.61,-0.21955117
-0.39,0.61,-0.2158051
-0.38,0.61,-0.21195994
-0.37,0.61,-0.20801492
-0.36,0.61,-0.20396936
-0.35,0.61,-0.19982275
-0.34,0.61,-0.19557467
-0.33,0.61,-0.1912249
-0.32,0.61,-0.18677333
-0.31,0.61,-0.18222003
-0.3,0.61,-0.17756526
-0.29,0.61,-0.17280941
-0.28,0.61,-0.16795311
-0.27,0.61,-0.16299712
-0.26,0.61,-0.15794245
-0.25,0.61,-0.15279028
-0.24,0.61,-0.14754199
-0.23,0.61,-0.14219919
-0.22,0.61,-0.13676369
-0.21,0.61,-0.13123752
-0.2,0.61,-0.12562292
-0.19,0.61,-0.11992235
-0.18,0.61,-0.11413848
-0.17,0.61,-0.10827419
-0.16,0.61,-0.1023326
-0.15,0.61,-0.096316992
-0.14,0.61,-0.090230891
-0.13,0.61,-0.084077996
-0.12,0.61,-0.077862205
-0.11,0.61,-0.071587592
-0.1,0.61,-0.065258407
-0.09,0.61,-0.058879063
-0.08,0.61,-0.05245412
-0.07,0.61,-0.045988281
-0.06,0.61,-0.039486372
-0.05,0.61,-0.032953333
-0.04,0.61,-0.0263942
-0.03,0.61,-0.019814091
-0.02,0.61,-0.013218193
-0.01,0.61,-0.0066117393
0,0.61,0
0.01,0.61,0.0066117393
0.02,0.61,0.013218193
0.03,0.61,0.019814091
0.04,0.61,0.0263942
0.05,0.61,0.032953333
0.06,0.61,0.039486372
0.07,0.61,0.045988281
0.08,0.61,0.05245412
0.09,0.61,0.058879063
0.1,0.61,0.065258407
0.11,0.61,0.071587592
0.12,0.61,0.077862205
0.13,0.61,0.084077996
0.14,0.61,0.090230891
0.15,0.61,0.096316992
0.16,0.61,0.1023326
0.17,0.61,0.10827419
0.18,0.61,0.11413848
0.19,0.61,0.11992235
0.2,0.61,0.12562292
0.21,0.61,0.13123752
0.22,0.61,0.13676369
0.23,0.61,0.14219919
0.24,0.61,0.14754199
0.25,0.61,0.15279028
0.26,0.61,0.15794245
0.27,0.61,0.16299712
0.28,0.61,0.16795311
0.29,0.61,0.17280941
0.3,0.61,0.17756526
0.31,0.61,0.18222003
0.32,0.61,0.18677333
0.33,0.61,0.1912249
0.34,0.61,0.19557467
0.35,0.61,0.19982275
0.36,0.61,0.20396936
0.37,0.61,0.20801492
0.38,0.61,0.21195994
0.39,0.61,0.2158051
0.4,0.61,0.21955117
0.41,0.61,0.22319905
0.42,0.61,0.22674976
0.43,0.61,0.2302044
0.44,0.61,0.23356415
0.45,0.61,0.23683031
0.46,0.61,0.24000422
0.47,0.61,0.2430873
0.48,0.61,0.24608103
0.49,0.61,0.24898696
0.5,0.61,0.25180667
0.51,0.61,0.25454177
0.52,0.61,0.25719394
0.53,0.61,0.25976486
0.54,0.61,0.26225624
0.55,0.61,0.26466982
0.56,0.61,0.26700735
0.57,0.61,0.26927058
0.58,0.61,0.27146127
0.59,0.61,0.27358119
0.6,0.61,0.27563209
0.61,0.61,0.27761573
0.62,0.61,0.27953386
0.63,0.61,0.28138821
0.64,0.61,0.2831805
0.65,0.61,0.28491242
0.66,0.61,0.28658567
0.67,0.61,0.2882019
0.68,0.61,0.28976275
0.69,0.61,0.29126983
0.7,0.61,0.29272474
0.71,0.61,0.29412902
0.72,0.61,0.29548421
0.73,0.61,0.29679181
0.74,0.61,0.2980533
0.75,0.61,0.29927011
0.76,0.61,0.30044365
0.77,0.61,0.30157531
0.78,0.61,0.30266642
0.79,0.61,0.3037183
0.8,0.61,0.30473223
0.81,0.61,0.30570947
0.82,0.61,0.30665122
0.83,0.61,0.30755867
0.84,0.61,0.30843299
0.85,0.61,0.30927527
0.86,0.61,0.31008663
0.87,0.61,0.31086811
0.88,0.61,0.31162075
0.89,0.61,0.31234554
0.9,0.61,0.31304346
0.91,0.61,0.31371543
0.92,0.61,0.31436239
0.93,0.61,0.3149852
0.94,0.61,0.31558472
0.95,0.61,0.31616179
0.96,0.61,0.31671719
0.97,0.61,0.31725173
0.98,0.61,0.31776613
0.99,0.61,0.31826113
1,0.61,0.31873744
-1,0.62,-0.30457268
-0.99,0.62,-0.30411754
-0.98,0.62,-0.30364453
-0.97,0.62,-0.30315299
-0.96,0.62,-0.30264221
-0.95,0.62,-0.30211149
-0.94,0.62,-0.30156007
-0.93,0.62,-0.30098719
-0.92,0.62,-0.30039205
-0.91,0.62,-0.29977385
-0.9,0.62,-0.29913174
-0.89,0.62,-0.29846484
-0.88,0.62,-0.29777225
-0.87,0.62,-0.29705306
-0.86,0.62,-0.29630631
-0.85,0.62,-0.29553101
-0.84,0.62,-0.29472616
-0.83,0.62,-0.2938907
-0.82,0.62,-0.29302357
-0.81,0.62,-0.29212367
-0.8,0.62,-0.29118987
-0.79,0.62,-0.29022099
-0.78,0.62,-0.28921586
-0.77,0.62,-0.28817323
-0.76,0.62,-0.28709187
-0.75,0.62,-0.28597048
-0.74,0.62,-0.28480774
-0.73,0.62,-0.28360232
-0.72,0.62,-0.28235283
-0.71,0.62,-0.28105786
-0.7,0.62,-0.27971598
-0.69,0.62,-0.27832574
-0.68,0.62,-0.27688563
-0.67,0.62,-0.27539415
-0.66,0.62,-0.27384974
-0.65,0.62,-0.27225085
-0.64,0.62,-0.27059589
-0.63,0.62,-0.26888326
-0.62,0.62,-0.26711132
-0.61,0.62,-0.26527843
-0.6,0.62,-0.26338294
-0.59,0.62,-0.26142318
-0.58,0.62,-0.25939747
-0.57,0.62,-0.25730413
-0.56,0.62,-0.25514149
-0.55,0.62,-0.25290784
-0.54,0.62,-0.25060152
-0.53,0.62,-0.24822085
-0.52,0.62,-0.24576419
-0.51,0.62,-0.24322988
-0.5,0.62,-0.24061632
-0.49,0.62,-0.23792193
-0.48,0.62,-0.23514514
-0.47,0.62,-0.23228444
-0.46,0.62,-0.22933838
-0.45,0.62,-0.22630552
-0.44,0.62,-0.22318451
-0.43,0.62,-0.21997406
-0.42,0.62,-0.21667295
-0.41,0.62,-0.21328004
-0.4,0.62,-0.20979427
-0.39,0.62,-0.20621467
-0.38,0.62,-0.2025404
-0.37,0.62,-0.19877069
-0.36,0.62,-0.19490492
-0.35,0.62,-0.19094258
-0.34,0.62,-0.18688329
-0.33,0.62,-0.18272682
-0.32,0.62,-0.17847308
-0.31,0.62,-0.17412213
-0.3,0.62,-0.16967422
-0.29,0.62,-0.16512973
-0.28,0.62,-0.16048923
-0.27,0.62,-0.1557535
-0.26,0.62,-0.15092345
-0.25,0.62,-0.14600024
-0.24,0.62,-0.14098519
-0.23,0.62,-0.13587983
-0.22,0.62,-0.13068588
-0.21,0.62,-0.1254053
-0.2,0.62,-0.12004021
-0.19,0.62,-0.11459297
-0.18,0.62,-0.10906614
-0.17,0.62,-0.10346246
-0.16,0.62,-0.097784912
-0.15,0.62,-0.092036644
-0.14,0.62,-0.08622101
-0.13,0.62,-0.080341552
-0.12,0.62,-0.074401991
-0.11,0.62,-0.068406223
-0.1,0.62,-0.062358309
-0.09,0.62,-0.056262464
-0.08,0.62,-0.050123047
-0.07,0.62,-0.043944551
-0.06,0.62,-0.037731589
-0.05,0.62,-0.031488879
-0.04,0.62,-0.025221236
-0.03,0.62,-0.018933549
-0.02,0.62,-0.012630773
-0.01,0.62,-0.0063179121
0,0.62,0
0.01,0.62,0.0063179121
0.02,0.62,0.012630773
0.03,0.62,0.018933549
0.04,0.62,0.025221236
0.05,0.62,0.031488879
0.06,0.62,0.037731589
0.07,0.62,0.043944551
0.08,0.62,0.050123047
0.09,0.62,0.056262464
0.1,0.62,0.062358309
0.11,0.62,0.068406223
0.12,0.62,0.074401991
0.13,0.62,0.080341552
0.14,0.62,0.08622101
0.15,0.62,0.092036644
0.16,0.62,0.097784912
0.17,0.62,0.10346246
0.18,0.62,0.10906614
0.19,0.62,0.11459297
0.2,0.62,0.12004021
0.21,0.62,0.1254053
0.22,0.62,0.13068588
0.23,0.62,0.13587983
0.24,0.62,0.14098519
0.25,0.62,0.14600024
0.26,0.62,0.15092345
0.27,0.62,0.1557535
0.28,0.62,0.16048923
0.29,0.62,0.16512973
0.3,0.62,0.16967422
0.31,0.62,0.17412213
0.32,0.62,0.17847308
0.33,0.62,0.18272682
0.34,0.62,0.18688329
0.35,0.62,0.19094258
0.36,0.62,0.19490492
0.37,0.62,0.19877069
0.38,0.62,0.2025404
0.39,0.62,0.20621467
0.4,0.62,0.20979427
0.41,0.62,0.21328004
0.42,0.62,0.21667295
0.43,0.62,0.21997406
0.44,0.62,0.22318451
0.45,0.62,0.22630552
0.46,0.62,0.22933838
0.47,0.62,0.23228444
0.48,0.62,0.23514514
0.49,0.62,0.23792193
0.5,0.62,0.24061632
0.51,0.62,0.24322988
0.52,0.62,0.24576419
0.53,0.62,0.24822085
0.54,0.62,0.25060152
0.55,0.62,0.25290784
0.56,0.62,0.25514149
0.57,0.62,0.25730413
0.58,0.62,0.25939747
0.59,0.62,0.26142318
0.6,0.62,0.26338294
0.61,0.62,0.26527843
0.62,0.62,0.26711132
0.63,0.62,0.26888326
0.64,0.62,0.27059589
0.65,0.62,0.27225085
0.66,0.62,0.27384974
0.67,0.62,0.27539415
0.68,0.62,0.27688563
0.69,0.62,0.27832574
0.7,0.62,0.27971598
0.71,0.62,0.28105786
0.72,0.62,0.28235283
0.73,0.62,0.28360232
0.74,0.62,0.28480774
0.75,0.62,0.28597048
0.76,0.62,0.28709187
0.77,0.62,0.28817323
0.78,0.62,0.28921586
0.79,0.62,0.29022099
0.8,0.62,0.29118987
0.81,0.62,0.29212367
0.82,0.62,0.29302357
0.83,0.62,0.2938907
0.84,0.62,0.29472616
0.85,0.62,0.29553101
0.86,0.62,0.29630631
0.87,0.62,0.29705306
0.88,0.62,0.29777225
0.89,0.62,0.29846484
0.9,0.62,0.29913174
0.91,0.62,0.29977385
0.92,0.62,0.30039205
0.93,0.62,0.30098719
0.94,0.62,0.30156007
0.95,0.62,0.30211149
0.96,0.62,0.30264221
0.97,0.62,0.30315299
0.98,0.62,0.30364453
0.99,0.62,0.30411754
1,0.62,0.30457268
-1,0.63,-0.29058303
-0.99,0.63,-0.2901488
-0.98,0.63,-0.28969752
-0.97,0.63,-0.28922855
-0.96,0.63,-0.28874123
-0.95,0.63,-0.28823488
-0.94,0.63,-0.28770879
-0.93,0.63,-0.28716223
-0.92,0.63,-0.28659443
-0.91,0.63,-0.28600462
-0.9,0.63,-0.285392
-0.89,0.63,-0.28475573
-0.88,0.63,-0.28409496
-0.87,0.63,-0.28340881
-0.86,0.63,-0.28269635
-0.85,0.63,-0.28195667
-0.84,0.63,-0.28118878
-0.83,0.63,-0.2803917
-0.82,0.63,-0.2795644
-0.81,0.63,-0.27870583
-0.8,0.63,-0.27781492
-0.79,0.63,-0.27689054
-0.78,0.63,-0.27593158
-0.77,0.63,-0.27493684
-0.76,0.63,-0.27390515
-0.75,0.63,-0.27283527
-0.74,0.63,-0.27172594
-0.73,0.63,-0.27057588
-0.72,0.63,-0.26938378
-0.71,0.63,-0.26814829
-0.7,0.63,-0.26686805
-0.69,0.63,-0.26554167
-0.68,0.63,-0.2641677
-0.67,0.63,-0.26274473
-0.66,0.63,-0.26127126
-0.65,0.63,-0.25974581
-0.64,0.63,-0.25816687
-0.63,0.63,-0.2565329
-0.62,0.63,-0.25484234
-0.61,0.63,-0.25309365
-0.6,0.63,-0.25128522
-0.59,0.63,-0.24941547
-0.58,0.63,-0.24748281
-0.57,0.63,-0.24548563
-0.56,0.63,-0.24342231
-0.55,0.63,-0.24129126
-0.54,0.63,-0.23909087
-0.53,0.63,-0.23681956
-0.52,0.63,-0.23447573
-0.51,0.63,-0.23205783
-0.5,0.63,-0.22956432
-0.49,0.63,-0.22699368
-0.48,0.63,-0.22434444
-0.47,0.63,-0.22161514
-0.46,0.63,-0.21880439
-0.45,0.63,-0.21591084
-0.44,0.63,-0.21293319
-0.43,0.63,-0.2098702
-0.42,0.63,-0.20672072
-0.41,0.63,-0.20348365
-0.4,0.63,-0.20015798
-0.39,0.63,-0.19674281
-0.38,0.63,-0.1932373
-0.37,0.63,-0.18964074
-0.36,0.63,-0.18595254
-0.35,0.63,-0.18217219
-0.34,0.63,-0.17829936
-0.33,0.63,-0.1743338
-0.32,0.63,-0.17027544
-0.31,0.63,-0.16612435
-0.3,0.63,-0.16188073
-0.29,0.63,-0.15754498
-0.28,0.63,-0.15311763
-0.27,0.63,-0.14859942
-0.26,0.63,-0.14399123
-0.25,0.63,-0.13929415
-0.24,0.63,-0.13450945
-0.23,0.63,-0.12963859
-0.22,0.63,-0.12468321
-0.21,0.63,-0.11964517
-0.2,0.63,-0.11452652
-0.19,0.63,-0.10932948
-0.18,0.63,-0.1040565
-0.17,0.63,-0.098710219
-0.16,0.63,-0.09329345
-0.15,0.63,-0.087809211
-0.14,0.63,-0.082260702
-0.13,0.63,-0.076651299
-0.12,0.63,-0.070984555
-0.11,0.63,-0.065264185
-0.1,0.63,-0.059494064
-0.09,0.63,-0.053678213
-0.08,0.63,-0.047820793
-0.07,0.63,-0.041926088
-0.06,0.63,-0.035998499
-0.05,0.63,-0.03004253
-0.04,0.63,-0.024062772
-0.03,0.63,-0.018063892
-0.02,0.63,-0.012050616
-0.01,0.63,-0.0060277174
0,0.63,0
0.01,0.63,0.0060277174
0.02,0.63,0.012050616
0.03,0.63,0.018063892
0.04,0.63,0.024062772
0.05,0.63,0.03004253
0.06,0.63,0.035998499
0.07,0.63,0.041926088
0.08,0.63,0.047820793
0.09,0.63,0.053678213
0.1,0.63,0.059494064
0.11,0.63,0.065264185
0.12,0.63,0.070984555
0.13,0.63,0.076651299
0.14,0.63,0.082260702
0.15,0.63,0.087809211
0.16,0.63,0.09329345
0.17,0.63,0.098710219
0.18,0.63,0.1040565
0.19,0.63,0.10932948
0.2,0.63,0.11452652
0.21,0.63,0.11964517
0.22,0.63,0.12468321
0.23,0.63,0.12963859
0.24,0.63,0.13450945
0.25,0.63,0.13929415
0.26,0.63,0.14399123
0.27,0.63,0.14859942
0.28,0.63,0.15311763
0.29,0.63,0.15754498
0.3,0.63,0.16188073
0.31,0.63,0.16612435
0.32,0.63,0.17027544
0.33,0.63,0.1743338
0.34,0.63,0.17829936
0.35,0.63,0.18217219
0.36,0.63,0.18595254
0.37,0.63,0.18964074
0.38,0.63,0.1932373
0.39,0.63,0.19674281
0.4,0.63,0.20015798
0.41,0.63,0.20348365
0.42,0.63,0.20672072
0.43,0.63,0.2098702
0.44,0.63,0.21293319
0.45,0.63,0.21591084
0.46,0.63,0.21880439
0.47,0.63,0.22161514
0.48,0.63,0.22434444
0.49,0.63,0.22699368
0.5,0.63,0.22956432
0.51,0.63,0.23205783
0.52,0.63,0.23447573
0.53,0.63,0.23681956
0.54,0.63,0.23909087
0.55,0.63,0.24129126
0.56,0.63,0.24342231
0.57,0.63,0.24548563
0.58,0.63,0.24748281
0.59,0.63,0.24941547
0.6,0.63,0.25128522
0.61,0.63,0.25309365
0.62,0.63,0.25484234
0.63,0.63,0.2565329
0.64,0.63,0.25816687
0.65,0.63,0.25974581
0.66,0.63,0.26127126
0.67,0.63,0.26274473
0.68,0.63,0.2641677
0.69,0.63,0.26554167
0.7,0.63,0.26686805
0.71,0.63,0.26814829
0.72,0.63,0.26938378
0.73,0.63,0.27057588
0.74,0.63,0.27172594
0.75,0.63,0.27283527
0.76,0.63,0.27390515
0.77,0.63,0.27493684
0.78,0.63,0.27593158
0.79,0.63,0.27689054
0.8,0.63,0.27781492
0.81,0.63,0.27870583
0.82,0.63,0.2795644
0.83,0.63,0.2803917
0.84,0.63,0.28118878
0.85,0.63,0.28195667
0.86,0.63,0.28269635
0.87,0.63,0.28340881
0.88,0.63,0.28409496
0.89,0.63,0.28475573
0.9,0.63,0.285392
0.91,0.63,0.28600462
0.92,0.63,0.28659443
0.93,0.63,0.28716223
0.94,0.63,0.28770879
0.95,0.63,0.28823488
0.96,0.63,0.28874123
0.97,0.63,0.28922855
0.98,0.63,0.28969752
0.99,0.63,0.2901488
1,0.63,0.29058303
-1,0.64,-0.2767823
-0.99,0.64,-0.27636869
-0.98,0.64,-0.27593884
-0.97,0.64,-0.27549215
-0.96,0.64,-0.27502798
-0.95,0.64,-0.27454568
-0.94,0.64,-0.27404457
-0.93,0.64,-0.27352396
-0.92,0.64,-0.27298313
-0.91,0.64,-0.27242134
-0.9,0.64,-0.27183781
-0.89,0.64,-0.27123176
-0.88,0.64,-0.27060237
-0.87,0.64,-0.2699488
-0.86,0.64,-0.26927019
-0.85,0.64,-0.26856563
-0.84,0.64,-0.26783421
-0.83,0.64,-0.26707498
-0.82,0.64,-0.26628698
-0.81,0.64,-0.26546919
-0.8,0.64,-0.26462059
-0.79,0.64,-0.26374011
-0.78,0.64,-0.26282669
-0.77,0.64,-0.2618792
-0.76,0.64,-0.26089651
-0.75,0.64,-0.25987744
-0.74,0.64,-0.25882079
-0.73,0.64,-0.25772536
-0.72,0.64,-0.25658987
-0.71,0.64,-0.25541306
-0.7,0.64,-0.25419363
-0.69,0.64,-0.25293023
-0.68,0.64,-0.25162152
-0.67,0.64,-0.25026613
-0.66,0.64,-0.24886264
-0.65,0.64,-0.24740964
-0.64,0.64,-0.24590569
-0.63,0.64,-0.24434932
-0.62,0.64,-0.24273906
-0.61,0.64,-0.24107341
-0.6,0.64,-0.23935087
-0.59,0.64,-0.23756993
-0.58,0.64,-0.23572905
-0.57,0.64,-0.23382672
-0.56,0.64,-0.2318614
-0.55,0.64,-0.22983156
-0.54,0.64,-0.22773567
-0.53,0.64,-0.22557223
-0.52,0.64,-0.22333972
-0.51,0.64,-0.22103665
-0.5,0.64,-0.21866157
-0.49,0.64,-0.21621302
-0.48,0.64,-0.2136896
-0.47,0.64,-0.21108992
-0.46,0.64,-0.20841266
-0.45,0.64,-0.20565654
-0.44,0.64,-0.2028203
-0.43,0.64,-0.19990279
-0.42,0.64,-0.19690288
-0.41,0.64,-0.19381955
-0.4,0.64,-0.19065183
-0.39,0.64,-0.18739885
-0.38,0.64,-0.18405983
-0.37,0.64,-0.18063409
-0.36,0.64,-0.17712105
-0.35,0.64,-0.17352025
-0.34,0.64,-0.16983134
-0.33,0.64,-0.16605412
-0.32,0.64,-0.16218851
-0.31,0.64,-0.15823456
-0.3,0.64,-0.15419249
-0.29,0.64,-0.15006266
-0.28,0.64,-0.14584558
-0.27,0.64,-0.14154195
-0.26,0.64,-0.13715262
-0.25,0.64,-0.13267862
-0.24,0.64,-0.12812116
-0.23,0.64,-0.12348163
-0.22,0.64,-0.1187616
-0.21,0.64,-0.11396284
-0.2,0.64,-0.10908728
-0.19,0.64,-0.10413707
-0.18,0.64,-0.099114524
-0.17,0.64,-0.094022151
-0.16,0.64,-0.088862642
-0.15,0.64,-0.083638867
-0.14,0.64,-0.078353874
-0.13,0.64,-0.07301088
-0.12,0.64,-0.067613268
-0.11,0.64,-0.062164577
-0.1,0.64,-0.056668498
-0.09,0.64,-0.051128861
-0.08,0.64,-0.045549628
-0.07,0.64,-0.039934882
-0.06,0.64,-0.034288814
-0.05,0.64,-0.028615713
-0.04,0.64,-0.022919953
-0.03,0.64,-0.017205979
-0.02,0.64,-0.011478293
-0.01,0.64,-0.0057414416
0,0.64,0
0.01,0.64,0.0057414416
0.02,0.64,0.011478293
0.03,0.64,0.017205979
0.04,0.64,0.022919953
0.05,0.64,0.028615713
0.06,0.64,0.034288814
0.07,0.64,0.039934882
0.08,0.64,0.045549628
0.09,0.64,0.051128861
0.1,0.64,0.056668498
0.11,0.64,0.062164577
0.12,0.64,0.067613268
0.13,0.64,0.07301088
0.14,0.64,0.078353874
0.15,0.64,0.083638867
0.16,0.64,0.088862642
0.17,0.64,0.094022151
0.18,0.64,0.099114524
0.19,0.64,0.10413707
0.2,0.64,0.10908728
0.21,0.64,0.11396284
0.22,0.64,0.1187616
0.23,0.64,0.12348163
0.24,0.64,0.12812116
0.25,0.64,0.13267862
0.26,0.64,0.13715262
0.27,0.64,0.14154195
0.28,0.64,0.14584558
0.29,0.64,0.15006266
0.3,0.64,0.15419249
0.31,0.64,0.15823456
0.32,0.64,0.16218851
0.33,0.64,0.16605412
0.34,0.64,0.16983134
0.35,0.64,0.17352025
0.36,0.64,0.17712105
0.37,0.64,0.18063409
0.38,0.64,0.18405983
0.39,0.64,0.18739885
0.4,0.64,0.19065183
0.41,0.64,0.19381955
0.42,0.64,0.19690288
0.43,0.64,0.19990279
0.44,0.64,0.2028203
0.45,0.64,0.20565654
0.46,0.64,0.20841266
0.47,0.64,0.21108992
0.48,0.64,0.2136896
0.49,0.64,0.21621302
0.5,0.64,0.21866157
0.51,0.64,0.22103665
0.52,0.64,0.22333972
0.53,0.64,0.22557223
0.54,0.64,0.22773567
0.55,0.64,0.22983156
0.56,0.64,0.2318614
0.57,0.64,0.23382672
0.58,0.64,0.23572905
0.59,0.64,0.23756993
0.6,0.64,0.23935087
0.61,0.64,0.24107341
0.62,0.64,0.24273906
0.63,0.64,0.24434932
0.64,0.64,0.24590569
0.65,0.64,0.24740964
0.66,0.64,0.24886264
0.67,0.64,0.25026613
0.68,0.64,0.25162152
0.69,0.64,0.25293023
0.7,0.64,0.25419363
0.71,0.64,0.25541306
0.72,0.64,0.25658987
0.73,0.64,0.25772536
0.74,0.64,0.25882079
0.75,0.64,0.25987744
0.76,0.64,0.26089651
0.77,0.64,0.2618792
0.78,0.64,0.26282669
0.79,0.64,0.26374011
0.8,0.64,0.26462059
0.81,0.64,0.26546919
0.82,0.64,0.26628698
0.83,0.64,0.26707498
0.84,0.64,0.26783421
0.85,0.64,0.26856563
0.86,0.64,0.26927019
0.87,0.64,0.2699488
0.88,0.64,0.27060237
0.89,0.64,0.27123176
0.9,0.64,0.27183781
0.91,0.64,0.27242134
0.92,0.64,0.27298313
0.93,0.64,0.27352396
0.94,0.64,0.27404457
0.95,0.64,0.27454568
0.96,0.64,0.27502798
0.97,0.64,0.27549215
0.98,0.64,0.27593884
0.99,0.64,0.27636869
1,0.64,0.2767823
-1,0.65,-0.26318411
-0.99,0.65,-0.26279082
-0.98,0.65,-0.26238209
-0.97,0.65,-0.26195734
-0.96,0.65,-0.26151597
-0.95,0.65,-0.26105737
-0.94,0.65,-0.26058088
-0.93,0.65,-0.26008585
-0.92,0.65,-0.25957159
-0.91,0.65,-0.2590374
-0.9,0.65,-0.25848254
-0.89,0.65,-0.25790626
-0.88,0.65,-0.2573078
-0.87,0.65,-0.25668634
-0.86,0.65,-0.25604106
-0.85,0.65,-0.25537112
-0.84,0.65,-0.25467564
-0.83,0.65,-0.25395371
-0.82,0.65,-0.25320442
-0.81,0.65,-0.2524268
-0.8,0.65,-0.25161989
-0.79,0.65,-0.25078268
-0.78,0.65,-0.24991413
-0.77,0.65,-0.24901319
-0.76,0.65,-0.24807878
-0.75,0.65,-0.24710977
-0.74,0.65,-0.24610504
-0.73,0.65,-0.24506342
-0.72,0.65,-0.24398372
-0.71,0.65,-0.24286473
-0.7,0.65,-0.24170521
-0.69,0.65,-0.24050388
-0.68,0.65,-0.23925947
-0.67,0.65,-0.23797066
-0.66,0.65,-0.23663613
-0.65,0.65,-0.23525452
-0.64,0.65,-0.23382445
-0.63,0.65,-0.23234454
-0.62,0.65,-0.23081339
-0.61,0.65,-0.22922958
-0.6,0.65,-0.22759167
-0.59,0.65,-0.22589822
-0.58,0.65,-0.22414779
-0.57,0.65,-0.22233892
-0.56,0.65,-0.22047015
-0.55,0.65,-0.21854004
-0.54,0.65,-0.21654712
-0.53,0.65,-0.21448997
-0.52,0.65,-0.21236714
-0.51,0.65,-0.21017722
-0.5,0.65,-0.20791882
-0.49,0.65,-0.20559057
-0.48,0.65,-0.20319112
-0.47,0.65,-0.20071917
-0.46,0.65,-0.19817344
-0.45,0.65,-0.19555272
-0.44,0.65,-0.19285583
-0.43,0.65,-0.19008165
-0.42,0.65,-0.18722913
-0.41,0.65,-0.18429728
-0.4,0.65,-0.18128519
-0.39,0.65,-0.17819203
-0.38,0.65,-0.17501706
-0.37,0.65,-0.17175962
-0.36,0.65,-0.16841917
-0.35,0.65,-0.16499527
-0.34,0.65,-0.1614876
-0.33,0.65,-0.15789596
-0.32,0.65,-0.15422026
-0.31,0.65,-0.15046057
-0.3,0.65,-0.14661708
-0.29,0.65,-0.14269015
-0.28,0.65,-0.13868025
-0.27,0.65,-0.13458806
-0.26,0.65,-0.13041437
-0.25,0.65,-0.12616018
-0.24,0.65,-0.12182663
-0.23,0.65,-0.11741503
-0.22,0.65,-0.1129269
-0.21,0.65,-0.10836389
-0.2,0.65,-0.10372787
-0.19,0.65,-0.099020862
-0.18,0.65,-0.094245071
-0.17,0.65,-0.089402884
-0.16,0.65,-0.08449686
-0.15,0.65,-0.079529727
-0.14,0.65,-0.074504383
-0.13,0.65,-0.069423888
-0.12,0.65,-0.064291458
-0.11,0.65,-0.059110459
-0.1,0.65,-0.0538844
-0.09,0.65,-0.048616923
-0.08,0.65,-0.043311795
-0.07,0.65,-0.037972899
-0.06,0.65,-0.03260422
-0.05,0.65,-0.027209836
-0.04,0.65,-0.021793906
-0.03,0.65,-0.016360657
-0.02,0.65,-0.01091437
-0.01,0.65,-0.0054593671
0,0.65,0
0.01,0.65,0.0054593671
0.02,0.65,0.01091437
0.03,0.65,0.016360657
0.04,0.65,0.021793906
0.05,0.65,0.027209836
0.06,0.65,0.03260422
0.07,0.65,0.037972899
0.08,0.65,0.043311795
0.09,0.65,0.048616923
0.1,0.65,0.0538844
0.11,0.65,0.059110459
0.12,0.65,0.064291458
0.13,0.65,0.069423888
0.14,0.65,0.074504383
0.15,0.65,0.079529727
0.16,0.65,0.08449686
0.17,0.65,0.089402884
0.18,0.65,0.094245071
0.19,0.65,0.099020862
0.2,0.65,0.10372787
0.21,0.65,0.10836389
0.22,0.65,0.1129269
0.23,0.65,0.11741503
0.24,0.65,0.12182663
0.25,0.65,0.12616018
0.26,0.65,0.13041437
0.27,0.65,0.13458806
0.28,0.65,0.13868025
0.29,0.65,0.14269015
0.3,0.65,0.14661708
0.31,0.65,0.15046057
0.32,0.65,0.15422026
0.33,0.65,0.15789596
0.34,0.65,0.1614876
0.35,0.65,0.16499527
0.36,0.65,0.16841917
0.37,0.65,0.17175962
0.38,0.65,0.17501706
0.39,0.65,0.17819203
0.4,0.65,0.18128519
0.41,0.65,0.18429728
0.42,0.65,0.18722913
0.43,0.65,0.19008165
0.44,0.65,0.19285583
0.45,0.65,0.19555272
0.46,0.65,0.19817344
0.47,0.65,0.20071917
0.48,0.65,0.20319112
0.49,0.65,0.20559057
0.5,0.65,0.20791882
0.51,0.65,0.21017722
0.52,0.65,0.21236714
0.53,0.65,0.21448997
0.54,0.65,0.21654712
0.55,0.65,0.21854004
0.56,0.65,0.22047015
0.57,0.65,0.22233892
0.58,0.65,0.22414779
0.59,0.65,0.22589822
0.6,0.65,0.22759167
0.61,0.65,0.22922958
0.62,0.65,0.23081339
0.63,0.65,0.23234454
0.64,0.65,0.23382445
0.65,0.65,0.23525452
0.66,0.65,0.23663613
0.67,0.65,0.23797066
0.68,0.65,0.23925947
0.69,0.65,0.24050388
0.7,0.65,0.24170521
0.71,0.65,0.24286473
0.72,0.65,0.24398372
0.73,0.65,0.24506342
0.74,0.65,0.24610504
0.75,0.65,0.24710977
0.76,0.65,0.24807878
0.77,0.65,0.24901319
0.78,0.65,0.24991413
0.79,0.65,0.25078268
0.8,0.65,0.25161989
0.81,0.65,0.2524268
0.82,0.65,0.25320442
0.83,0.65,0.25395371
0.84,0.65,0.25467564
0.85,0.65,0.25537112
0.86,0.65,0.25604106
0.87,0.65,0.25668634
0.88,0.65,0.2573078
0.89,0.65,0.25790626
0.9,0.65,0.25848254
0.91,0.65,0.2590374
0.92,0.65,0.25957159
0.93,0.65,0.26008585
0.94,0.65,0.26058088
0.95,0.65,0.26105737
0.96,0.65,0.26151597
0.97,0.65,0.26195734
0.98,0.65,0.26238209
0.99,0.65,0.26279082
1,0.65,0.26318411
-1,0.66,-0.24980188
-0.99,0.66,-0.24942858
-0.98,0.66,-0.24904064
-0.97,0.66,-0.24863749
-0.96,0.66,-0.24821856
-0.95,0.66,-0.24778327
-0.94,0.66,-0.24733102
-0.93,0.66,-0.24686116
-0.92,0.66,-0.24637304
-0.91,0.66,-0.24586601
-0.9,0.66,-0.24533937
-0.89,0.66,-0.2447924
-0.88,0.66,-0.24422436
-0.87,0.66,-0.2436345
-0.86,0.66,-0.24302204
-0.85,0.66,-0.24238616
-0.84,0.66,-0.24172604
-0.83,0.66,-0.24104082
-0.82,0.66,-0.24032963
-0.81,0.66,-0.23959155
-0.8,0.66,-0.23882567
-0.79,0.66,-0.23803103
-0.78,0.66,-0.23720664
-0.77,0.66,-0.23635152
-0.76,0.66,-0.23546461
-0.75,0.66,-0.23454488
-0.74,0.66,-0.23359124
-0.73,0.66,-0.23260258
-0.72,0.66,-0.23157778
-0.71,0.66,-0.23051569
-0.7,0.66,-0.22941512
-0.69,0.66,-0.22827488
-0.68,0.66,-0.22709374
-0.67,0.66,-0.22587047
-0.66,0.66,-0.22460379
-0.65,0.66,-0.22329243
-0.64,0.66,-0.22193508
-0.63,0.66,-0.22053042
-0.62,0.66,-0.21907713
-0.61,0.66,-0.21757385
-0.6,0.66,-0.21601922
-0.59,0.66,-0.21441188
-0.58,0.66,-0.21275045
-0.57,0.66,-0.21103356
-0.56,0.66,-0.20925981
-0.55,0.66,-0.20742784
-0.54,0.66,-0.20553626
-0.53,0.66,-0.2035837
-0.52,0.66,-0.20156882
-0.51,0.66,-0.19949025
-0.5,0.66,-0.19734669
-0.49,0.66,-0.19513682
-0.48,0.66,-0.19285938
-0.47,0.66,-0.19051312
-0.46,0.66,-0.18809683
-0.45,0.66,-0.18560937
-0.44,0.66,-0.18304961
-0.43,0.66,-0.18041649
-0.42,0.66,-0.17770901
-0.41,0.66,-0.17492624
-0.4,0.66,-0.17206731
-0.39,0.66,-0.16913143
-0.38,0.66,-0.16611789
-0.37,0.66,-0.16302608
-0.36,0.66,-0.15985549
-0.35,0.66,-0.15660569
-0.34,0.66,-0.15327638
-0.33,0.66,-0.14986736
-0.32,0.66,-0.14637856
-0.31,0.66,-0.14281004
-0.3,0.66,-0.13916198
-0.29,0.66,-0.13543472
-0.28,0.66,-0.13162872
-0.27,0.66,-0.1277446
-0.26,0.66,-0.12378314
-0.25,0.66,-0.11974526
-0.24,0.66,-0.11563206
-0.23,0.66,-0.11144478
-0.22,0.66,-0.10718486
-0.21,0.66,-0.10285387
-0.2,0.66,-0.098453577
-0.19,0.66,-0.093985906
-0.18,0.66,-0.089452952
-0.17,0.66,-0.084856978
-0.16,0.66,-0.080200412
-0.15,0.66,-0.075485846
-0.14,0.66,-0.070716028
-0.13,0.66,-0.065893863
-0.12,0.66,-0.061022403
-0.11,0.66,-0.056104845
-0.1,0.66,-0.051144517
-0.09,0.66,-0.046144878
-0.08,0.66,-0.041109502
-0.07,0.66,-0.036042075
-0.06,0.66,-0.030946379
-0.05,0.66,-0.025826286
-0.04,0.66,-0.020685742
-0.03,0.66,-0.01552876
-0.02,0.66,-0.010359402
-0.01,0.66,-0.0051817724
0,0.66,0
0.01,0.66,0.0051817724
0.02,0.66,0.010359402
0.03,0.66,0.01552876
0.04,0.66,0.020685742
0.05,0.66,0.025826286
0.06,0.66,0.030946379
0.07,0.66,0.036042075
0.08,0.66,0.041109502
0.09,0.66,0.046144878
0.1,0.66,0.051144517
0.11,0.66,0.056104845
0.12,0.66,0.061022403
0.13,0.66,0.065893863
0.14,0.66,0.070716028
0.15,0.66,0.075485846
0.16,0.66,0.080200412
0.17,0.66,0.084856978
0.18,0.66,0.089452952
0.19,0.66,0.093985906
0.2,0.66,0.098453577
0.21,0.66,0.10285387
0.22,0.66,0.10718486
0.23,0.66,0.11144478
0.24,0.66,0.11563206
0.25,0.66,0.11974526
0.26,0.66,0.12378314
0.27,0.66,0.1277446
0.28,0.66,0.13162872
0.29,0.66,0.13543472
0.3,0.66,0.13916198
0.31,0.66,0.14281004
0.32,0.66,0.14637856
0.33,0.66,0.14986736
0.34,0.66,0.15327638
0.35,0.66,0.15660569
0.36,0.66,0.15985549
0.37,0.66,0.16302608
0.38,0.66,0.16611789
0.39,0.66,0.16913143
0.4,0.66,0.17206731
0.41,0.66,0.17492624
0.42,0.66,0.17770901
0.43,0.66,0.18041649
0.44,0.66,0.18304961
0.45,0.66,0.18560937
0.46,0.66,0.18809683
0.47,0.66,0.19051312
0.48,0.66,0.19285938
0.49,0.66,0.19513682
0.5,0.66,0.19734669
0.51,0.66,0.19949025
0.52,0.66,0.20156882
0.53,0.66,0.2035837
0.54,0.66,0.20553626
0.55,0.66,0.20742784
0.56,0.66,0.20925981
0.57,0.66,0.21103356
0.58,0.66,0.21275045
0.59,0.66,0.21441188
0.6,0.66,0.21601922
0.61,0.66,0.21757385
0.62,0.66,0.21907713
0.63,0.66,0.22053042
0.64,0.66,0.22193508
0.65,0.66,0.22329243
0.66,0.66,0.22460379
0.67,0.66,0.22587047
0.68,0.66,0.22709374
0.69,0.66,0.22827488
0.7,0.66,0.22941512
0.71,0.66,0.23051569
0.72,0.66,0.23157778
0.73,0.66,0.23260258
0.74,0.66,0.23359124
0.75,0.66,0.23454488
0.76,0.66,0.23546461
0.77,0.66,0.23635152
0.78,0.66,0.23720664
0.79,0.66,0.23803103
0.8,0.66,0.23882567
0.81,0.66,0.23959155
0.82,0.66,0.24032963
0.83,0.66,0.24104082
0.84,0.66,0.24172604
0.85,0.66,0.24238616
0.86,0.66,0.24302204
0.87,0.66,0.2436345
0.88,0.66,0.24422436
0.89,0.66,0.2447924
0.9,0.66,0.24533937
0.91,0.66,0.24586601
0.92,0.66,0.24637304
0.93,0.66,0.24686116
0.94,0.66,0.24733102
0.95,0.66,0.24778327
0.96,0.66,0.24821856
0.97,0.66,0.24863749
0.98,0.66,0.24904064
0.99,0.66,0.24942858
1,0.66,0.24980188
-1,0.67,-0.23664881
-0.99,0.67,-0.23629517
-0.98,0.67,-0.23592765
-0.97,0.67,-0.23554573
-0.96,0.67,-0.23514886
-0.95,0.67,-0.23473649
-0.94,0.67,-0.23430805
-0.93,0.67,-0.23386293
-0.92,0.67,-0.23340052
-0.91,0.67,-0.23292018
-0.9,0.67,-0.23242127
-0.89,0.67,-0.2319031
-0.88,0.67,-0.23136497
-0.87,0.67,-0.23080617
-0.86,0.67,-0.23022595
-0.85,0.67,-0.22962356
-0.84,0.67,-0.22899819
-0.83,0.67,-0.22834906
-0.82,0.67,-0.22767531
-0.81,0.67,-0.2269761
-0.8,0.67,-0.22625054
-0.79,0.67,-0.22549774
-0.78,0.67,-0.22471677
-0.77,0.67,-0.22390666
-0.76,0.67,-0.22306646
-0.75,0.67,-0.22219515
-0.74,0.67,-0.22129172
-0.73,0.67,-0.22035512
-0.72,0.67,-0.21938429
-0.71,0.67,-0.21837811
-0.7,0.67,-0.2173355
-0.69,0.67,-0.21625529
-0.68,0.67,-0.21513635
-0.67,0.67,-0.21397749
-0.66,0.67,-0.21277751
-0.65,0.67,-0.21153519
-0.64,0.67,-0.21024931
-0.63,0.67,-0.20891862
-0.62,0.67,-0.20754184
-0.61,0.67,-0.20611771
-0.6,0.67,-0.20464494
-0.59,0.67,-0.20312224
-0.58,0.67,-0.20154829
-0.57,0.67,-0.1999218
-0.56,0.67,-0.19824145
-0.55,0.67,-0.19650593
-0.54,0.67,-0.19471395
-0.53,0.67,-0.19286421
-0.52,0.67,-0.19095541
-0.51,0.67,-0.18898629
-0.5,0.67,-0.18695559
-0.49,0.67,-0.18486209
-0.48,0.67,-0.18270456
-0.47,0.67,-0.18048184
-0.46,0.67,-0.17819278
-0.45,0.67,-0.17583629
-0.44,0.67,-0.17341131
-0.43,0.67,-0.17091684
-0.42,0.67,-0.16835192
-0.41,0.67,-0.16571568
-0.4,0.67,-0.16300728
-0.39,0.67,-0.16022598
-0.38,0.67,-0.15737112
-0.37,0.67,-0.15444211
-0.36,0.67,-0.15143846
-0.35,0.67,-0.14835977
-0.34,0.67,-0.14520576
-0.33,0.67,-0.14197624
-0.32,0.67,-0.13867114
-0.31,0.67,-0.13529052
-0.3,0.67,-0.13183455
-0.29,0.67,-0.12830354
-0.28,0.67,-0.12469794
-0.27,0.67,-0.12101834
-0.26,0.67,-0.11726546
-0.25,0.67,-0.11344019
-0.24,0.67,-0.10954357
-0.23,0.67,-0.10557677
-0.22,0.67,-0.10154114
-0.21,0.67,-0.097438201
-0.2,0.67,-0.093269602
-0.19,0.67,-0.089037172
-0.18,0.67,-0.084742897
-0.17,0.67,-0.080388919
-0.16,0.67,-0.07597754
-0.15,0.67,-0.071511214
-0.14,0.67,-0.066992546
-0.13,0.67,-0.062424287
-0.12,0.67,-0.05780933
-0.11,0.67,-0.0531507
-0.1,0.67,-0.048451554
-0.09,0.67,-0.043715165
-0.08,0.67,-0.038944923
-0.07,0.67,-0.034144316
-0.06,0.67,-0.029316929
-0.05,0.67,-0.024466429
-0.04,0.67,-0.019596555
-0.03,0.67,-0.014711108
-0.02,0.67,-0.0098139381
-0.01,0.67,-0.0049089313
0,0.67,0
0.01,0.67,0.0049089313
0.02,0.67,0.0098139381
0.03,0.67,0.014711108
0.04,0.67,0.019596555
0.05,0.67,0.024466429
0.06,0.67,0.029316929
0.07,0.67,0.034144316
0.08,0.67,0.038944923
0.09,0.67,0.043715165
0.1,0.67,0.048451554
0.11,0.67,0.0531507
0.12,0.67,0.05780933
0.13,0.67,0.062424287
0.14,0.67,0.066992546
0.15,0.67,0.071511214
0.16,0.67,0.07597754
0.17,0.67,0.080388919
0.18,0.67,0.084742897
0.19,0.67,0.089037172
0.2,0.67,0.093269602
0.21,0.67,0.097438201
0.22,0.67,0.10154114
0.23,0.67,0.10557677
0.24,0.67,0.10954357
0.25,0.67,0.11344019
0.26,0.67,0.11726546
0.27,0.67,0.12101834
0.28,0.67,0.12469794
0.29,0.67,0.12830354
0.3,0.67,0.13183455
0.31,0.67,0.13529052
0.32,0.67,0.13867114
0.33,0.67,0.14197624
0.34,0.67,0.14520576
0.35,0.67,0.14835977
0.36,0.67,0.15143846
0.37,0.67,0.15444211
0.38,0.67,0.15737112
0.39,0.67,0.16022598
0.4,0.67,0.16300728
0.41,0.67,0.16571568
0.42,0.67,0.16835192
0.43,0.67,0.17091684
0.44,0.67,0.17341131
0.45,0.67,0.17583629
0.46,0.67,0.17819278
0.47,0.67,0.18048184
0.48,0.67,0.18270456
0.49,0.67,0.18486209
0.5,0.67,0.18695559
0.51,0.67,0.18898629
0.52,0.67,0.19095541
0.53,0.67,0.19286421
0.54,0.67,0.19471395
0.55,0.67,0.19650593
0.56,0.67,0.19824145
0.57,0.67,0.1999218
0.58,0.67,0.20154829
0.59,0.67,0.20312224
0.6,0.67,0.20464494
0.61,0.67,0.20611771
0.62,0.67,0.20754184
0.63,0.67,0.20891862
0.64,0.67,0.21024931
0.65,0.67,0.21153519
0.66,0.67,0.21277751
0.67,0.67,0.21397749
0.68,0.67,0.21513635
0.69,0.67,0.21625529
0.7,0.67,0.2173355
0.71,0.67,0.21837811
0.72,0.67,0.21938429
0.73,0.67,0.22035512
0.74,0.67,0.22129172
0.75,0.67,0.22219515
0.76,0.67,0.22306646
0.77,0.67,0.22390666
0.78,0.67,0.22471677
0.79,0.67,0.22549774
0.8,0.67,0.22625054
0.81,0.67,0.2269761
0.82,0.67,0.22767531
0.83,0.67,0.22834906
0.84,0.67,0.22899819
0.85,0.67,0.22962356
0.86,0.67,0.23022595
0.87,0.67,0.23080617
0.88,0.67,0.23136497
0.89,0.67,0.2319031
0.9,0.67,0.23242127
0.91,0.67,0.23292018
0.92,0.67,0.23340052
0.93,0.67,0.23386293
0.94,0.67,0.23430805
0.95,0.67,0.23473649
0.96,0.67,0.23514886
0.97,0.67,0.23554573
0.98,0.67,0.23592765
0.99,0.67,0.23629517
1,0.67,0.23664881
-1,0.68,-0.22373789
-0.99,0.68,-0.22340354
-0.98,0.68,-0.22305607
-0.97,0.68,-0.22269499
-0.96,0.68,-0.22231977
-0.95,0.68,-0.2219299
-0.94,0.68,-0.22152483
-0.93,0.68,-0.221104
-0.92,0.68,-0.22066681
-0.91,0.68,-0.22021269
-0.9,0.68,-0.21974099
-0.89,0.68,-0.21925109
-0.88,0.68,-0.21874232
-0.87,0.68,-0.21821401
-0.86,0.68,-0.21766544
-0.85,0.68,-0.21709591
-0.84,0.68,-0.21650467
-0.83,0.68,-0.21589095
-0.82,0.68,-0.21525396
-0.81,0.68,-0.21459289
-0.8,0.68,-0.21390692
-0.79,0.68,-0.21319519
-0.78,0.68,-0.21245682
-0.77,0.68,-0.21169092
-0.76,0.68,-0.21089655
-0.75,0.68,-0.21007278
-0.74,0.68,-0.20921864
-0.73,0.68,-0.20833314
-0.72,0.68,-0.20741527
-0.71,0.68,-0.20646399
-0.7,0.68,-0.20547826
-0.69,0.68,-0.20445699
-0.68,0.68,-0.20339909
-0.67,0.68,-0.20230345
-0.66,0.68,-0.20116894
-0.65,0.68,-0.1999944
-0.64,0.68,-0.19877867
-0.63,0.68,-0.19752058
-0.62,0.68,-0.19621892
-0.61,0.68,-0.19487248
-0.6,0.68,-0.19348007
-0.59,0.68,-0.19204043
-0.58,0.68,-0.19055236
-0.57,0.68,-0.1890146
-0.56,0.68,-0.18742593
-0.55,0.68,-0.1857851
-0.54,0.68,-0.18409088
-0.53,0.68,-0.18234206
-0.52,0.68,-0.1805374
-0.51,0.68,-0.17867571
-0.5,0.68,-0.1767558
-0.49,0.68,-0.17477651
-0.48,0.68,-0.17273669
-0.47,0.68,-0.17063523
-0.46,0.68,-0.16847106
-0.45,0.68,-0.16624314
-0.44,0.68,-0.16395046
-0.43,0.68,-0.16159208
-0.42,0.68,-0.1591671
-0.41,0.68,-0.15667467
-0.4,0.68,-0.15411404
-0.39,0.68,-0.15148448
-0.38,0.68,-0.14878537
-0.37,0.68,-0.14601616
-0.36,0.68,-0.14317638
-0.35,0.68,-0.14026566
-0.34,0.68,-0.13728373
-0.33,0.68,-0.1342304
-0.32,0.68,-0.13110562
-0.31,0.68,-0.12790943
-0.3,0.68,-0.12464201
-0.29,0.68,-0.12130364
-0.28,0.68,-0.11789476
-0.27,0.68,-0.1144159
-0.26,0.68,-0.11086777
-0.25,0.68,-0.1072512
-0.24,0.68,-0.10356716
-0.23,0.68,-0.099816783
-0.22,0.68,-0.096001333
-0.21,0.68,-0.092122235
-0.2,0.68,-0.088181064
-0.19,0.68,-0.084179544
-0.18,0.68,-0.080119552
-0.17,0.68,-0.076003116
-0.16,0.68,-0.07183241
-0.15,0.68,-0.067609754
-0.14,0.68,-0.063337613
-0.13,0.68,-0.059018586
-0.12,0.68,-0.054655408
-0.11,0.68,-0.050250941
-0.1,0.68,-0.045808167
-0.09,0.68,-0.041330184
-0.08,0.68,-0.036820192
-0.07,0.68,-0.032281494
-0.06,0.68,-0.027717476
-0.05,0.68,-0.023131606
-0.04,0.68,-0.01852742
-0.03,0.68,-0.01390851
-0.02,0.68,-0.0092785161
-0.01,0.68,-0.0046411133
0,0.68,0
0.01,0.68,0.0046411133
0.02,0.68,0.0092785161
0.03,0.68,0.01390851
0.04,0.68,0.01852742
0.05,0.68,0.023131606
0.06,0.68,0.027717476
0.07,0.68,0.032281494
0.08,0.68,0.036820192
0.09,0.68,0.041330184
0.1,0.68,0.045808167
0.11,0.68,0.050250941
0.12,0.68,0.054655408
0.13,0.68,0.059018586
0.14,0.68,0.063337613
0.15,0.68,0.067609754
0.16,0.68,0.07183241
0.17,0.68,0.076003116
0.18,0.68,0.080119552
0.19,0.68,0.084179544
0.2,0.68,0.088181064
0.21,0.68,0.092122235
0.22,0.68,0.096001333
0.23,0.68,0.099816783
0.24,0.68,0.10356716
0.25,0.68,0.1072512
0.26,0.68,0.11086777
0.27,0.68,0.1144159
0.28,0.68,0.11789476
0.29,0.68,0.12130364
0.3,0.68,0.12464201
0.31,0.68,0.12790943
0.32,0.68,0.13110562
0.33,0.68,0.1342304
0.34,0.68,0.13728373
0.35,0.68,0.14026566
0.36,0.68,0.14317638
0.37,0.68,0.14601616
0.38,0.68,0.14878537
0.39,0.68,0.15148448
0.4,0.68,0.15411404
0.41,0.68,0.15667467
0.42,0.68,0.1591671
0.43,0.68,0.16159208
0.44,0.68,0.16395046
0.45,0.68,0.16624314
0.46,0.68,0.16847106
0.47,0.68,0.17063523
0.48,0.68,0.17273669
0.49,0.68,0.17477651
0.5,0.68,0.1767558
0.51,0.68,0.17867571
0.52,0.68,0.1805374
0.53,0.68,0.18234206
0.54,0.68,0.18409088
0.55,0.68,0.1857851
0.56,0.68,0.18742593
0.57,0.68,0.1890146
0.58,0.68,0.19055236
0.59,0.68,0.19204043
0.6,0.68,0.19348007
0.61,0.68,0.19487248
0.62,0.68,0.19621892
0.63,0.68,0.19752058
0.64,0.68,0.19877867
0.65,0.68,0.1999944
0.66,0.68,0.20116894
0.67,0.68,0.20230345
0.68,0.68,0.20339909
0.69,0.68,0.20445699
0.7,0.68,0.20547826
0.71,0.68,0.20646399
0.72,0.68,0.20741527
0.73,0.68,0.20833314
0.74,0.68,0.20921864
0.75,0.68,0.21007278
0.76,0.68,0.21089655
0.77,0.68,0.21169092
0.78,0.68,0.21245682
0.79,0.68,0.21319519
0.8,0.68,0.21390692
0.81,0.68,0.21459289
0.82,0.68,0.21525396
0.83,0.68,0.21589095
0.84,0.68,0.21650467
0.85,0.68,0.21709591
0.86,0.68,0.21766544
0.87,0.68,0.21821401
0.88,0.68,0.21874232
0.89,0.68,0.21925109
0.9,0.68,0.21974099
0.91,0.68,0.22021269
0.92,0.68,0.22066681
0.93,0.68,0.221104
0.94,0.68,0.22152483
0.95,0.68,0.2219299
0.96,0.68,0.22231977
0.97,0.68,0.22269499
0.98,0.68,0.22305607
0.99,0.68,0.22340354
1,0.68,0.22373789
-1,0.69,-0.21108185
-0.99,0.69,-0.21076642
-0.98,0.69,-0.21043861
-0.97,0.69,-0.21009795
-0.96,0.69,-0.20974396
-0.95,0.69,-0.20937614
-0.94,0.69,-0.20899398
-0.93,0.69,-0.20859695
-0.92,0.69,-0.2081845
-0.91,0.69,-0.20775606
-0.9,0.69,-0.20731105
-0.89,0.69,-0.20684886
-0.88,0.69,-0.20636887
-0.87,0.69,-0.20587044
-0.86,0.69,-0.20535291
-0.85,0.69,-0.20481559
-0.84,0.69,-0.20425779
-0.83,0.69,-0.20367878
-0.82,0.69,-0.20307783
-0.81,0.69,-0.20245416
-0.8,0.69,-0.20180699
-0.79,0.69,-0.20113552
-0.78,0.69,-0.20043892
-0.77,0.69,-0.19971634
-0.76,0.69,-0.1989669
-0.75,0.69,-0.19818973
-0.74,0.69,-0.19738391
-0.73,0.69,-0.1965485
-0.72,0.69,-0.19568254
-0.71,0.69,-0.19478508
-0.7,0.69,-0.1938551
-0.69,0.69,-0.1928916
-0.68,0.69,-0.19189355
-0.67,0.69,-0.19085988
-0.66,0.69,-0.18978955
-0.65,0.69,-0.18868145
-0.64,0.69,-0.18753449
-0.63,0.69,-0.18634756
-0.62,0.69,-0.18511953
-0.61,0.69,-0.18384926
-0.6,0.69,-0.1825356
-0.59,0.69,-0.18117741
-0.58,0.69,-0.17977351
-0.57,0.69,-0.17832273
-0.56,0.69,-0.17682393
-0.55,0.69,-0.17527591
-0.54,0.69,-0.17367753
-0.53,0.69,-0.17202763
-0.52,0.69,-0.17032506
-0.51,0.69,-0.16856868
-0.5,0.69,-0.16675737
-0.49,0.69,-0.16489004
-0.48,0.69,-0.16296561
-0.47,0.69,-0.16098302
-0.46,0.69,-0.15894127
-0.45,0.69,-0.15683937
-0.44,0.69,-0.15467638
-0.43,0.69,-0.1524514
-0.42,0.69,-0.15016359
-0.41,0.69,-0.14781216
-0.4,0.69,-0.14539637
-0.39,0.69,-0.14291556
-0.38,0.69,-0.14036913
-0.37,0.69,-0.13775656
-0.36,0.69,-0.13507742
-0.35,0.69,-0.13233135
-0.34,0.69,-0.12951809
-0.33,0.69,-0.12663748
-0.32,0.69,-0.12368945
-0.31,0.69,-0.12067406
-0.3,0.69,-0.11759147
-0.29,0.69,-0.11444194
-0.28,0.69,-0.11122588
-0.27,0.69,-0.10794381
-0.26,0.69,-0.10459639
-0.25,0.69,-0.10118439
-0.24,0.69,-0.097708747
-0.23,0.69,-0.094170513
-0.22,0.69,-0.090570888
-0.21,0.69,-0.086911217
-0.2,0.69,-0.083192983
-0.19,0.69,-0.079417815
-0.18,0.69,-0.075587482
-0.17,0.69,-0.071703897
-0.16,0.69,-0.067769113
-0.15,0.69,-0.063785318
-0.14,0.69,-0.059754836
-0.13,0.69,-0.05568012
-0.12,0.69,-0.051563752
-0.11,0.69,-0.047408429
-0.1,0.69,-0.043216967
-0.09,0.69,-0.038992286
-0.08,0.69,-0.034737409
-0.07,0.69,-0.030455447
-0.06,0.69,-0.0261496
-0.05,0.69,-0.021823136
-0.04,0.69,-0.017479391
-0.03,0.69,-0.013121756
-0.02,0.69,-0.0087536643
-0.01,0.69,-0.0043785824
0,0.69,0
0.01,0.69,0.0043785824
0.02,0.69,0.0087536643
0.03,0.69,0.013121756
0.04,0.69,0.017479391
0.05,0.69,0.021823136
0.06,0.69,0.0261496
0.07,0.69,0.030455447
0.08,0.69,0.034737409
0.09,0.69,0.038992286
0.1,0.69,0.043216967
0.11,0.69,0.047408429
0.12,0.69,0.051563752
0.13,0.69,0.05568012
0.14,0.69,0.059754836
0.15,0.69,0.063785318
0.16,0.69,0.067769113
0.17,0.69,0.071703897
0.18,0.69,0.075587482
0.19,0.69,0.079417815
0.2,0.69,0.083192983
0.21,0.69,0.086911217
0.22,0.69,0.090570888
0.23,0.69,0.094170513
0.24,0.69,0.097708747
0.25,0.69,0.10118439
0.26,0.69,0.10459639
0.27,0.69,0.10794381
0.28,0.69,0.11122588
0.29,0.69,0.11444194
0.3,0.69,0.11759147
0.31,0.69,0.12067406
0.32,0.69,0.12368945
0.33,0.69,0.12663748
0.34,0.69,0.12951809
0.35,0.69,0.13233135
0.36,0.69,0.13507742
0.37,0.69,0.13775656
0.38,0.69,0.14036913
0.39,0.69,0.14291556
0.4,0.69,0.14539637
0.41,0.69,0.14781216
0.42,0.69,0.15016359
0.43,0.69,0.1524514
0.44,0.69,0.15467638
0.45,0.69,0.15683937
0.46,0.69,0.15894127
0.47,0.69,0.16098302
0.48,0.69,0.16296561
0.49,0.69,0.16489004
0.5,0.69,0.16675737
0.51,0.69,0.16856868
0.52,0.69,0.17032506
0.53,0.69,0.17202763
0.54,0.69,0.17367753
0.55,0.69,0.17527591
0.56,0.69,0.17682393
0.57,0.69,0.17832273
0.58,0.69,0.17977351
0.59,0.69,0.18117741
0.6,0.69,0.1825356
0.61,0.69,0.18384926
0.62,0.69,0.18511953
0.63,0.69,0.18634756
0.64,0.69,0.18753449
0.65,0.69,0.18868145
0.66,0.69,0.18978955
0.67,0.69,0.19085988
0.68,0.69,0.19189355
0.69,0.69,0.1928916
0.7,0.69,0.1938551
0.71,0.69,0.19478508
0.72,0.69,0.19568254
0.73,0.69,0.1965485
0.74,0.69,0.19738391
0.75,0.69,0.19818973
0.76,0.69,0.1989669
0.77,0.69,0.19971634
0.78,0.69,0.20043892
0.79,0.69,0.20113552
0.8,0.69,0.20180699
0.81,0.69,0.20245416
0.82,0.69,0.20307783
0.83,0.69,0.20367878
0.84,0.69,0.20425779
0.85,0.69,0.20481559
0.86,0.69,0.20535291
0.87,0.69,0.20587044
0.88,0.69,0.20636887
0.89,0.69,0.20684886
0.9,0.69,0.20731105
0.91,0.69,0.20775606
0.92,0.69,0.2081845
0.93,0.69,0.20859695
0.94,0.69,0.20899398
0.95,0.69,0.20937614
0.96,0.69,0.20974396
0.97,0.69,0.21009795
0.98,0.69,0.21043861
0.99,0.69,0.21076642
1,0.69,0.21108185
-1,0.7,-0.19869319
-0.99,0.7,-0.19839627
-0.98,0.7,-0.1980877
-0.97,0.7,-0.19776703
-0.96,0.7,-0.19743382
-0.95,0.7,-0.19708759
-0.94,0.7,-0.19672786
-0.93,0.7,-0.19635413
-0.92,0.7,-0.19596589
-0.91,0.7,-0.1955626
-0.9,0.7,-0.1951437
-0.89,0.7,-0.19470864
-0.88,0.7,-0.19425682
-0.87,0.7,-0.19378764
-0.86,0.7,-0.19330049
-0.85,0.7,-0.19279471
-0.84,0.7,-0.19226964
-0.83,0.7,-0.19172462
-0.82,0.7,-0.19115894
-0.81,0.7,-0.19057187
-0.8,0.7,-0.18996269
-0.79,0.7,-0.18933062
-0.78,0.7,-0.18867491
-0.77,0.7,-0.18799473
-0.76,0.7,-0.18728929
-0.75,0.7,-0.18655773
-0.74,0.7,-0.1857992
-0.73,0.7,-0.18501282
-0.72,0.7,-0.18419769
-0.71,0.7,-0.1833529
-0.7,0.7,-0.1824775
-0.69,0.7,-0.18157055
-0.68,0.7,-0.18063107
-0.67,0.7,-0.17965808
-0.66,0.7,-0.17865056
-0.65,0.7,-0.1776075
-0.64,0.7,-0.17652786
-0.63,0.7,-0.17541059
-0.62,0.7,-0.17425463
-0.61,0.7,-0.17305892
-0.6,0.7,-0.17182236
-0.59,0.7,-0.17054388
-0.58,0.7,-0.16922237
-0.57,0.7,-0.16785675
-0.56,0.7,-0.16644591
-0.55,0.7,-0.16498875
-0.54,0.7,-0.16348418
-0.53,0.7,-0.16193111
-0.52,0.7,-0.16032847
-0.51,0.7,-0.15867517
-0.5,0.7,-0.15697017
-0.49,0.7,-0.15521244
-0.48,0.7,-0.15340095
-0.47,0.7,-0.15153473
-0.46,0.7,-0.14961281
-0.45,0.7,-0.14763427
-0.44,0.7,-0.14559823
-0.43,0.7,-0.14350384
-0.42,0.7,-0.1413503
-0.41,0.7,-0.13913688
-0.4,0.7,-0.13686287
-0.39,0.7,-0.13452767
-0.38,0.7,-0.13213069
-0.37,0.7,-0.12967146
-0.36,0.7,-0.12714956
-0.35,0.7,-0.12456466
-0.34,0.7,-0.12191651
-0.33,0.7,-0.11920496
-0.32,0.7,-0.11642996
-0.31,0.7,-0.11359155
-0.3,0.7,-0.11068988
-0.29,0.7,-0.1077252
-0.28,0.7,-0.10469789
-0.27,0.7,-0.10160846
-0.26,0.7,-0.098457495
-0.25,0.7,-0.095245754
-0.24,0.7,-0.091974099
-0.23,0.7,-0.088643527
-0.22,0.7,-0.08525517
-0.21,0.7,-0.081810289
-0.2,0.7,-0.078310283
-0.19,0.7,-0.074756684
-0.18,0.7,-0.071151158
-0.17,0.7,-0.067495506
-0.16,0.7,-0.063791659
-0.15,0.7,-0.060041678
-0.14,0.7,-0.056247749
-0.13,0.7,-0.052412184
-0.12,0.7,-0.04853741
-0.11,0.7,-0.044625969
-0.1,0.7,-0.040680509
-0.09,0.7,-0.03670378
-0.08,0.7,-0.032698627
-0.07,0.7,-0.028667979
-0.06,0.7,-0.024614847
-0.05,0.7,-0.020542309
-0.04,0.7,-0.016453504
-0.03,0.7,-0.012351624
-0.02,0.7,-0.0082399008
-0.01,0.7,-0.0041215979
0,0.7,0
0.01,0.7,0.0041215979
0.02,0.7,0.0082399008
0.03,0.7,0.012351624
0.04,0.7,0.016453504
0.05,0.7,0.020542309
0.06,0.7,0.024614847
0.07,0.7,0.028667979
0.08,0.7,0.032698627
0.09,0.7,0.03670378
0.1,0.7,0.040680509
0.11,0.7,0.044625969
0.12,0.7,0.04853741
0.13,0.7,0.052412184
0.14,0.7,0.056247749
0.15,0.7,0.060041678
0.16,0.7,0.063791659
0.17,0.7,0.067495506
0.18,0.7,0.071151158
0.19,0.7,0.074756684
0.2,0.7,0.078310283
0.21,0.7,0.081810289
0.22,0.7,0.08525517
0.23,0.7,0.088643527
0.24,0.7,0.091974099
0.25,0.7,0.095245754
0.26,0.7,0.098457495
0.27,0.7,0.10160846
0.28,0.7,0.10469789
0.29,0.7,0.1077252
0.3,0.7,0.11068988
0.31,0.7,0.11359155
0.32,0.7,0.11642996
0.33,0.7,0.11920496
0.34,0.7,0.12191651
0.35,0.7,0.12456466
0.36,0.7,0.12714956
0.37,0.7,0.12967146
0.38,0.7,0.13213069
0.39,0.7,0.13452767
0.4,0.7,0.13686287
0.41,0.7,0.13913688
0.42,0.7,0.1413503
0.43,0.7,0.14350384
0.44,0.7,0.14559823
0.45,0.7,0.14763427
0.46,0.7,0.14961281
0.47,0.7,0.15153473
0.48,0.7,0.15340095
0.49,0.7,0.15521244
0.5,0.7,0.15697017
0.51,0.7,0.15867517
0.52,0.7,0.16032847
0.53,0.7,0.16193111
0.54,0.7,0.16348418
0.55,0.7,0.16498875
0.56,0.7,0.16644591
0.57,0.7,0.16785675
0.58,0.7,0.16922237
0.59,0.7,0.17054388
0.6,0.7,0.17182236
0.61,0.7,0.17305892
0.62,0.7,0.17425463
0.63,0.7,0.17541059
0.64,0.7,0.17652786
0.65,0.7,0.1776075
0.66,0.7,0.17865056
0.67,0.7,0.17965808
0.68,0.7,0.18063107
0.69,0.7,0.18157055
0.7,0.7,0.1824775
0.71,0.7,0.1833529
0.72,0.7,0.18419769
0.73,0.7,0.18501282
0.74,0.7,0.1857992
0.75,0.7,0.18655773
0.76,0.7,0.18728929
0.77,0.7,0.18799473
0.78,0.7,0.18867491
0.79,0.7,0.18933062
0.8,0.7,0.18996269
0.81,0.7,0.19057187
0.82,0.7,0.19115894
0.83,0.7,0.19172462
0.84,0.7,0.19226964
0.85,0.7,0.19279471
0.86,0.7,0.19330049
0.87,0.7,0.19378764
0.88,0.7,0.19425682
0.89,0.7,0.19470864
0.9,0.7,0.1951437
0.91,0.7,0.1955626
0.92,0.7,0.19596589
0.93,0.7,0.19635413
0.94,0.7,0.19672786
0.95,0.7,0.19708759
0.96,0.7,0.19743382
0.97,0.7,0.19776703
0.98,0.7,0.1980877
0.99,0.7,0.19839627
1,0.7,0.19869319
-1,0.71,-0.18658414
-0.99,0.71,-0.18630532
-0.98,0.71,-0.18601555
-0.97,0.71,-0.18571442
-0.96,0.71,-0.18540152
-0.95,0.71,-0.18507639
-0.94,0.71,-0.18473858
-0.93,0.71,-0.18438763
-0.92,0.71,-0.18402305
-0.91,0.71,-0.18364433
-0.9,0.71,-0.18325096
-0.89,0.71,-0.18284242
-0.88,0.71,-0.18241813
-0.87,0.71,-0.18197755
-0.86,0.71,-0.18152008
-0.85,0.71,-0.18104513
-0.84,0.71,-0.18055206
-0.83,0.71,-0.18004026
-0.82,0.71,-0.17950904
-0.81,0.71,-0.17895776
-0.8,0.71,-0.1783857
-0.79,0.71,-0.17779216
-0.78,0.71,-0.1771764
-0.77,0.71,-0.17653768
-0.76,0.71,-0.17587523
-0.75,0.71,-0.17518825
-0.74,0.71,-0.17447595
-0.73,0.71,-0.17373749
-0.72,0.71,-0.17297204
-0.71,0.71,-0.17217873
-0.7,0.71,-0.17135669
-0.69,0.71,-0.17050501
-0.68,0.71,-0.16962279
-0.67,0.71,-0.16870909
-0.66,0.71,-0.16776297
-0.65,0.71,-0.16678348
-0.64,0.71,-0.16576963
-0.63,0.71,-0.16472046
-0.62,0.71,-0.16363495
-0.61,0.71,-0.1625121
-0.6,0.71,-0.16135091
-0.59,0.71,-0.16015034
-0.58,0.71,-0.15890937
-0.57,0.71,-0.15762698
-0.56,0.71,-0.15630212
-0.55,0.71,-0.15493376
-0.54,0.71,-0.15352089
-0.53,0.71,-0.15206247
-0.52,0.71,-0.15055749
-0.51,0.71,-0.14900495
-0.5,0.71,-0.14740386
-0.49,0.71,-0.14575325
-0.48,0.71,-0.14405216
-0.47,0.71,-0.14229967
-0.46,0.71,-0.14049488
-0.45,0.71,-0.13863693
-0.44,0.71,-0.13672497
-0.43,0.71,-0.13475822
-0.42,0.71,-0.13273593
-0.41,0.71,-0.13065739
-0.4,0.71,-0.12852197
-0.39,0.71,-0.12632908
-0.38,0.71,-0.12407818
-0.37,0.71,-0.12176883
-0.36,0.71,-0.11940062
-0.35,0.71,-0.11697325
-0.34,0.71,-0.11448649
-0.33,0.71,-0.1119402
-0.32,0.71,-0.10933432
-0.31,0.71,-0.10666889
-0.3,0.71,-0.10394405
-0.29,0.71,-0.10116005
-0.28,0.71,-0.098317241
-0.27,0.71,-0.095416082
-0.26,0.71,-0.092457153
-0.25,0.71,-0.089441146
-0.24,0.71,-0.086368877
-0.23,0.71,-0.083241282
-0.22,0.71,-0.080059423
-0.21,0.71,-0.076824485
-0.2,0.71,-0.073537782
-0.19,0.71,-0.070200751
-0.18,0.71,-0.066814959
-0.17,0.71,-0.063382095
-0.16,0.71,-0.059903973
-0.15,0.71,-0.056382529
-0.14,0.71,-0.052819816
-0.13,0.71,-0.049218003
-0.12,0.71,-0.045579372
-0.11,0.71,-0.041906307
-0.1,0.71,-0.038201297
-0.09,0.71,-0.034466924
-0.08,0.71,-0.030705858
-0.07,0.71,-0.026920853
-0.06,0.71,-0.023114732
-0.05,0.71,-0.019290389
-0.04,0.71,-0.01545077
-0.03,0.71,-0.011598873
-0.02,0.71,-0.0077377326
-0.01,0.71,-0.0038704134
0,0.71,0
0.01,0.71,0.0038704134
0.02,0.71,0.0077377326
0.03,0.71,0.011598873
0.04,0.71,0.01545077
0.05,0.71,0.019290389
0.06,0.71,0.023114732
0.07,0.71,0.026920853
0.08,0.71,0.030705858
0.09,0.71,0.034466924
0.1,0.71,0.038201297
0.11,0.71,0.041906307
0.12,0.71,0.045579372
0.13,0.71,0.049218003
0.14,0.71,0.052819816
0.15,0.71,0.056382529
0.16,0.71,0.059903973
0.17,0.71,0.063382095
0.18,0.71,0.066814959
0.19,0.71,0.070200751
0.2,0.71,0.073537782
0.21,0.71,0.076824485
0.22,0.71,0.080059423
0.23,0.71,0.083241282
0.24,0.71,0.086368877
0.25,0.71,0.089441146
0.26,0.71,0.092457153
0.27,0.71,0.095416082
0.28,0.71,0.098317241
0.29,0.71,0.10116005
0.3,0.71,0.10394405
0.31,0.71,0.10666889
0.32,0.71,0.10933432
0.33,0.71,0.1119402
0.34,0.71,0.11448649
0.35,0.71,0.11697325
0.36,0.71,0.11940062
0.37,0.71,0.12176883
0.38,0.71,0.12407818
0.39,0.71,0.12632908
0.4,0.71,0.12852197
0.41,0.71,0.13065739
0.42,0.71,0.13273593
0.43,0.71,0.13475822
0.44,0.71,0.13672497
0.45,0.71,0.13863693
0.46,0.71,0.14049488
0.47,0.71,0.14229967
0.48,0.71,0.14405216
0.49,0.71,0.14575325
0.5,0.71,0.14740386
0.51,0.71,0.14900495
0.52,0.71,0.15055749
0.53,0.71,0.15206247
0.54,0.71,0.15352089
0.55,0.71,0.15493376
0.56,0.71,0.15630212
0.57,0.71,0.15762698
0.58,0.71,0.15890937
0.59,0.71,0.16015034
0.6,0.71,0.16135091
0.61,0.71,0.1625121
0.62,0.71,0.16363495
0.63,0.71,0.16472046
0.64,0.71,0.16576963
0.65,0.71,0.16678348
0.66,0.71,0.16776297
0.67,0.71,0.16870909
0.68,0.71,0.16962279
0.69,0.71,0.17050501
0.7,0.71,0.17135669
0.71,0.71,0.17217873
0.72,0.71,0.17297204
0.73,0.71,0.17373749
0.74,0.71,0.17447595
0.75,0.71,0.17518825
0.76,0.71,0.17587523
0.77,0.71,0.17653768
0.78,0.71,0.1771764
0.79,0.71,0.17779216
0.8,0.71,0.1783857
0.81,0.71,0.17895776
0.82,0.71,0.17950904
0.83,0.71,0.18004026
0.84,0.71,0.18055206
0.85,0.71,0.18104513
0.86,0.71,0.18152008
0.87,0.71,0.18197755
0.88,0.71,0.18241813
0.89,0.71,0.18284242
0.9,0.71,0.18325096
0.91,0.71,0.18364433
0.92,0.71,0.18402305
0.93,0.71,0.18438763
0.94,0.71,0.18473858
0.95,0.71,0.18507639
0.96,0.71,0.18540152
0.97,0.71,0.18571442
0.98,0.71,0.18601555
0.99,0.71,0.18630532
1,0.71,0.18658414
-1,0.72,-0.17476664
-0.99,0.72,-0.17450547
-0.98,0.72,-0.17423406
-0.97,0.72,-0.17395201
-0.96,0.72,-0.17365892
-0.95,0.72,-0.17335438
-0.94,0.72,-0.17303797
-0.93,0.72,-0.17270925
-0.92,0.72,-0.17236775
-0.91,0.72,-0.17201302
-0.9,0.72,-0.17164457
-0.89,0.72,-0.1712619
-0.88,0.72,-0.17086449
-0.87,0.72,-0.17045181
-0.86,0.72,-0.17002332
-0.85,0.72,-0.16957844
-0.84,0.72,-0.16911661
-0.83,0.72,-0.16863722
-0.82,0.72,-0.16813965
-0.81,0.72,-0.16762328
-0.8,0.72,-0.16708745
-0.79,0.72,-0.1665315
-0.78,0.72,-0.16595475
-0.77,0.72,-0.16535648
-0.76,0.72,-0.16473599
-0.75,0.72,-0.16409252
-0.74,0.72,-0.16342533
-0.73,0.72,-0.16273365
-0.72,0.72,-0.16201668
-0.71,0.72,-0.16127361
-0.7,0.72,-0.16050363
-0.69,0.72,-0.1597059
-0.68,0.72,-0.15887955
-0.67,0.72,-0.15802372
-0.66,0.72,-0.15713753
-0.65,0.72,-0.15622007
-0.64,0.72,-0.15527044
-0.63,0.72,-0.15428771
-0.62,0.72,-0.15327096
-0.61,0.72,-0.15221923
-0.6,0.72,-0.15113158
-0.59,0.72,-0.15000705
-0.58,0.72,-0.14884468
-0.57,0.72,-0.14764351
-0.56,0.72,-0.14640256
-0.55,0.72,-0.14512087
-0.54,0.72,-0.14379748
-0.53,0.72,-0.14243143
-0.52,0.72,-0.14102178
-0.51,0.72,-0.13956757
-0.5,0.72,-0.13806789
-0.49,0.72,-0.13652182
-0.48,0.72,-0.13492847
-0.47,0.72,-0.13328698
-0.46,0.72,-0.13159649
-0.45,0.72,-0.12985621
-0.44,0.72,-0.12806535
-0.43,0.72,-0.12622316
-0.42,0.72,-0.12432896
-0.41,0.72,-0.12238207
-0.4,0.72,-0.1203819
-0.39,0.72,-0.1183279
-0.38,0.72,-0.11621956
-0.37,0.72,-0.11405647
-0.36,0.72,-0.11183826
-0.35,0.72,-0.10956463
-0.34,0.72,-0.10723537
-0.33,0.72,-0.10485035
-0.32,0.72,-0.10240951
-0.31,0.72,-0.099912901
-0.3,0.72,-0.097360645
-0.29,0.72,-0.094752973
-0.28,0.72,-0.092090215
-0.27,0.72,-0.089372805
-0.26,0.72,-0.086601282
-0.25,0.72,-0.083776298
-0.24,0.72,-0.080898614
-0.23,0.72,-0.077969109
-0.22,0.72,-0.074988776
-0.21,0.72,-0.071958726
-0.2,0.72,-0.068880189
-0.19,0.72,-0.065754513
-0.18,0.72,-0.062583164
-0.17,0.72,-0.059367724
-0.16,0.72,-0.056109892
-0.15,0.72,-0.052811482
-0.14,0.72,-0.049474418
-0.13,0.72,-0.04610073
-0.12,0.72,-0.042692555
-0.11,0.72,-0.039252127
-0.1,0.72,-0.035781778
-0.09,0.72,-0.032283925
-0.08,0.72,-0.028761071
-0.07,0.72,-0.025215792
-0.06,0.72,-0.021650737
-0.05,0.72,-0.018068612
-0.04,0.72,-0.01447218
-0.03,0.72,-0.010864246
-0.02,0.72,-0.0072476552
-0.01,0.72,-0.0036252767
0,0.72,0
0.01,0.72,0.0036252767
0.02,0.72,0.0072476552
0.03,0.72,0.010864246
0.04,0.72,0.01447218
0.05,0.72,0.018068612
0.06,0.72,0.021650737
0.07,0.72,0.025215792
0.08,0.72,0.028761071
0.09,0.72,0.032283925
0.1,0.72,0.035781778
0.11,0.72,0.039252127
0.12,0.72,0.042692555
0.13,0.72,0.04610073
0.14,0.72,0.049474418
0.15,0.72,0.052811482
0.16,0.72,0.056109892
0.17,0.72,0.059367724
0.18,0.72,0.062583164
0.19,0.72,0.065754513
0.2,0.72,0.068880189
0.21,0.72,0.071958726
0.22,0.72,0.074988776
0.23,0.72,0.077969109
0.24,0.72,0.080898614
0.25,0.72,0.083776298
0.26,0.72,0.086601282
0.27,0.72,0.089372805
0.28,0.72,0.092090215
0.29,0.72,0.094752973
0.3,0.72,0.097360645
0.31,0.72,0.099912901
0.32,0.72,0.10240951
0.33,0.72,0.10485035
0.34,0.72,0.10723537
0.35,0.72,0.10956463
0.36,0.72,0.11183826
0.37,0.72,0.11405647
0.38,0.72,0.11621956
0.39,0.72,0.1183279
0.4,0.72,0.1203819
0.41,0.72,0.12238207
0.42,0.72,0.12432896
0.43,0.72,0.12622316
0.44,0.72,0.12806535
0.45,0.72,0.12985621
0.46,0.72,0.13159649
0.47,0.72,0.13328698
0.48,0.72,0.13492847
0.49,0.72,0.13652182
0.5,0.72,0.13806789
0.51,0.72,0.13956757
0.52,0.72,0.14102178
0.53,0.72,0.14243143
0.54,0.72,0.14379748
0.55,0.72,0.14512087
0.56,0.72,0.14640256
0.57,0.72,0.14764351
0.58,0.72,0.14884468
0.59,0.72,0.15000705
0.6,0.72,0.15113158
0.61,0.72,0.15221923
0.62,0.72,0.15327096
0.63,0.72,0.15428771
0.64,0.72,0.15527044
0.65,0.72,0.15622007
0.66,0.72,0.15713753
0.67,0.72,0.15802372
0.68,0.72,0.15887955
0.69,0.72,0.1597059
0.7,0.72,0.16050363
0.71,0.72,0.16127361
0.72,0.72,0.16201668
0.73,0.72,0.16273365
0.74,0.72,0.16342533
0.75,0.72,0.16409252
0.76,0.72,0.16473599
0.77,0.72,0.16535648
0.78,0.72,0.16595475
0.79,0.72,0.1665315
0.8,0.72,0.16708745
0.81,0.72,0.16762328
0.82,0.72,0.16813965
0.83,0.72,0.16863722
0.84,0.72,0.16911661
0.85,0.72,0.16957844
0.86,0.72,0.17002332
0.87,0.72,0.17045181
0.88,0.72,0.17086449
0.89,0.72,0.1712619
0.9,0.72,0.17164457
0.91,0.72,0.17201302
0.92,0.72,0.17236775
0.93,0.72,0.17270925
0.94,0.72,0.17303797
0.95,0.72,0.17335438
0.96,0.72,0.17365892
0.97,0.72,0.17395201
0.98,0.72,0.17423406
0.99,0.72,0.17450547
1,0.72,0.17476664
-1,0.73,-0.16325235
-0.99,0.73,-0.16300839
-0.98,0.73,-0.16275486
-0.97,0.73,-0.16249139
-0.96,0.73,-0.16221761
-0.95,0.73,-0.16193314
-0.94,0.73,-0.16163758
-0.93,0.73,-0.16133051
-0.92,0.73,-0.16101152
-0.91,0.73,-0.16068016
-0.9,0.73,-0.16033598
-0.89,0.73,-0.15997852
-0.88,0.73,-0.15960729
-0.87,0.73,-0.1592218
-0.86,0.73,-0.15882154
-0.85,0.73,-0.15840598
-0.84,0.73,-0.15797457
-0.83,0.73,-0.15752676
-0.82,0.73,-0.15706198
-0.81,0.73,-0.15657963
-0.8,0.73,-0.1560791
-0.79,0.73,-0.15555978
-0.78,0.73,-0.15502102
-0.77,0.73,-0.15446217
-0.76,0.73,-0.15388256
-0.75,0.73,-0.15328149
-0.74,0.73,-0.15265826
-0.73,0.73,-0.15201214
-0.72,0.73,-0.15134241
-0.71,0.73,-0.1506483
-0.7,0.73,-0.14992905
-0.69,0.73,-0.14918387
-0.68,0.73,-0.14841197
-0.67,0.73,-0.14761252
-0.66,0.73,-0.14678472
-0.65,0.73,-0.1459277
-0.64,0.73,-0.14504064
-0.63,0.73,-0.14412266
-0.62,0.73,-0.14317289
-0.61,0.73,-0.14219045
-0.6,0.73,-0.14117446
-0.59,0.73,-0.14012402
-0.58,0.73,-0.13903823
-0.57,0.73,-0.1379162
-0.56,0.73,-0.136757
-0.55,0.73,-0.13555976
-0.54,0.73,-0.13432356
-0.53,0.73,-0.13304751
-0.52,0.73,-0.13173073
-0.51,0.73,-0.13037233
-0.5,0.73,-0.12897145
-0.49,0.73,-0.12752724
-0.48,0.73,-0.12603887
-0.47,0.73,-0.12450553
-0.46,0.73,-0.12292642
-0.45,0.73,-0.12130079
-0.44,0.73,-0.11962792
-0.43,0.73,-0.11790711
-0.42,0.73,-0.1161377
-0.41,0.73,-0.11431908
-0.4,0.73,-0.11245069
-0.39,0.73,-0.11053201
-0.38,0.73,-0.10856258
-0.37,0.73,-0.106542
-0.36,0.73,-0.10446993
-0.35,0.73,-0.1023461
-0.34,0.73,-0.1001703
-0.33,0.73,-0.097942413
-0.32,0.73,-0.095662388
-0.31,0.73,-0.093330262
-0.3,0.73,-0.090946158
-0.29,0.73,-0.08851029
-0.28,0.73,-0.086022965
-0.27,0.73,-0.083484587
-0.26,0.73,-0.080895663
-0.25,0.73,-0.078256799
-0.24,0.73,-0.075568708
-0.23,0.73,-0.07283221
-0.22,0.73,-0.070048232
-0.21,0.73,-0.067217814
-0.2,0.73,-0.064342103
-0.19,0.73,-0.061422358
-0.18,0.73,-0.058459949
-0.17,0.73,-0.055456354
-0.16,0.73,-0.052413161
-0.15,0.73,-0.049332063
-0.14,0.73,-0.046214856
-0.13,0.73,-0.04306344
-0.12,0.73,-0.039879808
-0.11,0.73,-0.036666049
-0.1,0.73,-0.03342434
-0.09,0.73,-0.030156939
-0.08,0.73,-0.026866183
-0.07,0.73,-0.023554481
-0.06,0.73,-0.020224304
-0.05,0.73,-0.016878184
-0.04,0.73,-0.013518698
-0.03,0.73,-0.010148469
-0.02,0.73,-0.0067701523
-0.01,0.73,-0.0033864298
0,0.73,0
0.01,0.73,0.0033864298
0.02,0.73,0.0067701523
0.03,0.73,0.010148469
0.04,0.73,0.013518698
0.05,0.73,0.016878184
0.06,0.73,0.020224304
0.07,0.73,0.023554481
0.08,0.73,0.026866183
0.09,0.73,0.030156939
0.1,0.73,0.03342434
0.11,0.73,0.036666049
0.12,0.73,0.039879808
0.13,0.73,0.04306344
0.14,0.73,0.046214856
0.15,0.73,0.049332063
0.16,0.73,0.052413161
0.17,0.73,0.055456354
0.18,0.73,0.058459949
0.19,0.73,0.061422358
0.2,0.73,0.064342103
0.21,0.73,0.067217814
0.22,0.73,0.070048232
0.23,0.73,0.07283221
0.24,0.73,0.075568708
0.25,0.73,0.078256799
0.26,0.73,0.080895663
0.27,0.73,0.083484587
0.28,0.73,0.086022965
0.29,0.73,0.08851029
0.3,0.73,0.090946158
0.31,0.73,0.093330262
0.32,0.73,0.095662388
0.33,0.73,0.097942413
0.34,0.73,0.1001703
0.35,0.73,0.1023461
0.36,0.73,0.10446993
0.37,0.73,0.106542
0.38,0.73,0.10856258
0.39,0.73,0.11053201
0.4,0.73,0.11245069
0.41,0.73,0.11431908
0.42,0.73,0.1161377
0.43,0.73,0.11790711
0.44,0.73,0.11962792
0.45,0.73,0.12130079
0.46,0.73,0.12292642
0.47,0.73,0.12450553
0.48,0.73,0.12603887
0.49,0.73,0.12752724
0.5,0.73,0.12897145
0.51,0.73,0.13037233
0.52,0.73,0.13173073
0.53,0.73,0.13304751
0.54,0.73,0.13432356
0.55,0.73,0.13555976
0.56,0.73,0.136757
0.57,0.73,0.1379162
0.58,0.73,0.13903823
0.59,0.73,0.14012402
0.6,0.73,0.14117446
0.61,0.73,0.14219045
0.62,0.73,0.14317289
0.63,0.73,0.14412266
0.64,0.73,0.14504064
0.65,0.73,0.1459277
0.66,0.73,0.14678472
0.67,0.73,0.14761252
0.68,0.73,0.14841197
0.69,0.73,0.14918387
0.7,0.73,0.14992905
0.71,0.73,0.1506483
0.72,0.73,0.15134241
0.73,0.73,0.15201214
0.74,0.73,0.15265826
0.75,0.73,0.15328149
0.76,0.73,0.15388256
0.77,0.73,0.15446217
0.78,0.73,0.15502102
0.79,0.73,0.15555978
0.8,0.73,0.1560791
0.81,0.73,0.15657963
0.82,0.73,0.15706198
0.83,0.73,0.15752676
0.84,0.73,0.15797457
0.85,0.73,0.15840598
0.86,0.73,0.15882154
0.87,0.73,0.1592218
0.88,0.73,0.15960729
0.89,0.73,0.15997852
0.9,0.73,0.16033598
0.91,0.73,0.16068016
0.92,0.73,0.16101152
0.93,0.73,0.16133051
0.94,0.73,0.16163758
0.95,0.73,0.16193314
0.96,0.73,0.16221761
0.97,0.73,0.16249139
0.98,0.73,0.16275486
0.99,0.73,0.16300839
1,0.73,0.16325235
-1,0.74,-0.15205265
-0.99,0.74,-0.15182542
-0.98,0.74,-0.15158928
-0.97,0.74,-0.15134389
-0.96,0.74,-0.15108889
-0.95,0.74,-0.15082394
-0.94,0.74,-0.15054865
-0.93,0.74,-0.15026265
-0.92,0.74,-0.14996554
-0.91,0.74,-0.14965691
-0.9,0.74,-0.14933635
-0.89,0.74,-0.14900341
-0.88,0.74,-0.14865765
-0.87,0.74,-0.14829861
-0.86,0.74,-0.1479258
-0.85,0.74,-0.14753875
-0.84,0.74,-0.14713694
-0.83,0.74,-0.14671985
-0.82,0.74,-0.14628695
-0.81,0.74,-0.14583769
-0.8,0.74,-0.14537151
-0.79,0.74,-0.14488781
-0.78,0.74,-0.14438602
-0.77,0.74,-0.14386551
-0.76,0.74,-0.14332565
-0.75,0.74,-0.14276582
-0.74,0.74,-0.14218534
-0.73,0.74,-0.14158355
-0.72,0.74,-0.14095977
-0.71,0.74,-0.14031328
-0.7,0.74,-0.13964337
-0.69,0.74,-0.13894931
-0.68,0.74,-0.13823036
-0.67,0.74,-0.13748577
-0.66,0.74,-0.13671475
-0.65,0.74,-0.13591653
-0.64,0.74,-0.13509032
-0.63,0.74,-0.13423532
-0.62,0.74,-0.13335071
-0.61,0.74,-0.13243567
-0.6,0.74,-0.13148938
-0.59,0.74,-0.130511
-0.58,0.74,-0.1294997
-0.57,0.74,-0.12845464
-0.56,0.74,-0.12737498
-0.55,0.74,-0.12625987
-0.54,0.74,-0.12510848
-0.53,0.74,-0.12391997
-0.52,0.74,-0.12269352
-0.51,0.74,-0.12142831
-0.5,0.74,-0.12012354
-0.49,0.74,-0.11877841
-0.48,0.74,-0.11739215
-0.47,0.74,-0.11596399
-0.46,0.74,-0.11449322
-0.45,0.74,-0.11297912
-0.44,0.74,-0.11142101
-0.43,0.74,-0.10981825
-0.42,0.74,-0.10817023
-0.41,0.74,-0.10647637
-0.4,0.74,-0.10473616
-0.39,0.74,-0.10294911
-0.38,0.74,-0.10111479
-0.37,0.74,-0.099232831
-0.36,0.74,-0.097302912
-0.35,0.74,-0.095324782
-0.34,0.74,-0.093298253
-0.33,0.74,-0.091223206
-0.32,0.74,-0.089099599
-0.31,0.74,-0.086927466
-0.3,0.74,-0.08470692
-0.29,0.74,-0.082438161
-0.28,0.74,-0.080121476
-0.27,0.74,-0.07775724
-0.26,0.74,-0.075345926
-0.25,0.74,-0.072888097
-0.24,0.74,-0.070384419
-0.23,0.74,-0.067835655
-0.22,0.74,-0.065242668
-0.21,0.74,-0.062606427
-0.2,0.74,-0.059928
-0.19,0.74,-0.05720856
-0.18,0.74,-0.054449383
-0.17,0.74,-0.051651846
-0.16,0.74,-0.048817427
-0.15,0.74,-0.045947703
-0.14,0.74,-0.043044349
-0.13,0.74,-0.040109131
-0.12,0.74,-0.037143908
-0.11,0.74,-0.034150625
-0.1,0.74,-0.031131308
-0.09,0.74,-0.028088063
-0.08,0.74,-0.025023065
-0.07,0.74,-0.021938558
-0.06,0.74,-0.018836843
-0.05,0.74,-0.015720279
-0.04,0.74,-0.012591266
-0.03,0.74,-0.0094522468
-0.02,0.74,-0.0063056952
-0.01,0.74,-0.0031541084
0,0.74,0
0.01,0.74,0.0031541084
0.02,0.74,0.0063056952
0.03,0.74,0.0094522468
0.04,0.74,0.012591266
0.05,0.74,0.015720279
0.06,0.74,0.018836843
0.07,0.74,0.021938558
0.08,0.74,0.025023065
0.09,0.74,0.028088063
0.1,0.74,0.031131308
0.11,0.74,0.034150625
0.12,0.74,0.037143908
0.13,0.74,0.040109131
0.14,0.74,0.043044349
0.15,0.74,0.045947703
0.16,0.74,0.048817427
0.17,0.74,0.051651846
0.18,0.74,0.054449383
0.19,0.74,0.05720856
0.2,0.74,0.059928
0.21,0.74,0.062606427
0.22,0.74,0.065242668
0.23,0.74,0.067835655
0.24,0.74,0.070384419
0.25,0.74,0.072888097
0.26,0.74,0.075345926
0.27,0.74,0.07775724
0.28,0.74,0.080121476
0.29,0.74,0.082438161
0.3,0.74,0.08470692
0.31,0.74,0.086927466
0.32,0.74,0.089099599
0.33,0.74,0.091223206
0.34,0.74,0.093298253
0.35,0.74,0.095324782
0.36,0.74,0.097302912
0.37,0.74,0.099232831
0.38,0.74,0.10111479
0.39,0.74,0.10294911
0.4,0.74,0.10473616
0.41,0.74,0.10647637
0.42,0.74,0.10817023
0.43,0.74,0.10981825
0.44,0.74,0.11142101
0.45,0.74,0.11297912
0.46,0.74,0.11449322
0.47,0.74,0.11596399
0.48,0.74,0.11739215
0.49,0.74,0.11877841
0.5,0.74,0.12012354
0.51,0.74,0.12142831
0.52,0.74,0.12269352
0.53,0.74,0.12391997
0.54,0.74,0.12510848
0.55,0.74,0.12625987
0.56,0.74,0.12737498
0.57,0.74,0.12845464
0.58,0.74,0.1294997
0.59,0.74,0.130511
0.6,0.74,0.13148938
0.61,0.74,0.13243567
0.62,0.74,0.13335071
0.63,0.74,0.13423532
0.64,0.74,0.13509032
0.65,0.74,0.13591653
0.66,0.74,0.13671475
0.67,0.74,0.13748577
0.68,0.74,0.13823036
0.69,0.74,0.13894931
0.7,0.74,0.13964337
0.71,0.74,0.14031328
0.72,0.74,0.14095977
0.73,0.74,0.14158355
0.74,0.74,0.14218534
0.75,0.74,0.14276582
0.76,0.74,0.14332565
0.77,0.74,0.14386551
0.78,0.74,0.14438602
0.79,0.74,0.14488781
0.8,0.74,0.14537151
0.81,0.74,0.14583769
0.82,0.74,0.14628695
0.83,0.74,0.14671985
0.84,0.74,0.14713694
0.85,0.74,0.14753875
0.86,0.74,0.1479258
0.87,0.74,0.14829861
0.88,0.74,0.14865765
0.89,0.74,0.14900341
0.9,0.74,0.14933635
0.91,0.74,0.14965691
0.92,0.74,0.14996554
0.93,0.74,0.15026265
0.94,0.74,0.15054865
0.95,0.74,0.15082394
0.96,0.74,0.15108889
0.97,0.74,0.15134389
0.98,0.74,0.15158928
0.99,0.74,0.15182542
1,0.74,0.15205265
-1,0.75,-0.14117857
-0.99,0.75,-0.1409676
-0.98,0.75,-0.14074835
-0.97,0.75,-0.1405205
-0.96,0.75,-0.14028374
-0.95,0.75,-0.14003773
-0.94,0.75,-0.13978213
-0.93,0.75,-0.13951659
-0.92,0.75,-0.13924072
-0.91,0.75,-0.13895417
-0.9,0.75,-0.13865653
-0.89,0.75,-0.1383474
-0.88,0.75,-0.13802637
-0.87,0.75,-0.137693
-0.86,0.75,-0.13734686
-0.85,0.75,-0.13698749
-0.84,0.75,-0.13661441
-0.83,0.75,-0.13622715
-0.82,0.75,-0.13582521
-0.81,0.75,-0.13540808
-0.8,0.75,-0.13497523
-0.79,0.75,-0.13452613
-0.78,0.75,-0.13406022
-0.77,0.75,-0.13357694
-0.76,0.75,-0.13307569
-0.75,0.75,-0.13255589
-0.74,0.75,-0.13201693
-0.73,0.75,-0.13145818
-0.72,0.75,-0.130879
-0.71,0.75,-0.13027875
-0.7,0.75,-0.12965675
-0.69,0.75,-0.12901233
-0.68,0.75,-0.12834479
-0.67,0.75,-0.12765345
-0.66,0.75,-0.12693757
-0.65,0.75,-0.12619643
-0.64,0.75,-0.12542931
-0.63,0.75,-0.12463545
-0.62,0.75,-0.12381411
-0.61,0.75,-0.12296451
-0.6,0.75,-0.12208589
-0.59,0.75,-0.12117748
-0.58,0.75,-0.12023851
-0.57,0.75,-0.11926818
-0.56,0.75,-0.11826573
-0.55,0.75,-0.11723037
-0.54,0.75,-0.11616132
-0.53,0.75,-0.11505781
-0.52,0.75,-0.11391907
-0.51,0.75,-0.11274434
-0.5,0.75,-0.11153288
-0.49,0.75,-0.11028395
-0.48,0.75,-0.10899682
-0.47,0.75,-0.10767081
-0.46,0.75,-0.10630522
-0.45,0.75,-0.10489939
-0.44,0.75,-0.10345271
-0.43,0.75,-0.10196458
-0.42,0.75,-0.10043441
-0.41,0.75,-0.098861694
-0.4,0.75,-0.097245934
-0.39,0.75,-0.095586684
-0.38,0.75,-0.093883547
-0.37,0.75,-0.092136176
-0.36,0.75,-0.090344276
-0.35,0.75,-0.088507612
-0.34,0.75,-0.08662601
-0.33,0.75,-0.084699361
-0.32,0.75,-0.082727624
-0.31,0.75,-0.080710831
-0.3,0.75,-0.078649088
-0.29,0.75,-0.07654258
-0.28,0.75,-0.074391573
-0.27,0.75,-0.072196416
-0.26,0.75,-0.069957547
-0.25,0.75,-0.067675491
-0.24,0.75,-0.065350864
-0.23,0.75,-0.062984375
-0.22,0.75,-0.060576826
-0.21,0.75,-0.058129116
-0.2,0.75,-0.055642237
-0.19,0.75,-0.053117279
-0.18,0.75,-0.050555425
-0.17,0.75,-0.047957954
-0.16,0.75,-0.045326239
-0.15,0.75,-0.042661744
-0.14,0.75,-0.039966024
-0.13,0.75,-0.037240719
-0.12,0.75,-0.034487554
-0.11,0.75,-0.031708336
-0.1,0.75,-0.028904946
-0.09,0.75,-0.026079339
-0.08,0.75,-0.023233536
-0.07,0.75,-0.020369617
-0.06,0.75,-0.017489723
-0.05,0.75,-0.01459604
-0.04,0.75,-0.011690799
-0.03,0.75,-0.0087762676
-0.02,0.75,-0.0058547422
-0.01,0.75,-0.0029285417
0,0.75,0
0.01,0.75,0.0029285417
0.02,0.75,0.0058547422
0.03,0.75,0.0087762676
0.04,0.75,0.011690799
0.05,0.75,0.01459604
0.06,0.75,0.017489723
0.07,0.75,0.020369617
0.08,0.75,0.023233536
0.09,0.75,0.026079339
0.1,0.75,0.028904946
0.11,0.75,0.031708336
0.12,0.75,0.034487554
0.13,0.75,0.037240719
0.14,0.75,0.039966024
0.15,0.75,0.042661744
0.16,0.75,0.045326239
0.17,0.75,0.047957954
0.18,0.75,0.050555425
0.19,0.75,0.053117279
0.2,0.75,0.055642237
0.21,0.75,0.058129116
0.22,0.75,0.060576826
0.23,0.75,0.062984375
0.24,0.75,0.065350864
0.25,0.75,0.067675491
0.26,0.75,0.069957547
0.27,0.75,0.072196416
0.28,0.75,0.074391573
0.29,0.75,0.07654258
0.3,0.75,0.078649088
0.31,0.75,0.080710831
0.32,0.75,0.082727624
0.33,0.75,0.084699361
0.34,0.75,0.08662601
0.35,0.75,0.088507612
0.36,0.75,0.090344276
0.37,0.75,0.092136176
0.38,0.75,0.093883547
0.39,0.75,0.095586684
0.4,0.75,0.097245934
0.41,0.75,0.098861694
0.42,0.75,0.10043441
0.43,0.75,0.10196458
0.44,0.75,0.10345271
0.45,0.75,0.10489939
0.46,0.75,0.10630522
0.47,0.75,0.10767081
0.48,0.75,0.10899682
0.49,0.75,0.11028395
0.5,0.75,0.11153288
0.51,0.75,0.11274434
0.52,0.75,0.11391907
0.53,0.75,0.11505781
0.54,0.75,0.11616132
0.55,0.75,0.11723037
0.56,0.75,0.11826573
0.57,0.75,0.11926818
0.58,0.75,0.12023851
0.59,0.75,0.12117748
0.6,0.75,0.12208589
0.61,0.75,0.12296451
0.62,0.75,0.12381411
0.63,0.75,0.12463545
0.64,0.75,0.12542931
0.65,0.75,0.12619643
0.66,0.75,0.12693757
0.67,0.75,0.12765345
0.68,0.75,0.12834479
0.69,0.75,0.12901233
0.7,0.75,0.12965675
0.71,0.75,0.13027875
0.72,0.75,0.130879
0.73,0.75,0.13145818
0.74,0.75,0.13201693
0.75,0.75,0.13255589
0.76,0.75,0.13307569
0.77,0.75,0.13357694
0.78,0.75,0.13406022
0.79,0.75,0.13452613
0.8,0.75,0.13497523
0.81,0.75,0.13540808
0.82,0.75,0.13582521
0.83,0.75,0.13622715
0.84,0.75,0.13661441
0.85,0.75,0.13698749
0.86,0.75,0.13734686
0.87,0.75,0.137693
0.88,0.75,0.13802637
0.89,0.75,0.1383474
0.9,0.75,0.13865653
0.91,0.75,0.13895417
0.92,0.75,0.13924072
0.93,0.75,0.13951659
0.94,0.75,0.13978213
0.95,0.75,0.14003773
0.96,0.75,0.14028374
0.97,0.75,0.1405205
0.98,0.75,0.14074835
0.99,0.75,0.1409676
1,0.75,0.14117857
-1,0.76,-0.13064086
-0.99,0.76,-0.13044564
-0.98,0.76,-0.13024275
-0.97,0.76,-0.13003191
-0.96,0.76,-0.12981282
-0.95,0.76,-0.12958518
-0.94,0.76,-0.12934865
-0.93,0.76,-0.12910293
-0.92,0.76,-0.12884766
-0.91,0.76,-0.12858249
-0.9,0.76,-0.12830707
-0.89,0.76,-0.12802101
-0.88,0.76,-0.12772394
-0.87,0.76,-0.12741546
-0.86,0.76,-0.12709515
-0.85,0.76,-0.1267626
-0.84,0.76,-0.12641737
-0.83,0.76,-0.12605902
-0.82,0.76,-0.12568708
-0.81,0.76,-0.12530109
-0.8,0.76,-0.12490055
-0.79,0.76,-0.12448497
-0.78,0.76,-0.12405383
-0.77,0.76,-0.12360662
-0.76,0.76,-0.12314279
-0.75,0.76,-0.12266179
-0.74,0.76,-0.12216305
-0.73,0.76,-0.12164601
-0.72,0.76,-0.12111006
-0.71,0.76,-0.12055461
-0.7,0.76,-0.11997904
-0.69,0.76,-0.11938272
-0.68,0.76,-0.11876501
-0.67,0.76,-0.11812526
-0.66,0.76,-0.11746282
-0.65,0.76,-0.11677701
-0.64,0.76,-0.11606714
-0.63,0.76,-0.11533254
-0.62,0.76,-0.1145725
-0.61,0.76,-0.11378631
-0.6,0.76,-0.11297328
-0.59,0.76,-0.11213267
-0.58,0.76,-0.11126378
-0.57,0.76,-0.11036588
-0.56,0.76,-0.10943826
-0.55,0.76,-0.10848017
-0.54,0.76,-0.10749092
-0.53,0.76,-0.10646978
-0.52,0.76,-0.10541604
-0.51,0.76,-0.10432899
-0.5,0.76,-0.10320795
-0.49,0.76,-0.10205224
-0.48,0.76,-0.10086119
-0.47,0.76,-0.099634148
-0.46,0.76,-0.098370486
-0.45,0.76,-0.097069597
-0.44,0.76,-0.095730899
-0.43,0.76,-0.094353836
-0.42,0.76,-0.092937886
-0.41,0.76,-0.091482557
-0.4,0.76,-0.089987399
-0.39,0.76,-0.088451997
-0.38,0.76,-0.086875984
-0.37,0.76,-0.085259038
-0.36,0.76,-0.083600888
-0.35,0.76,-0.081901314
-0.34,0.76,-0.080160157
-0.33,0.76,-0.078377315
-0.32,0.76,-0.076552751
-0.31,0.76,-0.074686493
-0.3,0.76,-0.072778641
-0.29,0.76,-0.070829364
-0.28,0.76,-0.06883891
-0.27,0.76,-0.066807603
-0.26,0.76,-0.064735845
-0.25,0.76,-0.062624124
-0.24,0.76,-0.060473009
-0.23,0.76,-0.058283157
-0.22,0.76,-0.05605531
-0.21,0.76,-0.0537903
-0.2,0.76,-0.051489044
-0.19,0.76,-0.049152551
-0.18,0.76,-0.046781917
-0.17,0.76,-0.044378324
-0.16,0.76,-0.041943043
-0.15,0.76,-0.039477429
-0.14,0.76,-0.036982919
-0.13,0.76,-0.034461034
-0.12,0.76,-0.031913368
-0.11,0.76,-0.029341594
-0.1,0.76,-0.026747452
-0.09,0.76,-0.024132751
-0.08,0.76,-0.021499361
-0.07,0.76,-0.018849209
-0.06,0.76,-0.016184272
-0.05,0.76,-0.013506577
-0.04,0.76,-0.010818186
-0.03,0.76,-0.0081211981
-0.02,0.76,-0.0054177383
-0.01,0.76,-0.0027099524
0,0.76,0
0.01,0.76,0.0027099524
0.02,0.76,0.0054177383
0.03,0.76,0.0081211981
0.04,0.76,0.010818186
0.05,0.76,0.013506577
0.06,0.76,0.016184272
0.07,0.76,0.018849209
0.08,0.76,0.021499361
0.09,0.76,0.024132751
0.1,0.76,0.026747452
0.11,0.76,0.029341594
0.12,0.76,0.031913368
0.13,0.76,0.034461034
0.14,0.76,0.036982919
0.15,0.76,0.039477429
0.16,0.76,0.041943043
0.17,0.76,0.044378324
0.18,0.76,0.046781917
0.19,0.76,0.049152551
0.2,0.76,0.051489044
0.21,0.76,0.0537903
0.22,0.76,0.05605531
0.23,0.76,0.058283157
0.24,0.76,0.060473009
0.25,0.76,0.062624124
0.26,0.76,0.064735845
0.27,0.76,0.066807603
0.28,0.76,0.06883891
0.29,0.76,0.070829364
0.3,0.76,0.072778641
0.31,0.76,0.074686493
0.32,0.76,0.076552751
0.33,0.76,0.078377315
0.34,0.76,0.080160157
0.35,0.76,0.081901314
0.36,0.76,0.083600888
0.37,0.76,0.085259038
0.38,0.76,0.086875984
0.39,0.76,0.088451997
0.4,0.76,0.089987399
0.41,0.76,0.091482557
0.42,0.76,0.092937886
0.43,0.76,0.094353836
0.44,0.76,0.095730899
0.45,0.76,0.097069597
0.46,0.76,0.098370486
0.47,0.76,0.099634148
0.48,0.76,0.10086119
0.49,0.76,0.10205224
0.5,0.76,0.10320795
0.51,0.76,0.10432899
0.52,0.76,0.10541604
0.53,0.76,0.10646978
0.54,0.76,0.10749092
0.55,0.76,0.10848017
0.56,0.76,0.10943826
0.57,0.76,0.11036588
0.58,0.76,0.11126378
0.59,0.76,0.11213267
0.6,0.76,0.11297328
0.61,0.76,0.11378631
0.62,0.76,0.1145725
0.63,0.76,0.11533254
0.64,0.76,0.11606714
0.65,0.76,0.11677701
0.66,0.76,0.11746282
0.67,0.76,0.11812526
0.68,0.76,0.11876501
0.69,0.76,0.11938272
0.7,0.76,0.11997904
0.71,0.76,0.12055461
0.72,0.76,0.12111006
0.73,0.76,0.12164601
0.74,0.76,0.12216305
0.75,0.76,0.12266179
0.76,0.76,0.12314279
0.77,0.76,0.12360662
0.78,0.76,0.12405383
0.79,0.76,0.12448497
0.8,0.76,0.12490055
0.81,0.76,0.12530109
0.82,0.76,0.12568708
0.83,0.76,0.12605902
0.84,0.76,0.12641737
0.85,0.76,0.1267626
0.86,0.76,0.12709515
0.87,0.76,0.12741546
0.88,0.76,0.12772394
0.89,0.76,0.12802101
0.9,0.76,0.12830707
0.91,0.76,0.12858249
0.92,0.76,0.12884766
0.93,0.76,0.12910293
0.94,0.76,0.12934865
0.95,0.76,0.12958518
0.96,0.76,0.12981282
0.97,0.76,0.13003191
0.98,0.76,0.13024275
0.99,0.76,0.13044564
1,0.76,0.13064086
-1,0.77,-0.12044991
-0.99,0.77,-0.12026992
-0.98,0.77,-0.12008285
-0.97,0.77,-0.11988846
-0.96,0.77,-0.11968647
-0.95,0.77,-0.11947658
-0.94,0.77,-0.11925851
-0.93,0.77,-0.11903195
-0.92,0.77,-0.11879659
-0.91,0.77,-0.11855211
-0.9,0.77,-0.11829817
-0.89,0.77,-0.11803443
-0.88,0.77,-0.11776053
-0.87,0.77,-0.11747611
-0.86,0.77,-0.11718079
-0.85,0.77,-0.11687419
-0.84,0.77,-0.11655589
-0.83,0.77,-0.11622549
-0.82,0.77,-0.11588256
-0.81,0.77,-0.11552668
-0.8,0.77,-0.11515738
-0.79,0.77,-0.11477422
-0.78,0.77,-0.11437672
-0.77,0.77,-0.11396439
-0.76,0.77,-0.11353674
-0.75,0.77,-0.11309326
-0.74,0.77,-0.11263344
-0.73,0.77,-0.11215672
-0.72,0.77,-0.11166258
-0.71,0.77,-0.11115046
-0.7,0.77,-0.11061979
-0.69,0.77,-0.11006999
-0.68,0.77,-0.10950046
-0.67,0.77,-0.10891062
-0.66,0.77,-0.10829985
-0.65,0.77,-0.10766754
-0.64,0.77,-0.10701305
-0.63,0.77,-0.10633575
-0.62,0.77,-0.105635
-0.61,0.77,-0.10491014
-0.6,0.77,-0.10416053
-0.59,0.77,-0.1033855
-0.58,0.77,-0.10258439
-0.57,0.77,-0.10175653
-0.56,0.77,-0.10090127
-0.55,0.77,-0.10001792
-0.54,0.77,-0.099105837
-0.53,0.77,-0.098164351
-0.52,0.77,-0.097192808
-0.51,0.77,-0.096190563
-0.5,0.77,-0.095156975
-0.49,0.77,-0.094091417
-0.48,0.77,-0.092993275
-0.47,0.77,-0.091861951
-0.46,0.77,-0.090696864
-0.45,0.77,-0.089497454
-0.44,0.77,-0.088263184
-0.43,0.77,-0.086993543
-0.42,0.77,-0.085688046
-0.41,0.77,-0.084346244
-0.4,0.77,-0.082967719
-0.39,0.77,-0.08155209
-0.38,0.77,-0.080099018
-0.37,0.77,-0.078608206
-0.36,0.77,-0.077079403
-0.35,0.77,-0.075512409
-0.34,0.77,-0.073907075
-0.33,0.77,-0.072263307
-0.32,0.77,-0.070581073
-0.31,0.77,-0.068860397
-0.3,0.77,-0.067101371
-0.29,0.77,-0.065304153
-0.28,0.77,-0.063468969
-0.27,0.77,-0.061596118
-0.26,0.77,-0.059685973
-0.25,0.77,-0.057738981
-0.24,0.77,-0.055755669
-0.23,0.77,-0.053736642
-0.22,0.77,-0.051682584
-0.21,0.77,-0.049594261
-0.2,0.77,-0.04747252
-0.19,0.77,-0.045318291
-0.18,0.77,-0.043132583
-0.17,0.77,-0.040916488
-0.16,0.77,-0.038671177
-0.15,0.77,-0.036397899
-0.14,0.77,-0.034097979
-0.13,0.77,-0.031772819
-0.12,0.77,-0.02942389
-0.11,0.77,-0.027052733
-0.1,0.77,-0.024660954
-0.09,0.77,-0.022250219
-0.08,0.77,-0.019822253
-0.07,0.77,-0.017378832
-0.06,0.77,-0.01492178
-0.05,0.77,-0.012452964
-0.04,0.77,-0.0099742878
-0.03,0.77,-0.0074876848
-0.02,0.77,-0.0049951148
-0.01,0.77,-0.0024985562
0,0.77,0
0.01,0.77,0.0024985562
0.02,0.77,0.0049951148
0.03,0.77,0.0074876848
0.04,0.77,0.0099742878
0.05,0.77,0.012452964
0.06,0.77,0.01492178
0.07,0.77,0.017378832
0.08,0.77,0.019822253
0.09,0.77,0.022250219
0.1,0.77,0.024660954
0.11,0.77,0.027052733
0.12,0.77,0.02942389
0.13,0.77,0.031772819
0.14,0.77,0.034097979
0.15,0.77,0.036397899
0.16,0.77,0.038671177
0.17,0.77,0.040916488
0.18,0.77,0.043132583
0.19,0.77,0.045318291
0.2,0.77,0.04747252
0.21,0.77,0.049594261
0.22,0.77,0.051682584
0.23,0.77,0.053736642
0.24,0.77,0.055755669
0.25,0.77,0.057738981
0.26,0.77,0.059685973
0.27,0.77,0.061596118
0.28,0.77,0.063468969
0.29,0.77,0.065304153
0.3,0.77,0.067101371
0.31,0.77,0.068860397
0.32,0.77,0.070581073
0.33,0.77,0.072263307
0.34,0.77,0.073907075
0.35,0.77,0.075512409
0.36,0.77,0.077079403
0.37,0.77,0.078608206
0.38,0.77,0.080099018
0.39,0.77,0.08155209
0.4,0.77,0.082967719
0.41,0.77,0.084346244
0.42,0.77,0.085688046
0.43,0.77,0.086993543
0.44,0.77,0.088263184
0.45,0.77,0.089497454
0.46,0.77,0.090696864
0.47,0.77,0.091861951
0.48,0.77,0.092993275
0.49,0.77,0.094091417
0.5,0.77,0.095156975
0.51,0.77,0.096190563
0.52,0.77,0.097192808
0.53,0.77,0.098164351
0.54,0.77,0.099105837
0.55,0.77,0.10001792
0.56,0.77,0.10090127
0.57,0.77,0.10175653
0.58,0.77,0.10258439
0.59,0.77,0.1033855
0.6,0.77,0.10416053
0.61,0.77,0.10491014
0.62,0.77,0.105635
0.63,0.77,0.10633575
0.64,0.77,0.10701305
0.65,0.77,0.10766754
0.66,0.77,0.10829985
0.67,0.77,0.10891062
0.68,0.77,0.10950046
0.69,0.77,0.11006999
0.7,0.77,0.11061979
0.71,0.77,0.11115046
0.72,0.77,0.11166258
0.73,0.77,0.11215672
0.74,0.77,0.11263344
0.75,0.77,0.11309326
0.76,0.77,0.11353674
0.77,0.77,0.11396439
0.78,0.77,0.11437672
0.79,0.77,0.11477422
0.8,0.77,0.11515738
0.81,0.77,0.11552668
0.82,0.77,0.11588256
0.83,0.77,0.11622549
0.84,0.77,0.11655589
0.85,0.77,0.11687419
0.86,0.77,0.11718079
0.87,0.77,0.11747611
0.88,0.77,0.11776053
0.89,0.77,0.11803443
0.9,0.77,0.11829817
0.91,0.77,0.11855211
0.92,0.77,0.11879659
0.93,0.77,0.11903195
0.94,0.77,0.11925851
0.95,0.77,0.11947658
0.96,0.77,0.11968647
0.97,0.77,0.11988846
0.98,0.77,0.12008285
0.99,0.77,0.12026992
1,0.77,0.12044991
-1,0.78,-0.11061578
-0.99,0.78,-0.11045048
-0.98,0.78,-0.11027869
-0.97,0.78,-0.11010017
-0.96,0.78,-0.10991467
-0.95,0.78,-0.10972192
-0.94,0.78,-0.10952165
-0.93,0.78,-0.10931359
-0.92,0.78,-0.10909745
-0.91,0.78,-0.10887293
-0.9,0.78,-0.10863972
-0.89,0.78,-0.10839751
-0.88,0.78,-0.10814598
-0.87,0.78,-0.10788478
-0.86,0.78,-0.10761357
-0.85,0.78,-0.107332
-0.84,0.78,-0.10703969
-0.83,0.78,-0.10673626
-0.82,0.78,-0.10642134
-0.81,0.78,-0.10609451
-0.8,0.78,-0.10575536
-0.79,0.78,-0.10540348
-0.78,0.78,-0.10503844
-0.77,0.78,-0.10465977
-0.76,0.78,-0.10426704
-0.75,0.78,-0.10385977
-0.74,0.78,-0.10343748
-0.73,0.78,-0.10299969
-0.72,0.78,-0.1025459
-0.71,0.78,-0.10207559
-0.7,0.78,-0.10158824
-0.69,0.78,-0.10108332
-0.68,0.78,-0.1005603
-0.67,0.78,-0.10001862
-0.66,0.78,-0.099457717
-0.65,0.78,-0.098877027
-0.64,0.78,-0.098275973
-0.63,0.78,-0.097653971
-0.62,0.78,-0.097010432
-0.61,0.78,-0.096344757
-0.6,0.78,-0.095656346
-0.59,0.78,-0.094944593
-0.58,0.78,-0.09420889
-0.57,0.78,-0.093448625
-0.56,0.78,-0.092663186
-0.55,0.78,-0.091851962
-0.54,0.78,-0.091014344
-0.53,0.78,-0.090149726
-0.52,0.78,-0.089257505
-0.51,0.78,-0.088337087
-0.5,0.78,-0.087387887
-0.49,0.78,-0.086409326
-0.48,0.78,-0.085400842
-0.47,0.78,-0.084361885
-0.46,0.78,-0.083291922
-0.45,0.78,-0.082190438
-0.44,0.78,-0.08105694
-0.43,0.78,-0.079890958
-0.42,0.78,-0.078692049
-0.41,0.78,-0.077459798
-0.4,0.78,-0.076193823
-0.39,0.78,-0.074893773
-0.38,0.78,-0.073559336
-0.37,0.78,-0.072190241
-0.36,0.78,-0.070786258
-0.35,0.78,-0.069347201
-0.34,0.78,-0.067872934
-0.33,0.78,-0.066363372
-0.32,0.78,-0.064818483
-0.31,0.78,-0.063238292
-0.3,0.78,-0.061622882
-0.29,0.78,-0.059972397
-0.28,0.78,-0.058287047
-0.27,0.78,-0.056567105
-0.26,0.78,-0.054812913
-0.25,0.78,-0.053024884
-0.24,0.78,-0.0512035
-0.23,0.78,-0.049349316
-0.22,0.78,-0.047462961
-0.21,0.78,-0.045545139
-0.2,0.78,-0.043596628
-0.19,0.78,-0.04161828
-0.18,0.78,-0.039611025
-0.17,0.78,-0.037575863
-0.16,0.78,-0.03551387
-0.15,0.78,-0.033426193
-0.14,0.78,-0.031314051
-0.13,0.78,-0.029178729
-0.12,0.78,-0.027021578
-0.11,0.78,-0.024844014
-0.1,0.78,-0.022647511
-0.09,0.78,-0.0204336
-0.08,0.78,-0.018203865
-0.07,0.78,-0.015959937
-0.06,0.78,-0.013703492
-0.05,0.78,-0.011436242
-0.04,0.78,-0.0091599374
-0.03,0.78,-0.0068763531
-0.02,0.78,-0.0045872889
-0.01,0.78,-0.0022945616
0,0.78,0
0.01,0.78,0.0022945616
0.02,0.78,0.0045872889
0.03,0.78,0.0068763531
0.04,0.78,0.0091599374
0.05,0.78,0.011436242
0.06,0.78,0.013703492
0.07,0.78,0.015959937
0.08,0.78,0.018203865
0.09,0.78,0.0204336
0.1,0.78,0.022647511
0.11,0.78,0.024844014
0.12,0.78,0.027021578
0.13,0.78,0.029178729
0.14,0.78,0.031314051
0.15,0.78,0.033426193
0.16,0.78,0.03551387
0.17,0.78,0.037575863
0.18,0.78,0.039611025
0.19,0.78,0.04161828
0.2,0.78,0.043596628
0.21,0.78,0.045545139
0.22,0.78,0.047462961
0.23,0.78,0.049349316
0.24,0.78,0.0512035
0.25,0.78,0.053024884
0.26,0.78,0.054812913
0.27,0.78,0.056567105
0.28,0.78,0.058287047
0.29,0.78,0.059972397
0.3,0.78,0.061622882
0.31,0.78,0.063238292
0.32,0.78,0.064818483
0.33,0.78,0.066363372
0.34,0.78,0.067872934
0.35,0.78,0.069347201
0.36,0.78,0.070786258
0.37,0.78,0.072190241
0.38,0.78,0.073559336
0.39,0.78,0.074893773
0.4,0.78,0.076193823
0.41,0.78,0.077459798
0.42,0.78,0.078692049
0.43,0.78,0.079890958
0.44,0.78,0.08105694
0.45,0.78,0.082190438
0.46,0.78,0.083291922
0.47,0.78,0.084361885
0.48,0.78,0.085400842
0.49,0.78,0.086409326
0.5,0.78,0.087387887
0.51,0.78,0.088337087
0.52,0.78,0.089257505
0.53,0.78,0.090149726
0.54,0.78,0.091014344
0.55,0.78,0.091851962
0.56,0.78,0.092663186
0.57,0.78,0.093448625
0.58,0.78,0.09420889
0.59,0.78,0.094944593
0.6,0.78,0.095656346
0.61,0.78,0.096344757
0.62,0.78,0.097010432
0.63,0.78,0.097653971
0.64,0.78,0.098275973
0.65,0.78,0.098877027
0.66,0.78,0.099457717
0.67,0.78,0.10001862
0.68,0.78,0.1005603
0.69,0.78,0.10108332
0.7,0.78,0.10158824
0.71,0.78,0.10207559
0.72,0.78,0.1025459
0.73,0.78,0.10299969
0.74,0.78,0.10343748
0.75,0.78,0.10385977
0.76,0.78,0.10426704
0.77,0.78,0.10465977
0.78,0.78,0.10503844
0.79,0.78,0.10540348
0.8,0.78,0.10575536
0.81,0.78,0.10609451
0.82,0.78,0.10642134
0.83,0.78,0.10673626
0.84,0.78,0.10703969
0.85,0.78,0.107332
0.86,0.78,0.10761357
0.87,0.78,0.10788478
0.88,0.78,0.10814598
0.89,0.78,0.10839751
0.9,0.78,0.10863972
0.91,0.78,0.10887293
0.92,0.78,0.10909745
0.93,0.78,0.10931359
0.94,0.78,0.10952165
0.95,0.78,0.10972192
0.96,0.78,0.10991467
0.97,0.78,0.11010017
0.98,0.78,0.11027869
0.99,0.78,0.11045048
1,0.78,0.11061578
-1,0.79,-0.10114818
-0.99,0.79,-0.10099703
-0.98,0.79,-0.10083994
-0.97,0.79,-0.1006767
-0.96,0.79,-0.10050707
-0.95,0.79,-0.10033082
-0.94,0.79,-0.10014769
-0.93,0.79,-0.09995744
-0.92,0.79,-0.099759798
-0.91,0.79,-0.099554494
-0.9,0.79,-0.099341248
-0.89,0.79,-0.099119772
-0.88,0.79,-0.098889766
-0.87,0.79,-0.098650924
-0.86,0.79,-0.098402928
-0.85,0.79,-0.098145452
-0.84,0.79,-0.097878161
-0.83,0.79,-0.097600707
-0.82,0.79,-0.097312735
-0.81,0.79,-0.097013879
-0.8,0.79,-0.096703763
-0.79,0.79,-0.096382001
-0.78,0.79,-0.096048197
-0.77,0.79,-0.095701944
-0.76,0.79,-0.095342824
-0.75,0.79,-0.094970412
-0.74,0.79,-0.094584269
-0.73,0.79,-0.094183949
-0.72,0.79,-0.093768994
-0.71,0.79,-0.093338938
-0.7,0.79,-0.092893303
-0.69,0.79,-0.092431604
-0.68,0.79,-0.091953346
-0.67,0.79,-0.091458026
-0.66,0.79,-0.090945131
-0.65,0.79,-0.090414143
-0.64,0.79,-0.089864533
-0.63,0.79,-0.089295769
-0.62,0.79,-0.08870731
-0.61,0.79,-0.08809861
-0.6,0.79,-0.08746912
-0.59,0.79,-0.086818287
-0.58,0.79,-0.086145552
-0.57,0.79,-0.085450358
-0.56,0.79,-0.084732145
-0.55,0.79,-0.083990354
-0.54,0.79,-0.083224427
-0.53,0.79,-0.082433811
-0.52,0.79,-0.081617956
-0.51,0.79,-0.080776317
-0.5,0.79,-0.079908358
-0.49,0.79,-0.079013553
-0.48,0.79,-0.078091385
-0.47,0.79,-0.077141352
-0.46,0.79,-0.076162967
-0.45,0.79,-0.075155759
-0.44,0.79,-0.074119277
-0.43,0.79,-0.073053091
-0.42,0.79,-0.071956797
-0.41,0.79,-0.070830015
-0.4,0.79,-0.069672394
-0.39,0.79,-0.068483615
-0.38,0.79,-0.067263393
-0.37,0.79,-0.066011479
-0.36,0.79,-0.064727663
-0.35,0.79,-0.063411774
-0.34,0.79,-0.06206369
-0.33,0.79,-0.060683332
-0.32,0.79,-0.05927067
-0.31,0.79,-0.057825727
-0.3,0.79,-0.05634858
-0.29,0.79,-0.05483936
-0.28,0.79,-0.053298259
-0.27,0.79,-0.051725527
-0.26,0.79,-0.050121477
-0.25,0.79,-0.048486485
-0.24,0.79,-0.046820992
-0.23,0.79,-0.045125508
-0.22,0.79,-0.043400606
-0.21,0.79,-0.041646931
-0.2,0.79,-0.039865193
-0.19,0.79,-0.038056172
-0.18,0.79,-0.036220717
-0.17,0.79,-0.034359745
-0.16,0.79,-0.032474238
-0.15,0.79,-0.030565246
-0.14,0.79,-0.028633882
-0.13,0.79,-0.026681321
-0.12,0.79,-0.024708801
-0.11,0.79,-0.022717615
-0.1,0.79,-0.020709111
-0.09,0.79,-0.018684689
-0.08,0.79,-0.016645797
-0.07,0.79,-0.014593927
-0.06,0.79,-0.01253061
-0.05,0.79,-0.010457415
-0.04,0.79,-0.0083759385
-0.03,0.79,-0.0062878061
-0.02,0.79,-0.0041946628
-0.01,0.79,-0.0020981701
0,0.79,0
0.01,0.79,0.0020981701
0.02,0.79,0.0041946628
0.03,0.79,0.0062878061
0.04,0.79,0.0083759385
0.05,0.79,0.010457415
0.06,0.79,0.01253061
0.07,0.79,0.014593927
0.08,0.79,0.016645797
0.09,0.79,0.018684689
0.1,0.79,0.020709111
0.11,0.79,0.022717615
0.12,0.79,0.024708801
0.13,0.79,0.026681321
0.14,0.79,0.028633882
0.15,0.79,0.030565246
0.16,0.79,0.032474238
0.17,0.79,0.034359745
0.18,0.79,0.036220717
0.19,0.79,0.038056172
0.2,0.79,0.039865193
0.21,0.79,0.041646931
0.22,0.79,0.043400606
0.23,0.79,0.045125508
0.24,0.79,0.046820992
0.25,0.79,0.048486485
0.26,0.79,0.050121477
0.27,0.79,0.051725527
0.28,0.79,0.053298259
0.29,0.79,0.05483936
0.3,0.79,0.05634858
0.31,0.79,0.057825727
0.32,0.79,0.05927067
0.33,0.79,0.060683332
0.34,0.79,0.06206369
0.35,0.79,0.063411774
0.36,0.79,0.064727663
0.37,0.79,0.066011479
0.38,0.79,0.067263393
0.39,0.79,0.068483615
0.4,0.79,0.069672394
0.41,0.79,0.070830015
0.42,0.79,0.071956797
0.43,0.79,0.073053091
0.44,0.79,0.074119277
0.45,0.79,0.075155759
0.46,0.79,0.076162967
0.47,0.79,0.077141352
0.48,0.79,0.078091385
0.49,0.79,0.079013553
0.5,0.79,0.079908358
0.51,0.79,0.080776317
0.52,0.79,0.081617956
0.53,0.79,0.082433811
0.54,0.79,0.083224427
0.55,0.79,0.083990354
0.56,0.79,0.084732145
0.57,0.79,0.085450358
0.58,0.79,0.086145552
0.59,0.79,0.086818287
0.6,0.79,0.08746912
0.61,0.79,0.08809861
0.62,0.79,0.08870731
0.63,0.79,0.089295769
0.64,0.79,0.089864533
0.65,0.79,0.090414143
0.66,0.79,0.090945131
0.67,0.79,0.091458026
0.68,0.79,0.091953346
0.69,0.79,0.092431604
0.7,0.79,0.092893303
0.71,0.79,0.093338938
0.72,0.79,0.093768994
0.73,0.79,0.094183949
0.74,0.79,0.094584269
0.75,0.79,0.094970412
0.76,0.79,0.095342824
0.77,0.79,0.095701944
0.78,0.79,0.096048197
0.79,0.79,0.096382001
0.8,0.79,0.096703763
0.81,0.79,0.097013879
0.82,0.79,0.097312735
0.83,0.79,0.097600707
0.84,0.79,0.097878161
0.85,0.79,0.098145452
0.86,0.79,0.098402928
0.87,0.79,0.098650924
0.88,0.79,0.098889766
0.89,0.79,0.099119772
0.9,0.79,0.099341248
0.91,0.79,0.099554494
0.92,0.79,0.099759798
0.93,0.79,0.09995744
0.94,0.79,0.10014769
0.95,0.79,0.10033082
0.96,0.79,0.10050707
0.97,0.79,0.1006767
0.98,0.79,0.10083994
0.99,0.79,0.10099703
1,0.79,0.10114818
-1,0.8,-0.092056442
-0.99,0.8,-0.091918877
-0.98,0.8,-0.091775912
-0.97,0.8,-0.091627344
-0.96,0.8,-0.091472963
-0.95,0.8,-0.091312552
-0.94,0.8,-0.091145886
-0.93,0.8,-0.090972734
-0.92,0.8,-0.090792857
-0.91,0.8,-0.090606007
-0.9,0.8,-0.090411929
-0.89,0.8,-0.09021036
-0.88,0.8,-0.090001029
-0.87,0.8,-0.089783655
-0.86,0.8,-0.08955795
-0.85,0.8,-0.089323618
-0.84,0.8,-0.089080352
-0.83,0.8,-0.088827837
-0.82,0.8,-0.088565749
-0.81,0.8,-0.088293756
-0.8,0.8,-0.088011515
-0.79,0.8,-0.087718675
-0.78,0.8,-0.087414875
-0.77,0.8,-0.087099745
-0.76,0.8,-0.086772905
-0.75,0.8,-0.086433967
-0.74,0.8,-0.086082533
-0.73,0.8,-0.085718196
-0.72,0.8,-0.085340539
-0.71,0.8,-0.084949138
-0.7,0.8,-0.084543559
-0.69,0.8,-0.08412336
-0.68,0.8,-0.083688091
-0.67,0.8,-0.083237293
-0.66,0.8,-0.0827705
-0.65,0.8,-0.082287239
-0.64,0.8,-0.081787032
-0.63,0.8,-0.081269391
-0.62,0.8,-0.080733825
-0.61,0.8,-0.080179839
-0.6,0.8,-0.079606931
-0.59,0.8,-0.079014598
-0.58,0.8,-0.078402332
-0.57,0.8,-0.077769626
-0.56,0.8,-0.077115969
-0.55,0.8,-0.076440855
-0.54,0.8,-0.075743774
-0.53,0.8,-0.075024223
-0.52,0.8,-0.0742817
-0.51,0.8,-0.073515712
-0.5,0.8,-0.07272577
-0.49,0.8,-0.071911395
-0.48,0.8,-0.071072117
-0.47,0.8,-0.070207478
-0.46,0.8,-0.069317035
-0.45,0.8,-0.06840036
-0.44,0.8,-0.067457043
-0.43,0.8,-0.066486692
-0.42,0.8,-0.065488938
-0.41,0.8,-0.064463437
-0.4,0.8,-0.063409869
-0.39,0.8,-0.062327944
-0.38,0.8,-0.061217402
-0.37,0.8,-0.060078017
-0.36,0.8,-0.058909596
-0.35,0.8,-0.057711987
-0.34,0.8,-0.056485076
-0.33,0.8,-0.055228791
-0.32,0.8,-0.053943107
-0.31,0.8,-0.052628044
-0.3,0.8,-0.05128367
-0.29,0.8,-0.049910107
-0.28,0.8,-0.048507528
-0.27,0.8,-0.047076162
-0.26,0.8,-0.045616292
-0.25,0.8,-0.044128262
-0.24,0.8,-0.042612473
-0.23,0.8,-0.041069388
-0.22,0.8,-0.039499529
-0.21,0.8,-0.037903483
-0.2,0.8,-0.036281897
-0.19,0.8,-0.034635481
-0.18,0.8,-0.032965007
-0.17,0.8,-0.031271309
-0.16,0.8,-0.029555281
-0.15,0.8,-0.027817879
-0.14,0.8,-0.026060116
-0.13,0.8,-0.024283063
-0.12,0.8,-0.022487843
-0.11,0.8,-0.020675635
-0.1,0.8,-0.018847666
-0.09,0.8,-0.01700521
-0.08,0.8,-0.015149584
-0.07,0.8,-0.013282147
-0.06,0.8,-0.011404292
-0.05,0.8,-0.0095174466
-0.04,0.8,-0.0076230646
-0.03,0.8,-0.0057226247
-0.02,0.8,-0.0038176243
-0.01,0.8,-0.0019095755
0,0.8,0
0.01,0.8,0.0019095755
0.02,0.8,0.0038176243
0.03,0.8,0.0057226247
0.04,0.8,0.0076230646
0.05,0.8,0.0095174466
0.06,0.8,0.011404292
0.07,0.8,0.013282147
0.08,0.8,0.015149584
0.09,0.8,0.01700521
0.1,0.8,0.018847666
0.11,0.8,0.020675635
0.12,0.8,0.022487843
0.13,0.8,0.024283063
0.14,0.8,0.026060116
0.15,0.8,0.027817879
0.16,0.8,0.029555281
0.17,0.8,0.031271309
0.18,0.8,0.032965007
0.19,0.8,0.034635481
0.2,0.8,0.036281897
0.21,0.8,0.037903483
0.22,0.8,0.039499529
0.23,0.8,0.041069388
0.24,0.8,0.042612473
0.25,0.8,0.044128262
0.26,0.8,0.045616292
0.27,0.8,0.047076162
0.28,0.8,0.048507528
0.29,0.8,0.049910107
0.3,0.8,0.05128367
0.31,0.8,0.052628044
0.32,0.8,0.053943107
0.33,0.8,0.055228791
0.34,0.8,0.056485076
0.35,0.8,0.057711987
0.36,0.8,0.058909596
0.37,0.8,0.060078017
0.38,0.8,0.061217402
0.39,0.8,0.062327944
0.4,0.8,0.063409869
0.41,0.8,0.064463437
0.42,0.8,0.065488938
0.43,0.8,0.066486692
0.44,0.8,0.067457043
0.45,0.8,0.06840036
0.46,0.8,0.069317035
0.47,0.8,0.070207478
0.48,0.8,0.071072117
0.49,0.8,0.071911395
0.5,0.8,0.07272577
0.51,0.8,0.073515712
0.52,0.8,0.0742817
0.53,0.8,0.075024223
0.54,0.8,0.075743774
0.55,0.8,0.076440855
0.56,0.8,0.077115969
0.57,0.8,0.077769626
0.58,0.8,0.078402332
0.59,0.8,0.079014598
0.6,0.8,0.079606931
0.61,0.8,0.080179839
0.62,0.8,0.080733825
0.63,0.8,0.081269391
0.64,0.8,0.081787032
0.65,0.8,0.082287239
0.66,0.8,0.0827705
0.67,0.8,0.083237293
0.68,0.8,0.083688091
0.69,0.8,0.08412336
0.7,0.8,0.084543559
0.71,0.8,0.084949138
0.72,0.8,0.085340539
0.73,0.8,0.085718196
0.74,0.8,0.086082533
0.75,0.8,0.086433967
0.76,0.8,0.086772905
0.77,0.8,0.087099745
0.78,0.8,0.087414875
0.79,0.8,0.087718675
0.8,0.8,0.088011515
0.81,0.8,0.088293756
0.82,0.8,0.088565749
0.83,0.8,0.088827837
0.84,0.8,0.089080352
0.85,0.8,0.089323618
0.86,0.8,0.08955795
0.87,0.8,0.089783655
0.88,0.8,0.090001029
0.89,0.8,0.09021036
0.9,0.8,0.090411929
0.91,0.8,0.090606007
0.92,0.8,0.090792857
0.93,0.8,0.090972734
0.94,0.8,0.091145886
0.95,0.8,0.091312552
0.96,0.8,0.091472963
0.97,0.8,0.091627344
0.98,0.8,0.091775912
0.99,0.8,0.091918877
1,0.8,0.092056442
-1,0.81,-0.083349548
-0.99,0.81,-0.083224994
-0.98,0.81,-0.083095551
-0.97,0.81,-0.082961035
-0.96,0.81,-0.082821255
-0.95,0.81,-0.082676016
-0.94,0.81,-0.082525114
-0.93,0.81,-0.082368339
-0.92,0.81,-0.082205475
-0.91,0.81,-0.082036298
-0.9,0.81,-0.081860576
-0.89,0.81,-0.081678072
-0.88,0.81,-0.081488539
-0.87,0.81,-0.081291725
-0.86,0.81,-0.081087368
-0.85,0.81,-0.0808752
-0.84,0.81,-0.080654942
-0.83,0.81,-0.080426311
-0.82,0.81,-0.080189012
-0.81,0.81,-0.079942744
-0.8,0.81,-0.079687199
-0.79,0.81,-0.079422056
-0.78,0.81,-0.07914699
-0.77,0.81,-0.078861665
-0.76,0.81,-0.078565739
-0.75,0.81,-0.078258858
-0.74,0.81,-0.077940663
-0.73,0.81,-0.077610786
-0.72,0.81,-0.077268849
-0.71,0.81,-0.076914468
-0.7,0.81,-0.076547249
-0.69,0.81,-0.076166794
-0.68,0.81,-0.075772693
-0.67,0.81,-0.075364532
-0.66,0.81,-0.07494189
-0.65,0.81,-0.074504337
-0.64,0.81,-0.07405144
-0.63,0.81,-0.073582759
-0.62,0.81,-0.073097848
-0.61,0.81,-0.072596259
-0.6,0.81,-0.072077538
-0.59,0.81,-0.071541229
-0.58,0.81,-0.070986872
-0.57,0.81,-0.070414009
-0.56,0.81,-0.069822177
-0.55,0.81,-0.069210916
-0.54,0.81,-0.068579766
-0.53,0.81,-0.067928272
-0.52,0.81,-0.067255979
-0.51,0.81,-0.06656244
-0.5,0.81,-0.065847212
-0.49,0.81,-0.065109862
-0.48,0.81,-0.064349964
-0.47,0.81,-0.063567105
-0.46,0.81,-0.062760882
-0.45,0.81,-0.061930908
-0.44,0.81,-0.061076812
-0.43,0.81,-0.060198238
-0.42,0.81,-0.059294855
-0.41,0.81,-0.058366348
-0.4,0.81,-0.057412428
-0.39,0.81,-0.056432834
-0.38,0.81,-0.05542733
-0.37,0.81,-0.05439571
-0.36,0.81,-0.053337801
-0.35,0.81,-0.052253464
-0.34,0.81,-0.051142597
-0.33,0.81,-0.050005135
-0.32,0.81,-0.048841053
-0.31,0.81,-0.047650371
-0.3,0.81,-0.046433151
-0.29,0.81,-0.045189503
-0.28,0.81,-0.043919583
-0.27,0.81,-0.042623598
-0.26,0.81,-0.041301806
-0.25,0.81,-0.039954517
-0.24,0.81,-0.038582094
-0.23,0.81,-0.037184957
-0.22,0.81,-0.03576358
-0.21,0.81,-0.034318491
-0.2,0.81,-0.032850278
-0.19,0.81,-0.031359583
-0.18,0.81,-0.029847106
-0.17,0.81,-0.028313602
-0.16,0.81,-0.02675988
-0.15,0.81,-0.025186805
-0.14,0.81,-0.023595295
-0.13,0.81,-0.021986319
-0.12,0.81,-0.020360895
-0.11,0.81,-0.018720089
-0.1,0.81,-0.017065014
-0.09,0.81,-0.015396821
-0.08,0.81,-0.013716704
-0.07,0.81,-0.012025893
-0.06,0.81,-0.01032565
-0.05,0.81,-0.0086172662
-0.04,0.81,-0.0069020589
-0.03,0.81,-0.0051813666
-0.02,0.81,-0.0034565452
-0.01,0.81,-0.0017289637
0,0.81,0
0.01,0.81,0.0017289637
0.02,0.81,0.0034565452
0.03,0.81,0.0051813666
0.04,0.81,0.0069020589
0.05,0.81,0.0086172662
0.06,0.81,0.01032565
0.07,0.81,0.012025893
0.08,0.81,0.013716704
0.09,0.81,0.015396821
0.1,0.81,0.017065014
0.11,0.81,0.018720089
0.12,0.81,0.020360895
0.13,0.81,0.021986319
0.14,0.81,0.023595295
0.15,0.81,0.025186805
0.16,0.81,0.02675988
0.17,0.81,0.028313602
0.18,0.81,0.029847106
0.19,0.81,0.031359583
0.2,0.81,0.032850278
0.21,0.81,0.034318491
0.22,0.81,0.03576358
0.23,0.81,0.037184957
0.24,0.81,0.038582094
0.25,0.81,0.039954517
0.26,0.81,0.041301806
0.27,0.81,0.042623598
0.28,0.81,0.043919583
0.29,0.81,0.045189503
0.3,0.81,0.046433151
0.31,0.81,0.047650371
0.32,0.81,0.048841053
0.33,0.81,0.050005135
0.34,0.81,0.051142597
0.35,0.81,0.052253464
0.36,0.81,0.053337801
0.37,0.81,0.05439571
0.38,0.81,0.05542733
0.39,0.81,0.056432834
0.4,0.81,0.057412428
0.41,0.81,0.058366348
0.42,0.81,0.059294855
0.43,0.81,0.060198238
0.44,0.81,0.061076812
0.45,0.81,0.061930908
0.46,0.81,0.062760882
0.47,0.81,0.063567105
0.48,0.81,0.064349964
0.49,0.81,0.065109862
0.5,0.81,0.065847212
0.51,0.81,0.06656244
0.52,0.81,0.067255979
0.53,0.81,0.067928272
0.54,0.81,0.068579766
0.55,0.81,0.069210916
0.56,0.81,0.069822177
0.57,0.81,0.070414009
0.58,0.81,0.070986872
0.59,0.81,0.071541229
0.6,0.81,0.072077538
0.61,0.81,0.072596259
0.62,0.81,0.073097848
0.63,0.81,0.073582759
0.64,0.81,0.07405144
0.65,0.81,0.074504337
0.66,0.81,0.07494189
0.67,0.81,0.075364532
0.68,0.81,0.075772693
0.69,0.81,0.076166794
0.7,0.81,0.076547249
0.71,0.81,0.076914468
0.72,0.81,0.077268849
0.73,0.81,0.077610786
0.74,0.81,0.077940663
0.75,0.81,0.078258858
0.76,0.81,0.078565739
0.77,0.81,0.078861665
0.78,0.81,0.07914699
0.79,0.81,0.079422056
0.8,0.81,0.079687199
0.81,0.81,0.079942744
0.82,0.81,0.080189012
0.83,0.81,0.080426311
0.84,0.81,0.080654942
0.85,0.81,0.0808752
0.86,0.81,0.081087368
0.87,0.81,0.081291725
0.88,0.81,0.081488539
0.89,0.81,0.081678072
0.9,0.81,0.081860576
0.91,0.81,0.082036298
0.92,0.81,0.082205475
0.93,0.81,0.082368339
0.94,0.81,0.082525114
0.95,0.81,0.082676016
0.96,0.81,0.082821255
0.97,0.81,0.082961035
0.98,0.81,0.083095551
0.99,0.81,0.083224994
1,0.81,0.083349548
-1,0.82,-0.075036087
-0.99,0.82,-0.074923956
-0.98,0.82,-0.074807424
-0.97,0.82,-0.074686325
-0.96,0.82,-0.074560487
-0.95,0.82,-0.074429734
-0.94,0.82,-0.074293884
-0.93,0.82,-0.074152746
-0.92,0.82,-0.074006126
-0.91,0.82,-0.073853823
-0.9,0.82,-0.073695628
-0.89,0.82,-0.073531327
-0.88,0.82,-0.073360699
-0.87,0.82,-0.073183516
-0.86,0.82,-0.072999542
-0.85,0.82,-0.072808535
-0.84,0.82,-0.072610247
-0.83,0.82,-0.072404419
-0.82,0.82,-0.072190789
-0.81,0.82,-0.071969085
-0.8,0.82,-0.071739028
-0.79,0.82,-0.071500331
-0.78,0.82,-0.071252701
-0.77,0.82,-0.070995835
-0.76,0.82,-0.070729425
-0.75,0.82,-0.070453153
-0.74,0.82,-0.070166696
-0.73,0.82,-0.069869721
-0.72,0.82,-0.06956189
-0.71,0.82,-0.069242855
-0.7,0.82,-0.068912264
-0.69,0.82,-0.068569756
-0.68,0.82,-0.068214963
-0.67,0.82,-0.067847514
-0.66,0.82,-0.067467026
-0.65,0.82,-0.067073116
-0.64,0.82,-0.066665392
-0.63,0.82,-0.066243458
-0.62,0.82,-0.065806913
-0.61,0.82,-0.065355354
-0.6,0.82,-0.064888371
-0.59,0.82,-0.064405554
-0.58,0.82,-0.063906491
-0.57,0.82,-0.063390766
-0.56,0.82,-0.062857964
-0.55,0.82,-0.062307672
-0.54,0.82,-0.061739474
-0.53,0.82,-0.061152961
-0.52,0.82,-0.060547725
-0.51,0.82,-0.05992336
-0.5,0.82,-0.059279471
-0.49,0.82,-0.058615666
-0.48,0.82,-0.057931562
-0.47,0.82,-0.057226787
-0.46,0.82,-0.056500978
-0.45,0.82,-0.055753788
-0.44,0.82,-0.054984881
-0.43,0.82,-0.054193938
-0.42,0.82,-0.05338066
-0.41,0.82,-0.052544764
-0.4,0.82,-0.051685991
-0.39,0.82,-0.050804103
-0.38,0.82,-0.04989889
-0.37,0.82,-0.048970166
-0.36,0.82,-0.048017775
-0.35,0.82,-0.047041593
-0.34,0.82,-0.046041526
-0.33,0.82,-0.045017516
-0.32,0.82,-0.043969543
-0.31,0.82,-0.042897622
-0.3,0.82,-0.04180181
-0.29,0.82,-0.040682206
-0.28,0.82,-0.03953895
-0.27,0.82,-0.03837223
-0.26,0.82,-0.037182276
-0.25,0.82,-0.035969368
-0.24,0.82,-0.034733834
-0.23,0.82,-0.033476051
-0.22,0.82,-0.032196444
-0.21,0.82,-0.030895492
-0.2,0.82,-0.029573722
-0.19,0.82,-0.028231712
-0.18,0.82,-0.026870092
-0.17,0.82,-0.025489543
-0.16,0.82,-0.024090792
-0.15,0.82,-0.022674619
-0.14,0.82,-0.02124185
-0.13,0.82,-0.019793357
-0.12,0.82,-0.018330056
-0.11,0.82,-0.016852908
-0.1,0.82,-0.015362913
-0.09,0.82,-0.013861109
-0.08,0.82,-0.012348571
-0.07,0.82,-0.010826405
-0.06,0.82,-0.0092957477
-0.05,0.82,-0.0077577617
-0.04,0.82,-0.0062136329
-0.03,0.82,-0.0046645661
-0.02,0.82,-0.003111782
-0.01,0.82,-0.0015565132
0,0.82,0
0.01,0.82,0.0015565132
0.02,0.82,0.003111782
0.03,0.82,0.0046645661
0.04,0.82,0.0062136329
0.05,0.82,0.0077577617
0.06,0.82,0.0092957477
0.07,0.82,0.010826405
0.08,0.82,0.012348571
0.09,0.82,0.013861109
0.1,0.82,0.015362913
0.11,0.82,0.016852908
0.12,0.82,0.018330056
0.13,0.82,0.019793357
0.14,0.82,0.02124185
0.15,0.82,0.022674619
0.16,0.82,0.024090792
0.17,0.82,0.025489543
0.18,0.82,0.026870092
0.19,0.82,0.028231712
0.2,0.82,0.029573722
0.21,0.82,0.030895492
0.22,0.82,0.032196444
0.23,0.82,0.033476051
0.24,0.82,0.034733834
0.25,0.82,0.035969368
0.26,0.82,0.037182276
0.27,0.82,0.03837223
0.28,0.82,0.03953895
0.29,0.82,0.040682206
0.3,0.82,0.04180181
0.31,0.82,0.042897622
0.32,0.82,0.043969543
0.33,0.82,0.045017516
0.34,0.82,0.046041526
0.35,0.82,0.047041593
0.36,0.82,0.048017775
0.37,0.82,0.048970166
0.38,0.82,0.04989889
0.39,0.82,0.050804103
0.4,0.82,0.051685991
0.41,0.82,0.052544764
0.42,0.82,0.05338066
0.43,0.82,0.054193938
0.44,0.82,0.054984881
0.45,0.82,0.055753788
0.46,0.82,0.056500978
0.47,0.82,0.057226787
0.48,0.82,0.057931562
0.49,0.82,0.058615666
0.5,0.82,0.059279471
0.51,0.82,0.05992336
0.52,0.82,0.060547725
0.53,0.82,0.061152961
0.54,0.82,0.061739474
0.55,0.82,0.062307672
0.56,0.82,0.062857964
0.57,0.82,0.063390766
0.58,0.82,0.063906491
0.59,0.82,0.064405554
0.6,0.82,0.064888371
0.61,0.82,0.065355354
0.62,0.82,0.065806913
0.63,0.82,0.066243458
0.64,0.82,0.066665392
0.65,0.82,0.067073116
0.66,0.82,0.067467026
0.67,0.82,0.067847514
0.68,0.82,0.068214963
0.69,0.82,0.068569756
0.7,0.82,0.068912264
0.71,0.82,0.069242855
0.72,0.82,0.06956189
0.73,0.82,0.069869721
0.74,0.82,0.070166696
0.75,0.82,0.070453153
0.76,0.82,0.070729425
0.77,0.82,0.070995835
0.78,0.82,0.071252701
0.79,0.82,0.071500331
0.8,0.82,0.071739028
0.81,0.82,0.071969085
0.82,0.82,0.072190789
0.83,0.82,0.072404419
0.84,0.82,0.072610247
0.85,0.82,0.072808535
0.86,0.82,0.072999542
0.87,0.82,0.073183516
0.88,0.82,0.073360699
0.89,0.82,0.073531327
0.9,0.82,0.073695628
0.91,0.82,0.073853823
0.92,0.82,0.074006126
0.93,0.82,0.074152746
0.94,0.82,0.074293884
0.95,0.82,0.074429734
0.96,0.82,0.074560487
0.97,0.82,0.074686325
0.98,0.82,0.074807424
0.99,0.82,0.074923956
1,0.82,0.075036087
-1,0.83,-0.067124263
-0.99,0.83,-0.067023956
-0.98,0.83,-0.066919711
-0.97,0.83,-0.06681138
-0.96,0.83,-0.066698811
-0.95,0.83,-0.066581845
-0.94,0.83,-0.066460318
-0.93,0.83,-0.066334062
-0.92,0.83,-0.066202902
-0.91,0.83,-0.066066658
-0.9,0.83,-0.065925143
-0.89,0.83,-0.065778166
-0.88,0.83,-0.065625529
-0.87,0.83,-0.065467028
-0.86,0.83,-0.065302452
-0.85,0.83,-0.065131586
-0.84,0.83,-0.064954205
-0.83,0.83,-0.06477008
-0.82,0.83,-0.064578975
-0.81,0.83,-0.064380647
-0.8,0.83,-0.064174847
-0.79,0.83,-0.063961319
-0.78,0.83,-0.063739799
-0.77,0.83,-0.063510017
-0.76,0.83,-0.063271697
-0.75,0.83,-0.063024556
-0.74,0.83,-0.062768302
-0.73,0.83,-0.062502641
-0.72,0.83,-0.062227267
-0.71,0.83,-0.061941871
-0.7,0.83,-0.061646138
-0.69,0.83,-0.061339744
-0.68,0.83,-0.061022361
-0.67,0.83,-0.060693655
-0.66,0.83,-0.060353286
-0.65,0.83,-0.06000091
-0.64,0.83,-0.059636177
-0.63,0.83,-0.059258731
-0.62,0.83,-0.058868216
-0.61,0.83,-0.058464269
-0.6,0.83,-0.058046525
-0.59,0.83,-0.057614617
-0.58,0.83,-0.057168175
-0.57,0.83,-0.056706828
-0.56,0.83,-0.056230205
-0.55,0.83,-0.055737936
-0.54,0.83,-0.055229649
-0.53,0.83,-0.054704978
-0.52,0.83,-0.054163558
-0.51,0.83,-0.053605027
-0.5,0.83,-0.053029029
-0.49,0.83,-0.052435216
-0.48,0.83,-0.051823244
-0.47,0.83,-0.05119278
-0.46,0.83,-0.050543501
-0.45,0.83,-0.049875095
-0.44,0.83,-0.049187261
-0.43,0.83,-0.048479716
-0.42,0.83,-0.04775219
-0.41,0.83,-0.047004431
-0.4,0.83,-0.046236207
-0.39,0.83,-0.045447306
-0.38,0.83,-0.044637539
-0.37,0.83,-0.04380674
-0.36,0.83,-0.04295477
-0.35,0.83,-0.042081516
-0.34,0.83,-0.041186896
-0.33,0.83,-0.040270858
-0.32,0.83,-0.039333383
-0.31,0.83,-0.038374486
-0.3,0.83,-0.037394217
-0.29,0.83,-0.036392664
-0.28,0.83,-0.035369954
-0.27,0.83,-0.034326252
-0.26,0.83,-0.033261768
-0.25,0.83,-0.032176749
-0.24,0.83,-0.03107149
-0.23,0.83,-0.029946328
-0.22,0.83,-0.028801643
-0.21,0.83,-0.027637864
-0.2,0.83,-0.026455461
-0.19,0.83,-0.025254953
-0.18,0.83,-0.024036903
-0.17,0.83,-0.022801919
-0.16,0.83,-0.021550653
-0.15,0.83,-0.020283802
-0.14,0.83,-0.019002104
-0.13,0.83,-0.01770634
-0.12,0.83,-0.01639733
-0.11,0.83,-0.015075933
-0.1,0.83,-0.013743044
-0.09,0.83,-0.01239959
-0.08,0.83,-0.011046535
-0.07,0.83,-0.0096848662
-0.06,0.83,-0.0083156018
-0.05,0.83,-0.0069397815
-0.04,0.83,-0.0055584659
-0.03,0.83,-0.0041727331
-0.02,0.83,-0.002783675
-0.01,0.83,-0.0013923941
0,0.83,0
0.01,0.83,0.0013923941
0.02,0.83,0.002783675
0.03,0.83,0.0041727331
0.04,0.83,0.0055584659
0.05,0.83,0.0069397815
0.06,0.83,0.0083156018
0.07,0.83,0.0096848662
0.08,0.83,0.011046535
0.09,0.83,0.01239959
0.1,0.83,0.013743044
0.11,0.83,0.015075933
0.12,0.83,0.01639733
0.13,0.83,0.01770634
0.14,0.83,0.019002104
0.15,0.83,0.020283802
0.16,0.83,0.021550653
0.17,0.83,0.022801919
0.18,0.83,0.024036903
0.19,0.83,0.025254953
0.2,0.83,0.026455461
0.21,0.83,0.027637864
0.22,0.83,0.028801643
0.23,0.83,0.029946328
0.24,0.83,0.03107149
0.25,0.83,0.032176749
0.26,0.83,0.033261768
0.27,0.83,0.034326252
0.28,0.83,0.035369954
0.29,0.83,0.036392664
0.3,0.83,0.037394217
0.31,0.83,0.038374486
0.32,0.83,0.039333383
0.33,0.83,0.040270858
0.34,0.83,0.041186896
0.35,0.83,0.042081516
0.36,0.83,0.04295477
0.37,0.83,0.04380674
0.38,0.83,0.044637539
0.39,0.83,0.045447306
0.4,0.83,0.046236207
0.41,0.83,0.047004431
0.42,0.83,0.04775219
0.43,0.83,0.048479716
0.44,0.83,0.049187261
0.45,0.83,0.049875095
0.46,0.83,0.050543501
0.47,0.83,0.05119278
0.48,0.83,0.051823244
0.49,0.83,0.052435216
0.5,0.83,0.053029029
0.51,0.83,0.053605027
0.52,0.83,0.054163558
0.53,0.83,0.054704978
0.54,0.83,0.055229649
0.55,0.83,0.055737936
0.56,0.83,0.056230205
0.57,0.83,0.056706828
0.58,0.83,0.057168175
0.59,0.83,0.057614617
0.6,0.83,0.058046525
0.61,0.83,0.058464269
0.62,0.83,0.058868216
0.63,0.83,0.059258731
0.64,0.83,0.059636177
0.65,0.83,0.06000091
0.66,0.83,0.060353286
0.67,0.83,0.060693655
0.68,0.83,0.061022361
0.69,0.83,0.061339744
0.7,0.83,0.061646138
0.71,0.83,0.061941871
0.72,0.83,0.062227267
0.73,0.83,0.062502641
0.74,0.83,0.062768302
0.75,0.83,0.063024556
0.76,0.83,0.063271697
0.77,0.83,0.063510017
0.78,0.83,0.063739799
0.79,0.83,0.063961319
0.8,0.83,0.064174847
0.81,0.83,0.064380647
0.82,0.83,0.064578975
0.83,0.83,0.06477008
0.84,0.83,0.064954205
0.85,0.83,0.065131586
0.86,0.83,0.065302452
0.87,0.83,0.065467028
0.88,0.83,0.065625529
0.89,0.83,0.065778166
0.9,0.83,0.065925143
0.91,0.83,0.066066658
0.92,0.83,0.066202902
0.93,0.83,0.066334062
0.94,0.83,0.066460318
0.95,0.83,0.066581845
0.96,0.83,0.066698811
0.97,0.83,0.06681138
0.98,0.83,0.066919711
0.99,0.83,0.067023956
1,0.83,0.067124263
-1,0.84,-0.059621886
-0.99,0.84,-0.05953279
-0.98,0.84,-0.059440196
-0.97,0.84,-0.059343973
-0.96,0.84,-0.059243986
-0.95,0.84,-0.059140093
-0.94,0.84,-0.059032149
-0.93,0.84,-0.058920005
-0.92,0.84,-0.058803504
-0.91,0.84,-0.058682487
-0.9,0.84,-0.05855679
-0.89,0.84,-0.05842624
-0.88,0.84,-0.058290663
-0.87,0.84,-0.058149877
-0.86,0.84,-0.058003696
-0.85,0.84,-0.057851927
-0.84,0.84,-0.057694371
-0.83,0.84,-0.057530826
-0.82,0.84,-0.057361081
-0.81,0.84,-0.05718492
-0.8,0.84,-0.057002122
-0.79,0.84,-0.056812459
-0.78,0.84,-0.056615698
-0.77,0.84,-0.056411598
-0.76,0.84,-0.056199915
-0.75,0.84,-0.055980396
-0.74,0.84,-0.055752784
-0.73,0.84,-0.055516815
-0.72,0.84,-0.055272219
-0.71,0.84,-0.055018722
-0.7,0.84,-0.054756042
-0.69,0.84,-0.054483894
-0.68,0.84,-0.054201984
-0.67,0.84,-0.053910017
-0.66,0.84,-0.053607691
-0.65,0.84,-0.053294699
-0.64,0.84,-0.052970731
-0.63,0.84,-0.052635473
-0.62,0.84,-0.052288605
-0.61,0.84,-0.051929806
-0.6,0.84,-0.051558753
-0.59,0.84,-0.051175118
-0.58,0.84,-0.050778574
-0.57,0.84,-0.050368792
-0.56,0.84,-0.04994544
-0.55,0.84,-0.049508191
-0.54,0.84,-0.049056715
-0.53,0.84,-0.048590686
-0.52,0.84,-0.048109779
-0.51,0.84,-0.047613674
-0.5,0.84,-0.047102055
-0.49,0.84,-0.046574611
-0.48,0.84,-0.046031038
-0.47,0.84,-0.045471041
-0.46,0.84,-0.044894331
-0.45,0.84,-0.044300631
-0.44,0.84,-0.043689676
-0.43,0.84,-0.043061212
-0.42,0.84,-0.042415
-0.41,0.84,-0.041750817
-0.4,0.84,-0.041068456
-0.39,0.84,-0.04036773
-0.38,0.84,-0.039648469
-0.37,0.84,-0.038910527
-0.36,0.84,-0.03815378
-0.35,0.84,-0.037378128
-0.34,0.84,-0.036583499
-0.33,0.84,-0.035769845
-0.32,0.84,-0.034937151
-0.31,0.84,-0.034085428
-0.3,0.84,-0.033214722
-0.29,0.84,-0.032325111
-0.28,0.84,-0.031416708
-0.27,0.84,-0.030489659
-0.26,0.84,-0.02954415
-0.25,0.84,-0.028580403
-0.24,0.84,-0.027598677
-0.23,0.84,-0.026599272
-0.22,0.84,-0.025582527
-0.21,0.84,-0.024548821
-0.2,0.84,-0.023498574
-0.19,0.84,-0.022432245
-0.18,0.84,-0.021350335
-0.17,0.84,-0.020253383
-0.16,0.84,-0.019141969
-0.15,0.84,-0.018016712
-0.14,0.84,-0.016878268
-0.13,0.84,-0.015727329
-0.12,0.84,-0.014564626
-0.11,0.84,-0.013390919
-0.1,0.84,-0.012207004
-0.09,0.84,-0.011013707
-0.08,0.84,-0.0098118801
-0.07,0.84,-0.0086024033
-0.06,0.84,-0.0073861795
-0.05,0.84,-0.0061641326
-0.04,0.84,-0.0049372046
-0.03,0.84,-0.003706353
-0.02,0.84,-0.0024725478
-0.01,0.84,-0.0012367683
0,0.84,0
0.01,0.84,0.0012367683
0.02,0.84,0.0024725478
0.03,0.84,0.003706353
0.04,0.84,0.0049372046
0.05,0.84,0.0061641326
0.06,0.84,0.0073861795
0.07,0.84,0.0086024033
0.08,0.84,0.0098118801
0.09,0.84,0.011013707
0.1,0.84,0.012207004
0.11,0.84,0.013390919
0.12,0.84,0.014564626
0.13,0.84,0.015727329
0.14,0.84,0.016878268
0.15,0.84,0.018016712
0.16,0.84,0.019141969
0.17,0.84,0.020253383
0.18,0.84,0.021350335
0.19,0.84,0.022432245
0.2,0.84,0.023498574
0.21,0.84,0.024548821
0.22,0.84,0.025582527
0.23,0.84,0.026599272
0.24,0.84,0.027598677
0.25,0.84,0.028580403
0.26,0.84,0.02954415
0.27,0.84,0.030489659
0.28,0.84,0.031416708
0.29,0.84,0.032325111
0.3,0.84,0.033214722
0.31,0.84,0.034085428
0.32,0.84,0.034937151
0.33,0.84,0.035769845
0.34,0.84,0.036583499
0.35,0.84,0.037378128
0.36,0.84,0.03815378
0.37,0.84,0.038910527
0.38,0.84,0.039648469
0.39,0.84,0.04036773
0.4,0.84,0.041068456
0.41,0.84,0.041750817
0.42,0.84,0.042415
0.43,0.84,0.043061212
0.44,0.84,0.043689676
0.45,0.84,0.044300631
0.46,0.84,0.044894331
0.47,0.84,0.045471041
0.48,0.84,0.046031038
0.49,0.84,0.046574611
0.5,0.84,0.047102055
0.51,0.84,0.047613674
0.52,0.84,0.048109779
0.53,0.84,0.048590686
0.54,0.84,0.049056715
0.55,0.84,0.049508191
0.56,0.84,0.04994544
0.57,0.84,0.050368792
0.58,0.84,0.050778574
0.59,0.84,0.051175118
0.6,0.84,0.051558753
0.61,0.84,0.051929806
0.62,0.84,0.052288605
0.63,0.84,0.052635473
0.64,0.84,0.052970731
0.65,0.84,0.053294699
0.66,0.84,0.053607691
0.67,0.84,0.053910017
0.68,0.84,0.054201984
0.69,0.84,0.054483894
0.7,0.84,0.054756042
0.71,0.84,0.055018722
0.72,0.84,0.055272219
0.73,0.84,0.055516815
0.74,0.84,0.055752784
0.75,0.84,0.055980396
0.76,0.84,0.056199915
0.77,0.84,0.056411598
0.78,0.84,0.056615698
0.79,0.84,0.056812459
0.8,0.84,0.057002122
0.81,0.84,0.05718492
0.82,0.84,0.057361081
0.83,0.84,0.057530826
0.84,0.84,0.057694371
0.85,0.84,0.057851927
0.86,0.84,0.058003696
0.87,0.84,0.058149877
0.88,0.84,0.058290663
0.89,0.84,0.05842624
0.9,0.84,0.05855679
0.91,0.84,0.058682487
0.92,0.84,0.058803504
0.93,0.84,0.058920005
0.94,0.84,0.059032149
0.95,0.84,0.059140093
0.96,0.84,0.059243986
0.97,0.84,0.059343973
0.98,0.84,0.059440196
0.99,0.84,0.05953279
1,0.84,0.059621886
-1,0.85,-0.052536358
-0.99,0.85,-0.05245785
-0.98,0.85,-0.052376261
-0.97,0.85,-0.052291473
-0.96,0.85,-0.052203368
-0.95,0.85,-0.052111822
-0.94,0.85,-0.052016707
-0.93,0.85,-0.051917889
-0.92,0.85,-0.051815234
-0.91,0.85,-0.051708599
-0.9,0.85,-0.051597839
-0.89,0.85,-0.051482804
-0.88,0.85,-0.051363339
-0.87,0.85,-0.051239285
-0.86,0.85,-0.051110476
-0.85,0.85,-0.050976743
-0.84,0.85,-0.050837912
-0.83,0.85,-0.050693802
-0.82,0.85,-0.050544229
-0.81,0.85,-0.050389004
-0.8,0.85,-0.05022793
-0.79,0.85,-0.050060807
-0.78,0.85,-0.049887429
-0.77,0.85,-0.049707585
-0.76,0.85,-0.049521058
-0.75,0.85,-0.049327627
-0.74,0.85,-0.049127065
-0.73,0.85,-0.048919138
-0.72,0.85,-0.048703611
-0.71,0.85,-0.048480239
-0.7,0.85,-0.048248777
-0.69,0.85,-0.04800897
-0.68,0.85,-0.047760563
-0.67,0.85,-0.047503294
-0.66,0.85,-0.047236897
-0.65,0.85,-0.046961101
-0.64,0.85,-0.046675634
-0.63,0.85,-0.046380218
-0.62,0.85,-0.046074572
-0.61,0.85,-0.045758414
-0.6,0.85,-0.045431457
-0.59,0.85,-0.045093414
-0.58,0.85,-0.044743995
-0.57,0.85,-0.044382911
-0.56,0.85,-0.044009872
-0.55,0.85,-0.043624585
-0.54,0.85,-0.043226763
-0.53,0.85,-0.042816117
-0.52,0.85,-0.042392362
-0.51,0.85,-0.041955215
-0.5,0.85,-0.041504397
-0.49,0.85,-0.041039635
-0.48,0.85,-0.040560661
-0.47,0.85,-0.040067214
-0.46,0.85,-0.039559041
-0.45,0.85,-0.039035897
-0.44,0.85,-0.038497549
-0.43,0.85,-0.037943772
-0.42,0.85,-0.037374357
-0.41,0.85,-0.036789106
-0.4,0.85,-0.036187838
-0.39,0.85,-0.035570386
-0.38,0.85,-0.034936603
-0.37,0.85,-0.034286359
-0.36,0.85,-0.033619545
-0.35,0.85,-0.032936072
-0.34,0.85,-0.032235877
-0.33,0.85,-0.031518919
-0.32,0.85,-0.030785183
-0.31,0.85,-0.03003468
-0.3,0.85,-0.029267449
-0.29,0.85,-0.028483561
-0.28,0.85,-0.027683113
-0.27,0.85,-0.026866236
-0.26,0.85,-0.026033092
-0.25,0.85,-0.025183878
-0.24,0.85,-0.024318821
-0.23,0.85,-0.023438187
-0.22,0.85,-0.022542273
-0.21,0.85,-0.021631414
-0.2,0.85,-0.020705979
-0.19,0.85,-0.019766374
-0.18,0.85,-0.018813039
-0.17,0.85,-0.01784645
-0.16,0.85,-0.016867118
-0.15,0.85,-0.015875587
-0.14,0.85,-0.014872437
-0.13,0.85,-0.013858277
-0.12,0.85,-0.01283375
-0.11,0.85,-0.011799528
-0.1,0.85,-0.010756311
-0.09,0.85,-0.0097048264
-0.08,0.85,-0.008645826
-0.07,0.85,-0.0075800847
-0.06,0.85,-0.0065083982
-0.05,0.85,-0.0054315806
-0.04,0.85,-0.004350462
-0.03,0.85,-0.0032658862
-0.02,0.85,-0.0021787077
-0.01,0.85,-0.0010897895
0,0.85,0
0.01,0.85,0.0010897895
0.02,0.85,0.0021787077
0.03,0.85,0.0032658862
0.04,0.85,0.004350462
0.05,0.85,0.0054315806
0.06,0.85,0.0065083982
0.07,0.85,0.0075800847
0.08,0.85,0.008645826
0.09,0.85,0.0097048264
0.1,0.85,0.010756311
0.11,0.85,0.011799528
0.12,0.85,0.01283375
0.13,0.85,0.013858277
0.14,0.85,0.014872437
0.15,0.85,0.015875587
0.16,0.85,0.016867118
0.17,0.85,0.01784645
0.18,0.85,0.018813039
0.19,0.85,0.019766374
0.2,0.85,0.020705979
0.21,0.85,0.021631414
0.22,0.85,0.022542273
0.23,0.85,0.023438187
0.24,0.85,0.024318821
0.25,0.85,0.025183878
0.26,0.85,0.026033092
0.27,0.85,0.026866236
0.28,0.85,0.027683113
0.29,0.85,0.028483561
0.3,0.85,0.029267449
0.31,0.85,0.03003468
0.32,0.85,0.030785183
0.33,0.85,0.031518919
0.34,0.85,0.032235877
0.35,0.85,0.032936072
0.36,0.85,0.033619545
0.37,0.85,0.034286359
0.38,0.85,0.034936603
0.39,0.85,0.035570386
0.4,0.85,0.036187838
0.41,0.85,0.036789106
0.42,0.85,0.037374357
0.43,0.85,0.037943772
0.44,0.85,0.038497549
0.45,0.85,0.039035897
0.46,0.85,0.039559041
0.47,0.85,0.040067214
0.48,0.85,0.040560661
0.49,0.85,0.041039635
0.5,0.85,0.041504397
0.51,0.85,0.041955215
0.52,0.85,0.042392362
0.53,0.85,0.042816117
0.54,0.85,0.043226763
0.55,0.85,0.043624585
0.56,0.85,0.044009872
0.57,0.85,0.044382911
0.58,0.85,0.044743995
0.59,0.85,0.045093414
0.6,0.85,0.045431457
0.61,0.85,0.045758414
0.62,0.85,0.046074572
0.63,0.85,0.046380218
0.64,0.85,0.046675634
0.65,0.85,0.046961101
0.66,0.85,0.047236897
0.67,0.85,0.047503294
0.68,0.85,0.047760563
0.69,0.85,0.04800897
0.7,0.85,0.048248777
0.71,0.85,0.048480239
0.72,0.85,0.048703611
0.73,0.85,0.048919138
0.74,0.85,0.049127065
0.75,0.85,0.049327627
0.76,0.85,0.049521058
0.77,0.85,0.049707585
0.78,0.85,0.049887429
0.79,0.85,0.050060807
0.8,0.85,0.05022793
0.81,0.85,0.050389004
0.82,0.85,0.050544229
0.83,0.85,0.050693802
0.84,0.85,0.050837912
0.85,0.85,0.050976743
0.86,0.85,0.051110476
0.87,0.85,0.051239285
0.88,0.85,0.051363339
0.89,0.85,0.051482804
0.9,0.85,0.051597839
0.91,0.85,0.051708599
0.92,0.85,0.051815234
0.93,0.85,0.051917889
0.94,0.85,0.052016707
0.95,0.85,0.052111822
0.96,0.85,0.052203368
0.97,0.85,0.052291473
0.98,0.85,0.052376261
0.99,0.85,0.05245785
1,0.85,0.052536358
-1,0.86,-0.045874673
-0.99,0.86,-0.04580612
-0.98,0.86,-0.045734876
-0.97,0.86,-0.04566084
-0.96,0.86,-0.045583907
-0.95,0.86,-0.045503969
-0.94,0.86,-0.045420914
-0.93,0.86,-0.045334627
-0.92,0.86,-0.045244988
-0.91,0.86,-0.045151875
-0.9,0.86,-0.045055159
-0.89,0.86,-0.044954711
-0.88,0.86,-0.044850395
-0.87,0.86,-0.04474207
-0.86,0.86,-0.044629595
-0.85,0.86,-0.044512819
-0.84,0.86,-0.044391592
-0.83,0.86,-0.044265756
-0.82,0.86,-0.044135149
-0.81,0.86,-0.043999606
-0.8,0.86,-0.043858956
-0.79,0.86,-0.043713025
-0.78,0.86,-0.043561632
-0.77,0.86,-0.043404592
-0.76,0.86,-0.043241717
-0.75,0.86,-0.043072814
-0.74,0.86,-0.042897683
-0.73,0.86,-0.042716122
-0.72,0.86,-0.042527923
-0.71,0.86,-0.042332876
-0.7,0.86,-0.042130763
-0.69,0.86,-0.041921364
-0.68,0.86,-0.041704456
-0.67,0.86,-0.041479809
-0.66,0.86,-0.041247191
-0.65,0.86,-0.041006367
-0.64,0.86,-0.040757097
-0.63,0.86,-0.04049914
-0.62,0.86,-0.040232251
-0.61,0.86,-0.039956181
-0.6,0.86,-0.039670683
-0.59,0.86,-0.039375504
-0.58,0.86,-0.039070393
-0.57,0.86,-0.038755095
-0.56,0.86,-0.038429357
-0.55,0.86,-0.038092926
-0.54,0.86,-0.037745548
-0.53,0.86,-0.037386973
-0.52,0.86,-0.03701695
-0.51,0.86,-0.036635234
-0.5,0.86,-0.03624158
-0.49,0.86,-0.035835751
-0.48,0.86,-0.035417512
-0.47,0.86,-0.034986634
-0.46,0.86,-0.034542898
-0.45,0.86,-0.03408609
-0.44,0.86,-0.033616004
-0.43,0.86,-0.033132447
-0.42,0.86,-0.032635235
-0.41,0.86,-0.032124195
-0.4,0.86,-0.031599168
-0.39,0.86,-0.031060011
-0.38,0.86,-0.030506592
-0.37,0.86,-0.0299388
-0.36,0.86,-0.029356538
-0.35,0.86,-0.028759731
-0.34,0.86,-0.028148322
-0.33,0.86,-0.027522275
-0.32,0.86,-0.026881578
-0.31,0.86,-0.026226239
-0.3,0.86,-0.025556295
-0.29,0.86,-0.024871805
-0.28,0.86,-0.024172855
-0.27,0.86,-0.023459559
-0.26,0.86,-0.022732059
-0.25,0.86,-0.021990526
-0.24,0.86,-0.02123516
-0.23,0.86,-0.020466191
-0.22,0.86,-0.01968388
-0.21,0.86,-0.01888852
-0.2,0.86,-0.018080431
-0.19,0.86,-0.017259969
-0.18,0.86,-0.016427519
-0.17,0.86,-0.015583494
-0.16,0.86,-0.014728343
-0.15,0.86,-0.01386254
-0.14,0.86,-0.01298659
-0.13,0.86,-0.012101028
-0.12,0.86,-0.011206412
-0.11,0.86,-0.010303331
-0.1,0.86,-0.0093923955
-0.09,0.86,-0.0084742406
-0.08,0.86,-0.0075495229
-0.07,0.86,-0.0066189191
-0.06,0.86,-0.005683124
-0.05,0.86,-0.0047428484
-0.04,0.86,-0.0037988172
-0.03,0.86,-0.0028517671
-0.02,0.86,-0.0019024444
-0.01,0.86,-0.0009516026
0,0.86,0
0.01,0.86,0.0009516026
0.02,0.86,0.0019024444
0.03,0.86,0.0028517671
0.04,0.86,0.0037988172
0.05,0.86,0.0047428484
0.06,0.86,0.005683124
0.07,0.86,0.0066189191
0.08,0.86,0.0075495229
0.09,0.86,0.0084742406
0.1,0.86,0.0093923955
0.11,0.86,0.010303331
0.12,0.86,0.011206412
0.13,0.86,0.012101028
0.14,0.86,0.01298659
0.15,0.86,0.01386254
0.16,0.86,0.014728343
0.17,0.86,0.015583494
0.18,0.86,0.016427519
0.19,0.86,0.017259969
0.2,0.86,0.018080431
0.21,0.86,0.01888852
0.22,0.86,0.01968388
0.23,0.86,0.020466191
0.24,0.86,0.02123516
0.25,0.86,0.021990526
0.26,0.86,0.022732059
0.27,0.86,0.023459559
0.28,0.86,0.024172855
0.29,0.86,0.024871805
0.3,0.86,0.025556295
0.31,0.86,0.026226239
0.32,0.86,0.026881578
0.33,0.86,0.027522275
0.34,0.86,0.028148322
0.35,0.86,0.028759731
0.36,0.86,0.029356538
0.37,0.86,0.0299388
0.38,0.86,0.030506592
0.39,0.86,0.031060011
0.4,0.86,0.031599168
0.41,0.86,0.032124195
0.42,0.86,0.032635235
0.43,0.86,0.033132447
0.44,0.86,0.033616004
0.45,0.86,0.03408609
0.46,0.86,0.034542898
0.47,0.86,0.034986634
0.48,0.86,0.035417512
0.49,0.86,0.035835751
0.5,0.86,0.03624158
0.51,0.86,0.036635234
0.52,0.86,0.03701695
0.53,0.86,0.037386973
0.54,0.86,0.037745548
0.55,0.86,0.038092926
0.56,0.86,0.038429357
0.57,0.86,0.038755095
0.58,0.86,0.039070393
0.59,0.86,0.039375504
0.6,0.86,0.039670683
0.61,0.86,0.039956181
0.62,0.86,0.040232251
0.63,0.86,0.04049914
0.64,0.86,0.040757097
0.65,0.86,0.041006367
0.66,0.86,0.041247191
0.67,0.86,0.041479809
0.68,0.86,0.041704456
0.69,0.86,0.041921364
0.7,0.86,0.042130763
0.71,0.86,0.042332876
0.72,0.86,0.042527923
0.73,0.86,0.042716122
0.74,0.86,0.042897683
0.75,0.86,0.043072814
0.76,0.86,0.043241717
0.77,0.86,0.043404592
0.78,0.86,0.043561632
0.79,0.86,0.043713025
0.8,0.86,0.043858956
0.81,0.86,0.043999606
0.82,0.86,0.044135149
0.83,0.86,0.044265756
0.84,0.86,0.044391592
0.85,0.86,0.044512819
0.86,0.86,0.044629595
0.87,0.86,0.04474207
0.88,0.86,0.044850395
0.89,0.86,0.044954711
0.9,0.86,0.045055159
0.91,0.86,0.045151875
0.92,0.86,0.045244988
0.93,0.86,0.045334627
0.94,0.86,0.045420914
0.95,0.86,0.045503969
0.96,0.86,0.045583907
0.97,0.86,0.04566084
0.98,0.86,0.045734876
0.99,0.86,0.04580612
1,0.86,0.045874673
-1,0.87,-0.039643405
-0.99,0.87,-0.039584163
-0.98,0.87,-0.039522596
-0.97,0.87,-0.039458617
-0.96,0.87,-0.039392134
-0.95,0.87,-0.039323054
-0.94,0.87,-0.039251281
-0.93,0.87,-0.039176714
-0.92,0.87,-0.039099251
-0.91,0.87,-0.039018786
-0.9,0.87,-0.038935207
-0.89,0.87,-0.038848403
-0.88,0.87,-0.038758256
-0.87,0.87,-0.038664646
-0.86,0.87,-0.038567448
-0.85,0.87,-0.038466535
-0.84,0.87,-0.038361774
-0.83,0.87,-0.03825303
-0.82,0.87,-0.038140164
-0.81,0.87,-0.038023032
-0.8,0.87,-0.037901488
-0.79,0.87,-0.037775378
-0.78,0.87,-0.037644549
-0.77,0.87,-0.037508841
-0.76,0.87,-0.03736809
-0.75,0.87,-0.037222128
-0.74,0.87,-0.037070786
-0.73,0.87,-0.036913887
-0.72,0.87,-0.036751252
-0.71,0.87,-0.036582698
-0.7,0.87,-0.036408039
-0.69,0.87,-0.036227083
-0.68,0.87,-0.036039638
-0.67,0.87,-0.035845505
-0.66,0.87,-0.035644484
-0.65,0.87,-0.035436372
-0.64,0.87,-0.035220961
-0.63,0.87,-0.034998043
-0.62,0.87,-0.034767406
-0.61,0.87,-0.034528836
-0.6,0.87,-0.034282118
-0.59,0.87,-0.034027034
-0.58,0.87,-0.033763366
-0.57,0.87,-0.033490896
-0.56,0.87,-0.033209404
-0.55,0.87,-0.032918671
-0.54,0.87,-0.032618478
-0.53,0.87,-0.032308609
-0.52,0.87,-0.031988848
-0.51,0.87,-0.031658981
-0.5,0.87,-0.031318798
-0.49,0.87,-0.030968094
-0.48,0.87,-0.030606665
-0.47,0.87,-0.030234315
-0.46,0.87,-0.029850852
-0.45,0.87,-0.029456093
-0.44,0.87,-0.029049861
-0.43,0.87,-0.028631986
-0.42,0.87,-0.028202312
-0.41,0.87,-0.027760687
-0.4,0.87,-0.027306976
-0.39,0.87,-0.026841054
-0.38,0.87,-0.026362807
-0.37,0.87,-0.02587214
-0.36,0.87,-0.025368968
-0.35,0.87,-0.024853227
-0.34,0.87,-0.024324867
-0.33,0.87,-0.023783858
-0.32,0.87,-0.023230188
-0.31,0.87,-0.022663866
-0.3,0.87,-0.022084921
-0.29,0.87,-0.021493407
-0.28,0.87,-0.020889397
-0.27,0.87,-0.02027299
-0.26,0.87,-0.019644308
-0.25,0.87,-0.019003499
-0.24,0.87,-0.018350736
-0.23,0.87,-0.017686218
-0.22,0.87,-0.017010171
-0.21,0.87,-0.016322846
-0.2,0.87,-0.015624522
-0.19,0.87,-0.014915506
-0.18,0.87,-0.014196129
-0.17,0.87,-0.01346675
-0.16,0.87,-0.012727756
-0.15,0.87,-0.011979557
-0.14,0.87,-0.01122259
-0.13,0.87,-0.010457316
-0.12,0.87,-0.009684218
-0.11,0.87,-0.0089038045
-0.1,0.87,-0.0081166035
-0.09,0.87,-0.0073231638
-0.08,0.87,-0.0065240528
-0.07,0.87,-0.0057198552
-0.06,0.87,-0.0049111714
-0.05,0.87,-0.0040986158
-0.04,0.87,-0.0032828146
-0.03,0.87,-0.0024644047
-0.02,0.87,-0.0016440308
-0.01,0.87,-0.0008223441
0,0.87,0
0.01,0.87,0.0008223441
0.02,0.87,0.0016440308
0.03,0.87,0.0024644047
0.04,0.87,0.0032828146
0.05,0.87,0.0040986158
0.06,0.87,0.0049111714
0.07,0.87,0.0057198552
0.08,0.87,0.0065240528
0.09,0.87,0.0073231638
0.1,0.87,0.0081166035
0.11,0.87,0.0089038045
0.12,0.87,0.009684218
0.13,0.87,0.010457316
0.14,0.87,0.01122259
0.15,0.87,0.011979557
0.16,0.87,0.012727756
0.17,0.87,0.01346675
0.18,0.87,0.014196129
0.19,0.87,0.014915506
0.2,0.87,0.015624522
0.21,0.87,0.016322846
0.22,0.87,0.017010171
0.23,0.87,0.017686218
0.24,0.87,0.018350736
0.25,0.87,0.019003499
0.26,0.87,0.019644308
0.27,0.87,0.02027299
0.28,0.87,0.020889397
0.29,0.87,0.021493407
0.3,0.87,0.022084921
0.31,0.87,0.022663866
0.32,0.87,0.023230188
0.33,0.87,0.023783858
0.34,0.87,0.024324867
0.35,0.87,0.024853227
0.36,0.87,0.025368968
0.37,0.87,0.02587214
0.38,0.87,0.026362807
0.39,0.87,0.026841054
0.4,0.87,0.027306976
0.41,0.87,0.027760687
0.42,0.87,0.028202312
0.43,0.87,0.028631986
0.44,0.87,0.029049861
0.45,0.87,0.029456093
0.46,0.87,0.029850852
0.47,0.87,0.030234315
0.48,0.87,0.030606665
0.49,0.87,0.030968094
0.5,0.87,0.031318798
0.51,0.87,0.031658981
0.52,0.87,0.031988848
0.53,0.87,0.032308609
0.54,0.87,0.032618478
0.55,0.87,0.032918671
0.56,0.87,0.033209404
0.57,0.87,0.033490896
0.58,0.87,0.033763366
0.59,0.87,0.034027034
0.6,0.87,0.034282118
0.61,0.87,0.034528836
0.62,0.87,0.034767406
0.63,0.87,0.034998043
0.64,0.87,0.035220961
0.65,0.87,0.035436372
0.66,0.87,0.035644484
0.67,0.87,0.035845505
0.68,0.87,0.036039638
0.69,0.87,0.036227083
0.7,0.87,0.036408039
0.71,0.87,0.036582698
0.72,0.87,0.036751252
0.73,0.87,0.036913887
0.74,0.87,0.037070786
0.75,0.87,0.037222128
0.76,0.87,0.03736809
0.77,0.87,0.037508841
0.78,0.87,0.037644549
0.79,0.87,0.037775378
0.8,0.87,0.037901488
0.81,0.87,0.038023032
0.82,0.87,0.038140164
0.83,0.87,0.03825303
0.84,0.87,0.038361774
0.85,0.87,0.038466535
0.86,0.87,0.038567448
0.87,0.87,0.038664646
0.88,0.87,0.038758256
0.89,0.87,0.038848403
0.9,0.87,0.038935207
0.91,0.87,0.039018786
0.92,0.87,0.039099251
0.93,0.87,0.039176714
0.94,0.87,0.039251281
0.95,0.87,0.039323054
0.96,0.87,0.039392134
0.97,0.87,0.039458617
0.98,0.87,0.039522596
0.99,0.87,0.039584163
1,0.87,0.039643405
-1,0.88,-0.033848702
-0.99,0.88,-0.03379812
-0.98,0.88,-0.033745553
-0.97,0.88,-0.033690925
-0.96,0.88,-0.03363416
-0.95,0.88,-0.033575177
-0.94,0.88,-0.033513895
-0.93,0.88,-0.033450228
-0.92,0.88,-0.033384088
-0.91,0.88,-0.033315384
-0.9,0.88,-0.033244023
-0.89,0.88,-0.033169907
-0.88,0.88,-0.033092937
-0.87,0.88,-0.033013009
-0.86,0.88,-0.032930019
-0.85,0.88,-0.032843856
-0.84,0.88,-0.032754408
-0.83,0.88,-0.03266156
-0.82,0.88,-0.032565191
-0.81,0.88,-0.032465181
-0.8,0.88,-0.032361402
-0.79,0.88,-0.032253726
-0.78,0.88,-0.032142021
-0.77,0.88,-0.032026149
-0.76,0.88,-0.031905971
-0.75,0.88,-0.031781346
-0.74,0.88,-0.031652125
-0.73,0.88,-0.03151816
-0.72,0.88,-0.031379297
-0.71,0.88,-0.031235381
-0.7,0.88,-0.031086252
-0.69,0.88,-0.030931747
-0.68,0.88,-0.0307717
-0.67,0.88,-0.030605944
-0.66,0.88,-0.030434307
-0.65,0.88,-0.030256614
-0.64,0.88,-0.03007269
-0.63,0.88,-0.029882356
-0.62,0.88,-0.029685431
-0.61,0.88,-0.029481733
-0.6,0.88,-0.029271078
-0.59,0.88,-0.02905328
-0.58,0.88,-0.028828153
-0.57,0.88,-0.02859551
-0.56,0.88,-0.028355164
-0.55,0.88,-0.028106927
-0.54,0.88,-0.027850614
-0.53,0.88,-0.027586039
-0.52,0.88,-0.027313017
-0.51,0.88,-0.027031367
-0.5,0.88,-0.026740909
-0.49,0.88,-0.026441467
-0.48,0.88,-0.026132869
-0.47,0.88,-0.025814945
-0.46,0.88,-0.025487534
-0.45,0.88,-0.025150477
-0.44,0.88,-0.024803624
-0.43,0.88,-0.02444683
-0.42,0.88,-0.024079961
-0.41,0.88,-0.023702889
-0.4,0.88,-0.023315498
-0.39,0.88,-0.022917679
-0.38,0.88,-0.022509339
-0.37,0.88,-0.022090392
-0.36,0.88,-0.02166077
-0.35,0.88,-0.021220415
-0.34,0.88,-0.020769285
-0.33,0.88,-0.020307356
-0.32,0.88,-0.019834616
-0.31,0.88,-0.019351073
-0.3,0.88,-0.018856754
-0.29,0.88,-0.018351702
-0.28,0.88,-0.01783598
-0.27,0.88,-0.017309674
-0.26,0.88,-0.016772887
-0.25,0.88,-0.016225745
-0.24,0.88,-0.015668397
-0.23,0.88,-0.015101012
-0.22,0.88,-0.014523783
-0.21,0.88,-0.013936925
-0.2,0.88,-0.013340676
-0.19,0.88,-0.012735296
-0.18,0.88,-0.012121071
-0.17,0.88,-0.011498307
-0.16,0.88,-0.010867332
-0.15,0.88,-0.010228498
-0.14,0.88,-0.0095821769
-0.13,0.88,-0.008928763
-0.12,0.88,-0.0082686695
-0.11,0.88,-0.0076023296
-0.1,0.88,-0.0069301943
-0.09,0.88,-0.0062527322
-0.08,0.88,-0.0055704277
-0.07,0.88,-0.0048837802
-0.06,0.88,-0.0041933023
-0.05,0.88,-0.0034995184
-0.04,0.88,-0.0028029635
-0.03,0.88,-0.002104181
-0.02,0.88,-0.0014037217
-0.01,0.88,-0.00070214152
0,0.88,0
0.01,0.88,0.00070214152
0.02,0.88,0.0014037217
0.03,0.88,0.002104181
0.04,0.88,0.0028029635
0.05,0.88,0.0034995184
0.06,0.88,0.0041933023
0.07,0.88,0.0048837802
0.08,0.88,0.0055704277
0.09,0.88,0.0062527322
0.1,0.88,0.0069301943
0.11,0.88,0.0076023296
0.12,0.88,0.0082686695
0.13,0.88,0.008928763
0.14,0.88,0.0095821769
0.15,0.88,0.010228498
0.16,0.88,0.010867332
0.17,0.88,0.011498307
0.18,0.88,0.012121071
0.19,0.88,0.012735296
0.2,0.88,0.013340676
0.21,0.88,0.013936925
0.22,0.88,0.014523783
0.23,0.88,0.015101012
0.24,0.88,0.015668397
0.25,0.88,0.016225745
0.26,0.88,0.016772887
0.27,0.88,0.017309674
0.28,0.88,0.01783598
0.29,0.88,0.018351702
0.3,0.88,0.018856754
0.31,0.88,0.019351073
0.32,0.88,0.019834616
0.33,0.88,0.020307356
0.34,0.88,0.020769285
0.35,0.88,0.021220415
0.36,0.88,0.02166077
0.37,0.88,0.022090392
0.38,0.88,0.022509339
0.39,0.88,0.022917679
0.4,0.88,0.023315498
0.41,0.88,0.023702889
0.42,0.88,0.024079961
0.43,0.88,0.02444683
0.44,0.88,0.024803624
0.45,0.88,0.025150477
0.46,0.88,0.025487534
0.47,0.88,0.025814945
0.48,0.88,0.026132869
0.49,0.88,0.026441467
0.5,0.88,0.026740909
0.51,0.88,0.027031367
0.52,0.88,0.027313017
0.53,0.88,0.027586039
0.54,0.88,0.027850614
0.55,0.88,0.028106927
0.56,0.88,0.028355164
0.57,0.88,0.02859551
0.58,0.88,0.028828153
0.59,0.88,0.02905328
0.6,0.88,0.029271078
0.61,0.88,0.029481733
0.62,0.88,0.029685431
0.63,0.88,0.029882356
0.64,0.88,0.03007269
0.65,0.88,0.030256614
0.66,0.88,0.030434307
0.67,0.88,0.030605944
0.68,0.88,0.0307717
0.69,0.88,0.030931747
0.7,0.88,0.031086252
0.71,0.88,0.031235381
0.72,0.88,0.031379297
0.73,0.88,0.03151816
0.74,0.88,0.031652125
0.75,0.88,0.031781346
0.76,0.88,0.031905971
0.77,0.88,0.032026149
0.78,0.88,0.032142021
0.79,0.88,0.032253726
0.8,0.88,0.032361402
0.81,0.88,0.032465181
0.82,0.88,0.032565191
0.83,0.88,0.03266156
0.84,0.88,0.032754408
0.85,0.88,0.032843856
0.86,0.88,0.032930019
0.87,0.88,0.033013009
0.88,0.88,0.033092937
0.89,0.88,0.033169907
0.9,0.88,0.033244023
0.91,0.88,0.033315384
0.92,0.88,0.033384088
0.93,0.88,0.033450228
0.94,0.88,0.033513895
0.95,0.88,0.033575177
0.96,0.88,0.03363416
0.97,0.88,0.033690925
0.98,0.88,0.033745553
0.99,0.88,0.03379812
1,0.88,0.033848702
-1,0.89,-0.028496285
-0.99,0.89,-0.028453701
-0.98,0.89,-0.028409446
-0.97,0.89,-0.028363456
-0.96,0.89,-0.028315667
-0.95,0.89,-0.028266012
-0.94,0.89,-0.02821442
-0.93,0.89,-0.02816082
-0.92,0.89,-0.028105139
-0.91,0.89,-0.028047299
-0.9,0.89,-0.027987222
-0.89,0.89,-0.027924826
-0.88,0.89,-0.027860027
-0.87,0.89,-0.027792738
-0.86,0.89,-0.027722871
-0.85,0.89,-0.027650332
-0.84,0.89,-0.027575029
-0.83,0.89,-0.027496862
-0.82,0.89,-0.027415732
-0.81,0.89,-0.027331536
-0.8,0.89,-0.027244168
-0.79,0.89,-0.027153519
-0.78,0.89,-0.027059477
-0.77,0.89,-0.026961927
-0.76,0.89,-0.026860753
-0.75,0.89,-0.026755834
-0.74,0.89,-0.026647047
-0.73,0.89,-0.026534266
-0.72,0.89,-0.026417361
-0.71,0.89,-0.026296202
-0.7,0.89,-0.026170654
-0.69,0.89,-0.026040581
-0.68,0.89,-0.025905842
-0.67,0.89,-0.025766296
-0.66,0.89,-0.0256218
-0.65,0.89,-0.025472205
-0.64,0.89,-0.025317365
-0.63,0.89,-0.025157128
-0.62,0.89,-0.024991342
-0.61,0.89,-0.024819855
-0.6,0.89,-0.02464251
-0.59,0.89,-0.024459151
-0.58,0.89,-0.024269623
-0.57,0.89,-0.024073767
-0.56,0.89,-0.023871427
-0.55,0.89,-0.023662443
-0.54,0.89,-0.02344666
-0.53,0.89,-0.023223922
-0.52,0.89,-0.022994072
-0.51,0.89,-0.022756959
-0.5,0.89,-0.02251243
-0.49,0.89,-0.022260339
-0.48,0.89,-0.022000538
-0.47,0.89,-0.021732887
-0.46,0.89,-0.021457248
-0.45,0.89,-0.02117349
-0.44,0.89,-0.020881484
-0.43,0.89,-0.020581109
-0.42,0.89,-0.020272252
-0.41,0.89,-0.019954806
-0.4,0.89,-0.019628672
-0.39,0.89,-0.019293759
-0.38,0.89,-0.018949988
-0.37,0.89,-0.018597289
-0.36,0.89,-0.018235602
-0.35,0.89,-0.017864879
-0.34,0.89,-0.017485086
-0.33,0.89,-0.0170962
-0.32,0.89,-0.016698214
-0.31,0.89,-0.016291133
-0.3,0.89,-0.015874979
-0.29,0.89,-0.015449789
-0.28,0.89,-0.015015618
-0.27,0.89,-0.014572535
-0.26,0.89,-0.014120629
-0.25,0.89,-0.013660005
-0.24,0.89,-0.01319079
-0.23,0.89,-0.012713124
-0.22,0.89,-0.012227171
-0.21,0.89,-0.011733111
-0.2,0.89,-0.011231145
-0.19,0.89,-0.010721493
-0.18,0.89,-0.010204394
-0.17,0.89,-0.0096801059
-0.16,0.89,-0.0091489056
-0.15,0.89,-0.0086110888
-0.14,0.89,-0.0080669693
-0.13,0.89,-0.0075168782
-0.12,0.89,-0.0069611638
-0.11,0.89,-0.0064001907
-0.1,0.89,-0.0058343386
-0.09,0.89,-0.005264002
-0.08,0.89,-0.0046895888
-0.07,0.89,-0.0041115193
-0.06,0.89,-0.003530225
-0.05,0.89,-0.0029461476
-0.04,0.89,-0.0023597373
-0.03,0.89,-0.0017714517
-0.02,0.89,-0.0011817544
-0.01,0.89,-0.0005911135
0,0.89,0
0.01,0.89,0.0005911135
0.02,0.89,0.0011817544
0.03,0.89,0.0017714517
0.04,0.89,0.0023597373
0.05,0.89,0.0029461476
0.06,0.89,0.003530225
0.07,0.89,0.0041115193
0.08,0.89,0.0046895888
0.09,0.89,0.005264002
0.1,0.89,0.0058343386
0.11,0.89,0.0064001907
0.12,0.89,0.0069611638
0.13,0.89,0.0075168782
0.14,0.89,0.0080669693
0.15,0.89,0.0086110888
0.16,0.89,0.0091489056
0.17,0.89,0.0096801059
0.18,0.89,0.010204394
0.19,0.89,0.010721493
0.2,0.89,0.011231145
0.21,0.89,0.011733111
0.22,0.89,0.012227171
0.23,0.89,0.012713124
0.24,0.89,0.01319079
0.25,0.89,0.013660005
0.26,0.89,0.014120629
0.27,0.89,0.014572535
0.28,0.89,0.015015618
0.29,0.89,0.015449789
0.3,0.89,0.015874979
0.31,0.89,0.016291133
0.32,0.89,0.016698214
0.33,0.89,0.0170962
0.34,0.89,0.017485086
0.35,0.89,0.017864879
0.36,0.89,0.018235602
0.37,0.89,0.018597289
0.38,0.89,0.018949988
0.39,0.89,0.019293759
0.4,0.89,0.019628672
0.41,0.89,0.019954806
0.42,0.89,0.020272252
0.43,0.89,0.020581109
0.44,0.89,0.020881484
0.45,0.89,0.02117349
0.46,0.89,0.021457248
0.47,0.89,0.021732887
0.48,0.89,0.022000538
0.49,0.89,0.022260339
0.5,0.89,0.02251243
0.51,0.89,0.022756959
0.52,0.89,0.022994072
0.53,0.89,0.023223922
0.54,0.89,0.02344666
0.55,0.89,0.023662443
0.56,0.89,0.023871427
0.57,0.89,0.024073767
0.58,0.89,0.024269623
0.59,0.89,0.024459151
0.6,0.89,0.02464251
0.61,0.89,0.024819855
0.62,0.89,0.024991342
0.63,0.89,0.025157128
0.64,0.89,0.025317365
0.65,0.89,0.025472205
0.66,0.89,0.0256218
0.67,0.89,0.025766296
0.68,0.89,0.025905842
0.69,0.89,0.026040581
0.7,0.89,0.026170654
0.71,0.89,0.026296202
0.72,0.89,0.026417361
0.73,0.89,0.026534266
0.74,0.89,0.026647047
0.75,0.89,0.026755834
0.76,0.89,0.026860753
0.77,0.89,0.026961927
0.78,0.89,0.027059477
0.79,0.89,0.027153519
0.8,0.89,0.027244168
0.81,0.89,0.027331536
0.82,0.89,0.027415732
0.83,0.89,0.027496862
0.84,0.89,0.027575029
0.85,0.89,0.027650332
0.86,0.89,0.027722871
0.87,0.89,0.027792738
0.88,0.89,0.027860027
0.89,0.89,0.027924826
0.9,0.89,0.027987222
0.91,0.89,0.028047299
0.92,0.89,0.028105139
0.93,0.89,0.02816082
0.94,0.89,0.02821442
0.95,0.89,0.028266012
0.96,0.89,0.028315667
0.97,0.89,0.028363456
0.98,0.89,0.028409446
0.99,0.89,0.028453701
1,0.89,0.028496285
-1,0.9,-0.023591434
-0.99,0.9,-0.02355618
-0.98,0.9,-0.023519542
-0.97,0.9,-0.023481468
-0.96,0.9,-0.023441905
-0.95,0.9,-0.023400796
-0.94,0.9,-0.023358085
-0.93,0.9,-0.023313711
-0.92,0.9,-0.023267613
-0.91,0.9,-0.023219729
-0.9,0.9,-0.023169992
-0.89,0.9,-0.023118336
-0.88,0.9,-0.02306469
-0.87,0.9,-0.023008984
-0.86,0.9,-0.022951142
-0.85,0.9,-0.022891089
-0.84,0.9,-0.022828747
-0.83,0.9,-0.022764035
-0.82,0.9,-0.022696869
-0.81,0.9,-0.022627165
-0.8,0.9,-0.022554835
-0.79,0.9,-0.022479788
-0.78,0.9,-0.022401933
-0.77,0.9,-0.022321174
-0.76,0.9,-0.022237415
-0.75,0.9,-0.022150554
-0.74,0.9,-0.022060492
-0.73,0.9,-0.021967123
-0.72,0.9,-0.02187034
-0.71,0.9,-0.021770035
-0.7,0.9,-0.021666097
-0.69,0.9,-0.021558412
-0.68,0.9,-0.021446865
-0.67,0.9,-0.021331338
-0.66,0.9,-0.021211713
-0.65,0.9,-0.021087867
-0.64,0.9,-0.020959678
-0.63,0.9,-0.020827021
-0.62,0.9,-0.020689771
-0.61,0.9,-0.0205478
-0.6,0.9,-0.02040098
-0.59,0.9,-0.020249182
-0.58,0.9,-0.020092276
-0.57,0.9,-0.019930131
-0.56,0.9,-0.019762618
-0.55,0.9,-0.019589605
-0.54,0.9,-0.019410964
-0.53,0.9,-0.019226563
-0.52,0.9,-0.019036276
-0.51,0.9,-0.018839975
-0.5,0.9,-0.018637536
-0.49,0.9,-0.018428834
-0.48,0.9,-0.018213751
-0.47,0.9,-0.017992169
-0.46,0.9,-0.017763974
-0.45,0.9,-0.017529057
-0.44,0.9,-0.017287311
-0.43,0.9,-0.017038638
-0.42,0.9,-0.016782942
-0.41,0.9,-0.016520136
-0.4,0.9,-0.016250136
-0.39,0.9,-0.01597287
-0.38,0.9,-0.01568827
-0.37,0.9,-0.015396278
-0.36,0.9,-0.015096845
-0.35,0.9,-0.014789932
-0.34,0.9,-0.01447551
-0.33,0.9,-0.01415356
-0.32,0.9,-0.013824076
-0.31,0.9,-0.013487063
-0.3,0.9,-0.013142538
-0.29,0.9,-0.012790533
-0.28,0.9,-0.012431093
-0.27,0.9,-0.012064274
-0.26,0.9,-0.011690151
-0.25,0.9,-0.011308812
-0.24,0.9,-0.010920358
-0.23,0.9,-0.01052491
-0.22,0.9,-0.0101226
-0.21,0.9,-0.0097135791
-0.2,0.9,-0.0092980129
-0.19,0.9,-0.0088760835
-0.18,0.9,-0.0084479887
-0.17,0.9,-0.0080139423
-0.16,0.9,-0.0075741735
-0.15,0.9,-0.0071289271
-0.14,0.9,-0.0066784627
-0.13,0.9,-0.0062230546
-0.12,0.9,-0.0057629912
-0.11,0.9,-0.0052985741
-0.1,0.9,-0.0048301179
-0.09,0.9,-0.004357949
-0.08,0.9,-0.0038824052
-0.07,0.9,-0.0034038345
-0.06,0.9,-0.002922594
-0.05,0.9,-0.0024390494
-0.04,0.9,-0.0019535735
-0.03,0.9,-0.0014665451
-0.02,0.9,-0.00097834794
-0.01,0.9,-0.00048936959
0,0.9,0
0.01,0.9,0.00048936959
0.02,0.9,0.00097834794
0.03,0.9,0.0014665451
0.04,0.9,0.0019535735
0.05,0.9,0.0024390494
0.06,0.9,0.002922594
0.07,0.9,0.0034038345
0.08,0.9,0.0038824052
0.09,0.9,0.004357949
0.1,0.9,0.0048301179
0.11,0.9,0.0052985741
0.12,0.9,0.0057629912
0.13,0.9,0.0062230546
0.14,0.9,0.0066784627
0.15,0.9,0.0071289271
0.16,0.9,0.0075741735
0.17,0.9,0.0080139423
0.18,0.9,0.0084479887
0.19,0.9,0.0088760835
0.2,0.9,0.0092980129
0.21,0.9,0.0097135791
0.22,0.9,0.0101226
0.23,0.9,0.01052491
0.24,0.9,0.010920358
0.25,0.9,0.011308812
0.26,0.9,0.011690151
0.27,0.9,0.012064274
0.28,0.9,0.012431093
0.29,0.9,0.012790533
0.3,0.9,0.013142538
0.31,0.9,0.013487063
0.32,0.9,0.013824076
0.33,0.9,0.01415356
0.34,0.9,0.01447551
0.35,0.9,0.014789932
0.36,0.9,0.015096845
0.37,0.9,0.015396278
0.38,0.9,0.01568827
0.39,0.9,0.01597287
0.4,0.9,0.016250136
0.41,0.9,0.016520136
0.42,0.9,0.016782942
0.43,0.9,0.017038638
0.44,0.9,0.017287311
0.45,0.9,0.017529057
0.46,0.9,0.017763974
0.47,0.9,0.017992169
0.48,0.9,0.018213751
0.49,0.9,0.018428834
0.5,0.9,0.018637536
0.51,0.9,0.018839975
0.52,0.9,0.019036276
0.53,0.9,0.019226563
0.54,0.9,0.019410964
0.55,0.9,0.019589605
0.56,0.9,0.019762618
0.57,0.9,0.019930131
0.58,0.9,0.020092276
0.59,0.9,0.020249182
0.6,0.9,0.02040098
0.61,0.9,0.0205478
0.62,0.9,0.020689771
0.63,0.9,0.020827021
0.64,0.9,0.020959678
0.65,0.9,0.021087867
0.66,0.9,0.021211713
0.67,0.9,0.021331338
0.68,0.9,0.021446865
0.69,0.9,0.021558412
0.7,0.9,0.021666097
0.71,0.9,0.021770035
0.72,0.9,0.02187034
0.73,0.9,0.021967123
0.74,0.9,0.022060492
0.75,0.9,0.022150554
0.76,0.9,0.022237415
0.77,0.9,0.022321174
0.78,0.9,0.022401933
0.79,0.9,0.022479788
0.8,0.9,0.022554835
0.81,0.9,0.022627165
0.82,0.9,0.022696869
0.83,0.9,0.022764035
0.84,0.9,0.022828747
0.85,0.9,0.022891089
0.86,0.9,0.022951142
0.87,0.9,0.023008984
0.88,0.9,0.02306469
0.89,0.9,0.023118336
0.9,0.9,0.023169992
0.91,0.9,0.023219729
0.92,0.9,0.023267613
0.93,0.9,0.023313711
0.94,0.9,0.023358085
0.95,0.9,0.023400796
0.96,0.9,0.023441905
0.97,0.9,0.023481468
0.98,0.9,0.023519542
0.99,0.9,0.02355618
1,0.9,0.023591434
-1,0.91,-0.019138991
-0.99,0.91,-0.019110391
-0.98,0.91,-0.019080667
-0.97,0.91,-0.019049779
-0.96,0.91,-0.019017683
-0.95,0.91,-0.018984333
-0.94,0.91,-0.018949682
-0.93,0.91,-0.018913683
-0.92,0.91,-0.018876285
-0.91,0.91,-0.018837438
-0.9,0.91,-0.018797089
-0.89,0.91,-0.018755181
-0.88,0.91,-0.01871166
-0.87,0.91,-0.018666467
-0.86,0.91,-0.018619542
-0.85,0.91,-0.018570823
-0.84,0.91,-0.018520247
-0.83,0.91,-0.018467748
-0.82,0.91,-0.018413259
-0.81,0.91,-0.01835671
-0.8,0.91,-0.018298031
-0.79,0.91,-0.018237148
-0.78,0.91,-0.018173986
-0.77,0.91,-0.018108469
-0.76,0.91,-0.018040517
-0.75,0.91,-0.017970051
-0.74,0.91,-0.017896986
-0.73,0.91,-0.017821238
-0.72,0.91,-0.017742721
-0.71,0.91,-0.017661347
-0.7,0.91,-0.017577025
-0.69,0.91,-0.017489664
-0.68,0.91,-0.017399169
-0.67,0.91,-0.017305446
-0.66,0.91,-0.017208398
-0.65,0.91,-0.017107925
-0.64,0.91,-0.01700393
-0.63,0.91,-0.01689631
-0.62,0.91,-0.016784963
-0.61,0.91,-0.016669786
-0.6,0.91,-0.016550676
-0.59,0.91,-0.016427527
-0.58,0.91,-0.016300234
-0.57,0.91,-0.016168691
-0.56,0.91,-0.016032793
-0.55,0.91,-0.015892433
-0.54,0.91,-0.015747506
-0.53,0.91,-0.015597908
-0.52,0.91,-0.015443534
-0.51,0.91,-0.015284281
-0.5,0.91,-0.015120048
-0.49,0.91,-0.014950736
-0.48,0.91,-0.014776246
-0.47,0.91,-0.014596483
-0.46,0.91,-0.014411355
-0.45,0.91,-0.014220774
-0.44,0.91,-0.014024654
-0.43,0.91,-0.013822913
-0.42,0.91,-0.013615475
-0.41,0.91,-0.013402268
-0.4,0.91,-0.013183226
-0.39,0.91,-0.012958289
-0.38,0.91,-0.012727402
-0.37,0.91,-0.012490518
-0.36,0.91,-0.012247597
-0.35,0.91,-0.011998608
-0.34,0.91,-0.011743528
-0.33,0.91,-0.01148234
-0.32,0.91,-0.01121504
-0.31,0.91,-0.010941631
-0.3,0.91,-0.010662129
-0.29,0.91,-0.010376559
-0.28,0.91,-0.010084956
-0.27,0.91,-0.0097873676
-0.26,0.91,-0.0094838534
-0.25,0.91,-0.0091744846
-0.24,0.91,-0.0088593445
-0.23,0.91,-0.0085385294
-0.22,0.91,-0.0082121481
-0.21,0.91,-0.0078803222
-0.2,0.91,-0.0075431865
-0.19,0.91,-0.0072008884
-0.18,0.91,-0.0068535885
-0.17,0.91,-0.0065014602
-0.16,0.91,-0.0061446895
-0.15,0.91,-0.0057834751
-0.14,0.91,-0.0054180275
-0.13,0.91,-0.0050485692
-0.12,0.91,-0.0046753341
-0.11,0.91,-0.0042985671
-0.1,0.91,-0.0039185233
-0.09,0.91,-0.0035354675
-0.08,0.91,-0.0031496737
-0.07,0.91,-0.0027614242
-0.06,0.91,-0.0023710089
-0.05,0.91,-0.0019787244
-0.04,0.91,-0.001584873
-0.03,0.91,-0.0011897621
-0.02,0.91,-0.00079370302
-0.01,0.91,-0.00039701021
0,0.91,0
0.01,0.91,0.00039701021
0.02,0.91,0.00079370302
0.03,0.91,0.0011897621
0.04,0.91,0.001584873
0.05,0.91,0.0019787244
0.06,0.91,0.0023710089
0.07,0.91,0.0027614242
0.08,0.91,0.0031496737
0.09,0.91,0.0035354675
0.1,0.91,0.0039185233
0.11,0.91,0.0042985671
0.12,0.91,0.0046753341
0.13,0.91,0.0050485692
0.14,0.91,0.0054180275
0.15,0.91,0.0057834751
0.16,0.91,0.0061446895
0.17,0.91,0.0065014602
0.18,0.91,0.0068535885
0.19,0.91,0.0072008884
0.2,0.91,0.0075431865
0.21,0.91,0.0078803222
0.22,0.91,0.0082121481
0.23,0.91,0.0085385294
0.24,0.91,0.0088593445
0.25,0.91,0.0091744846
0.26,0.91,0.0094838534
0.27,0.91,0.0097873676
0.28,0.91,0.010084956
0.29,0.91,0.010376559
0.3,0.91,0.010662129
0.31,0.91,0.010941631
0.32,0.91,0.01121504
0.33,0.91,0.01148234
0.34,0.91,0.011743528
0.35,0.91,0.011998608
0.36,0.91,0.012247597
0.37,0.91,0.012490518
0.38,0.91,0.012727402
0.39,0.91,0.012958289
0.4,0.91,0.013183226
0.41,0.91,0.013402268
0.42,0.91,0.013615475
0.43,0.91,0.013822913
0.44,0.91,0.014024654
0.45,0.91,0.014220774
0.46,0.91,0.014411355
0.47,0.91,0.014596483
0.48,0.91,0.014776246
0.49,0.91,0.014950736
0.5,0.91,0.015120048
0.51,0.91,0.015284281
0.52,0.91,0.015443534
0.53,0.91,0.015597908
0.54,0.91,0.015747506
0.55,0.91,0.015892433
0.56,0.91,0.016032793
0.57,0.91,0.016168691
0.58,0.91,0.016300234
0.59,0.91,0.016427527
0.6,0.91,0.016550676
0.61,0.91,0.016669786
0.62,0.91,0.016784963
0.63,0.91,0.01689631
0.64,0.91,0.01700393
0.65,0.91,0.017107925
0.66,0.91,0.017208398
0.67,0.91,0.017305446
0.68,0.91,0.017399169
0.69,0.91,0.017489664
0.7,0.91,0.017577025
0.71,0.91,0.017661347
0.72,0.91,0.017742721
0.73,0.91,0.017821238
0.74,0.91,0.017896986
0.75,0.91,0.017970051
0.76,0.91,0.018040517
0.77,0.91,0.018108469
0.78,0.91,0.018173986
0.79,0.91,0.018237148
0.8,0.91,0.018298031
0.81,0.91,0.01835671
0.82,0.91,0.018413259
0.83,0.91,0.018467748
0.84,0.91,0.018520247
0.85,0.91,0.018570823
0.86,0.91,0.018619542
0.87,0.91,0.018666467
0.88,0.91,0.01871166
0.89,0.91,0.018755181
0.9,0.91,0.018797089
0.91,0.91,0.018837438
0.92,0.91,0.018876285
0.93,0.91,0.018913683
0.94,0.91,0.018949682
0.95,0.91,0.018984333
0.96,0.91,0.019017683
0.97,0.91,0.019049779
0.98,0.91,0.019080667
0.99,0.91,0.019110391
1,0.91,0.019138991
-1,0.92,-0.01514335
-0.99,0.92,-0.01512072
-0.98,0.92,-0.015097202
-0.97,0.92,-0.015072763
-0.96,0.92,-0.015047367
-0.95,0.92,-0.015020979
-0.94,0.92,-0.014993562
-0.93,0.92,-0.014965079
-0.92,0.92,-0.014935489
-0.91,0.92,-0.014904752
-0.9,0.92,-0.014872826
-0.89,0.92,-0.014839668
-0.88,0.92,-0.014805233
-0.87,0.92,-0.014769474
-0.86,0.92,-0.014732346
-0.85,0.92,-0.014693798
-0.84,0.92,-0.014653781
-0.83,0.92,-0.014612242
-0.82,0.92,-0.014569128
-0.81,0.92,-0.014524385
-0.8,0.92,-0.014477956
-0.79,0.92,-0.014429784
-0.78,0.92,-0.014379808
-0.77,0.92,-0.014327969
-0.76,0.92,-0.014274204
-0.75,0.92,-0.014218448
-0.74,0.92,-0.014160637
-0.73,0.92,-0.014100704
-0.72,0.92,-0.014038579
-0.71,0.92,-0.013974193
-0.7,0.92,-0.013907475
-0.69,0.92,-0.013838352
-0.68,0.92,-0.01376675
-0.67,0.92,-0.013692593
-0.66,0.92,-0.013615806
-0.65,0.92,-0.013536309
-0.64,0.92,-0.013454024
-0.63,0.92,-0.013368872
-0.62,0.92,-0.013280771
-0.61,0.92,-0.01318964
-0.6,0.92,-0.013095396
-0.59,0.92,-0.012997957
-0.58,0.92,-0.012897239
-0.57,0.92,-0.012793158
-0.56,0.92,-0.012685631
-0.55,0.92,-0.012574574
-0.54,0.92,-0.012459904
-0.53,0.92,-0.012341537
-0.52,0.92,-0.012219392
-0.51,0.92,-0.012093386
-0.5,0.92,-0.01196344
-0.49,0.92,-0.011829475
-0.48,0.92,-0.011691413
-0.47,0.92,-0.01154918
-0.46,0.92,-0.011402701
-0.45,0.92,-0.011251907
-0.44,0.92,-0.011096731
-0.43,0.92,-0.010937108
-0.42,0.92,-0.010772976
-0.41,0.92,-0.010604281
-0.4,0.92,-0.010430968
-0.39,0.92,-0.010252991
-0.38,0.92,-0.010070306
-0.37,0.92,-0.0098828761
-0.36,0.92,-0.0096906701
-0.35,0.92,-0.0094936625
-0.34,0.92,-0.0092918348
-0.33,0.92,-0.0090851751
-0.32,0.92,-0.0088736791
-0.31,0.92,-0.0086573502
-0.3,0.92,-0.0084361999
-0.29,0.92,-0.0082102478
-0.28,0.92,-0.0079795226
-0.27,0.92,-0.0077440618
-0.26,0.92,-0.0075039122
-0.25,0.92,-0.0072591301
-0.24,0.92,-0.0070097818
-0.23,0.92,-0.0067559432
-0.22,0.92,-0.0064977004
-0.21,0.92,-0.0062351497
-0.2,0.92,-0.0059683977
-0.19,0.92,-0.005697561
-0.18,0.92,-0.0054227668
-0.17,0.92,-0.0051441523
-0.16,0.92,-0.0048618645
-0.15,0.92,-0.0045760607
-0.14,0.92,-0.0042869075
-0.13,0.92,-0.0039945809
-0.12,0.92,-0.003699266
-0.11,0.92,-0.0034011565
-0.1,0.92,-0.0031004543
-0.09,0.92,-0.002797369
-0.08,0.92,-0.0024921172
-0.07,0.92,-0.0021849225
-0.06,0.92,-0.0018760141
-0.05,0.92,-0.0015656267
-0.04,0.92,-0.0012539995
-0.03,0.92,-0.00094137579
-0.02,0.92,-0.00062800188
-0.01,0.92,-0.00031412651
0,0.92,0
0.01,0.92,0.00031412651
0.02,0.92,0.00062800188
0.03,0.92,0.00094137579
0.04,0.92,0.0012539995
0.05,0.92,0.0015656267
0.06,0.92,0.0018760141
0.07,0.92,0.0021849225
0.08,0.92,0.0024921172
0.09,0.92,0.002797369
0.1,0.92,0.0031004543
0.11,0.92,0.0034011565
0.12,0.92,0.003699266
0.13,0.92,0.0039945809
0.14,0.92,0.0042869075
0.15,0.92,0.0045760607
0.16,0.92,0.0048618645
0.17,0.92,0.0051441523
0.18,0.92,0.0054227668
0.19,0.92,0.005697561
0.2,0.92,0.0059683977
0.21,0.92,0.0062351497
0.22,0.92,0.0064977004
0.23,0.92,0.0067559432
0.24,0.92,0.0070097818
0.25,0.92,0.0072591301
0.26,0.92,0.0075039122
0.27,0.92,0.0077440618
0.28,0.92,0.0079795226
0.29,0.92,0.0082102478
0.3,0.92,0.0084361999
0.31,0.92,0.0086573502
0.32,0.92,0.0088736791
0.33,0.92,0.0090851751
0.34,0.92,0.0092918348
0.35,0.92,0.0094936625
0.36,0.92,0.0096906701
0.37,0.92,0.0098828761
0.38,0.92,0.010070306
0.39,0.92,0.010252991
0.4,0.92,0.010430968
0.41,0.92,0.010604281
0.42,0.92,0.010772976
0.43,0.92,0.010937108
0.44,0.92,0.011096731
0.45,0.92,0.011251907
0.46,0.92,0.011402701
0.47,0.92,0.01154918
0.48,0.92,0.011691413
0.49,0.92,0.011829475
0.5,0.92,0.01196344
0.51,0.92,0.012093386
0.52,0.92,0.012219392
0.53,0.92,0.012341537
0.54,0.92,0.012459904
0.55,0.92,0.012574574
0.56,0.92,0.012685631
0.57,0.92,0.012793158
0.58,0.92,0.012897239
0.59,0.92,0.012997957
0.6,0.92,0.013095396
0.61,0.92,0.01318964
0.62,0.92,0.013280771
0.63,0.92,0.013368872
0.64,0.92,0.013454024
0.65,0.92,0.013536309
0.66,0.92,0.013615806
0.67,0.92,0.013692593
0.68,0.92,0.01376675
0.69,0.92,0.013838352
0.7,0.92,0.013907475
0.71,0.92,0.013974193
0.72,0.92,0.014038579
0.73,0.92,0.014100704
0.74,0.92,0.014160637
0.75,0.92,0.014218448
0.76,0.92,0.014274204
0.77,0.92,0.014327969
0.78,0.92,0.014379808
0.79,0.92,0.014429784
0.8,0.92,0.014477956
0.81,0.92,0.014524385
0.82,0.92,0.014569128
0.83,0.92,0.014612242
0.84,0.92,0.014653781
0.85,0.92,0.014693798
0.86,0.92,0.014732346
0.87,0.92,0.014769474
0.88,0.92,0.014805233
0.89,0.92,0.014839668
0.9,0.92,0.014872826
0.91,0.92,0.014904752
0.92,0.92,0.014935489
0.93,0.92,0.014965079
0.94,0.92,0.014993562
0.95,0.92,0.015020979
0.96,0.92,0.015047367
0.97,0.92,0.015072763
0.98,0.92,0.015097202
0.99,0.92,0.01512072
1,0.92,0.01514335
-1,0.93,-0.011608453
-0.99,0.93,-0.011591106
-0.98,0.93,-0.011573078
-0.97,0.93,-0.011554343
-0.96,0.93,-0.011534875
-0.95,0.93,-0.011514647
-0.94,0.93,-0.01149363
-0.93,0.93,-0.011471796
-0.92,0.93,-0.011449113
-0.91,0.93,-0.011425551
-0.9,0.93,-0.011401077
-0.89,0.93,-0.011375659
-0.88,0.93,-0.011349262
-0.87,0.93,-0.011321851
-0.86,0.93,-0.011293389
-0.85,0.93,-0.01126384
-0.84,0.93,-0.011233163
-0.83,0.93,-0.011201321
-0.82,0.93,-0.011168271
-0.81,0.93,-0.011133973
-0.8,0.93,-0.011098382
-0.79,0.93,-0.011061454
-0.78,0.93,-0.011023144
-0.77,0.93,-0.010983406
-0.76,0.93,-0.010942191
-0.75,0.93,-0.01089945
-0.74,0.93,-0.010855134
-0.73,0.93,-0.010809191
-0.72,0.93,-0.010761568
-0.71,0.93,-0.010712211
-0.7,0.93,-0.010661067
-0.69,0.93,-0.01060808
-0.68,0.93,-0.010553191
-0.67,0.93,-0.010496345
-0.66,0.93,-0.010437482
-0.65,0.93,-0.010376542
-0.64,0.93,-0.010313465
-0.63,0.93,-0.01024819
-0.62,0.93,-0.010180654
-0.61,0.93,-0.010110796
-0.6,0.93,-0.010038551
-0.59,0.93,-0.0099638571
-0.58,0.93,-0.0098866495
-0.57,0.93,-0.0098068643
-0.56,0.93,-0.0097244372
-0.55,0.93,-0.0096393043
-0.54,0.93,-0.0095514013
-0.53,0.93,-0.0094606649
-0.52,0.93,-0.0093670317
-0.51,0.93,-0.0092704395
-0.5,0.93,-0.0091708267
-0.49,0.93,-0.0090681327
-0.48,0.93,-0.0089622985
-0.47,0.93,-0.0088532663
-0.46,0.93,-0.0087409801
-0.45,0.93,-0.0086253861
-0.44,0.93,-0.0085064323
-0.43,0.93,-0.0083840696
-0.42,0.93,-0.0082582515
-0.41,0.93,-0.0081289343
-0.4,0.93,-0.0079960778
-0.39,0.93,-0.0078596455
-0.38,0.93,-0.0077196045
-0.37,0.93,-0.0075759263
-0.36,0.93,-0.0074285868
-0.35,0.93,-0.0072775665
-0.34,0.93,-0.0071228512
-0.33,0.93,-0.0069644319
-0.32,0.93,-0.0068023052
-0.31,0.93,-0.0066364738
-0.3,0.93,-0.0064669463
-0.29,0.93,-0.006293738
-0.28,0.93,-0.0061168707
-0.27,0.93,-0.0059363733
-0.26,0.93,-0.0057522816
-0.25,0.93,-0.0055646388
-0.24,0.93,-0.0053734955
-0.23,0.93,-0.0051789102
-0.22,0.93,-0.0049809488
-0.21,0.93,-0.004779685
-0.2,0.93,-0.0045752007
-0.19,0.93,-0.0043675851
-0.18,0.93,-0.0041569359
-0.17,0.93,-0.003943358
-0.16,0.93,-0.0037269644
-0.15,0.93,-0.0035078755
-0.14,0.93,-0.003286219
-0.13,0.93,-0.0030621299
-0.12,0.93,-0.0028357501
-0.11,0.93,-0.002607228
-0.1,0.93,-0.0023767184
-0.09,0.93,-0.002144382
-0.08,0.93,-0.0019103848
-0.07,0.93,-0.0016748983
-0.06,0.93,-0.001438098
-0.05,0.93,-0.001200164
-0.04,0.93,-0.00096127967
-0.03,0.93,-0.00072163139
-0.02,0.93,-0.00048140804
-0.01,0.93,-0.00024080027
0,0.93,0
0.01,0.93,0.00024080027
0.02,0.93,0.00048140804
0.03,0.93,0.00072163139
0.04,0.93,0.00096127967
0.05,0.93,0.001200164
0.06,0.93,0.001438098
0.07,0.93,0.0016748983
0.08,0.93,0.0019103848
0.09,0.93,0.002144382
0.1,0.93,0.0023767184
0.11,0.93,0.002607228
0.12,0.93,0.0028357501
0.13,0.93,0.0030621299
0.14,0.93,0.003286219
0.15,0.93,0.0035078755
0.16,0.93,0.0037269644
0.17,0.93,0.003943358
0.18,0.93,0.0041569359
0.19,0.93,0.0043675851
0.2,0.93,0.0045752007
0.21,0.93,0.004779685
0.22,0.93,0.0049809488
0.23,0.93,0.0051789102
0.24,0.93,0.0053734955
0.25,0.93,0.0055646388
0.26,0.93,0.0057522816
0.27,0.93,0.0059363733
0.28,0.93,0.0061168707
0.29,0.93,0.006293738
0.3,0.93,0.0064669463
0.31,0.93,0.0066364738
0.32,0.93,0.0068023052
0.33,0.93,0.0069644319
0.34,0.93,0.0071228512
0.35,0.93,0.0072775665
0.36,0.93,0.0074285868
0.37,0.93,0.0075759263
0.38,0.93,0.0077196045
0.39,0.93,0.0078596455
0.4,0.93,0.0079960778
0.41,0.93,0.0081289343
0.42,0.93,0.0082582515
0.43,0.93,0.0083840696
0.44,0.93,0.0085064323
0.45,0.93,0.0086253861
0.46,0.93,0.0087409801
0.47,0.93,0.0088532663
0.48,0.93,0.0089622985
0.49,0.93,0.0090681327
0.5,0.93,0.0091708267
0.51,0.93,0.0092704395
0.52,0.93,0.0093670317
0.53,0.93,0.0094606649
0.54,0.93,0.0095514013
0.55,0.93,0.0096393043
0.56,0.93,0.0097244372
0.57,0.93,0.0098068643
0.58,0.93,0.0098866495
0.59,0.93,0.0099638571
0.6,0.93,0.010038551
0.61,0.93,0.010110796
0.62,0.93,0.010180654
0.63,0.93,0.01024819
0.64,0.93,0.010313465
0.65,0.93,0.010376542
0.66,0.93,0.010437482
0.67,0.93,0.010496345
0.68,0.93,0.010553191
0.69,0.93,0.01060808
0.7,0.93,0.010661067
0.71,0.93,0.010712211
0.72,0.93,0.010761568
0.73,0.93,0.010809191
0.74,0.93,0.010855134
0.75,0.93,0.01089945
0.76,0.93,0.010942191
0.77,0.93,0.010983406
0.78,0.93,0.011023144
0.79,0.93,0.011061454
0.8,0.93,0.011098382
0.81,0.93,0.011133973
0.82,0.93,0.011168271
0.83,0.93,0.011201321
0.84,0.93,0.011233163
0.85,0.93,0.01126384
0.86,0.93,0.011293389
0.87,0.93,0.011321851
0.88,0.93,0.011349262
0.89,0.93,0.011375659
0.9,0.93,0.011401077
0.91,0.93,0.011425551
0.92,0.93,0.011449113
0.93,0.93,0.011471796
0.94,0.93,0.01149363
0.95,0.93,0.011514647
0.96,0.93,0.011534875
0.97,0.93,0.011554343
0.98,0.93,0.011573078
0.99,0.93,0.011591106
1,0.93,0.011608453
-1,0.94,-0.0085377894
-0.99,0.94,-0.0085250309
-0.98,0.94,-0.0085117716
-0.97,0.94,-0.0084979926
-0.96,0.94,-0.0084836745
-0.95,0.94,-0.0084687972
-0.94,0.94,-0.0084533397
-0.93,0.94,-0.0084372807
-0.92,0.94,-0.008420598
-0.91,0.94,-0.0084032685
-0.9,0.94,-0.0083852688
-0.89,0.94,-0.0083665742
-0.88,0.94,-0.0083471597
-0.87,0.94,-0.0083269994
-0.86,0.94,-0.0083060664
-0.85,0.94,-0.0082843332
-0.84,0.94,-0.0082617714
-0.83,0.94,-0.0082383519
-0.82,0.94,-0.0082140445
-0.81,0.94,-0.0081888185
-0.8,0.94,-0.008162642
-0.79,0.94,-0.0081354825
-0.78,0.94,-0.0081073065
-0.77,0.94,-0.0080780797
-0.76,0.94,-0.0080477669
-0.75,0.94,-0.008016332
-0.74,0.94,-0.0079837382
-0.73,0.94,-0.0079499477
-0.72,0.94,-0.0079149219
-0.71,0.94,-0.0078786214
-0.7,0.94,-0.0078410059
-0.69,0.94,-0.0078020345
-0.68,0.94,-0.0077616653
-0.67,0.94,-0.007719856
-0.66,0.94,-0.0076765632
-0.65,0.94,-0.0076317431
-0.64,0.94,-0.0075853513
-0.63,0.94,-0.0075373426
-0.62,0.94,-0.0074876715
-0.61,0.94,-0.0074362919
-0.6,0.94,-0.0073831575
-0.59,0.94,-0.0073282215
-0.58,0.94,-0.0072714368
-0.57,0.94,-0.0072127563
-0.56,0.94,-0.0071521329
-0.55,0.94,-0.0070895192
-0.54,0.94,-0.0070248684
-0.53,0.94,-0.0069581335
-0.52,0.94,-0.0068892681
-0.51,0.94,-0.0068182265
-0.5,0.94,-0.0067449632
-0.49,0.94,-0.0066694338
-0.48,0.94,-0.0065915948
-0.47,0.94,-0.0065114037
-0.46,0.94,-0.0064288195
-0.45,0.94,-0.0063438023
-0.44,0.94,-0.0062563142
-0.43,0.94,-0.0061663188
-0.42,0.94,-0.006073782
-0.41,0.94,-0.0059786717
-0.4,0.94,-0.0058809584
-0.39,0.94,-0.0057806151
-0.38,0.94,-0.0056776177
-0.37,0.94,-0.0055719452
-0.36,0.94,-0.0054635799
-0.35,0.94,-0.0053525075
-0.34,0.94,-0.0052387174
-0.33,0.94,-0.0051222031
-0.32,0.94,-0.0050029621
-0.31,0.94,-0.0048809963
-0.3,0.94,-0.0047563122
-0.29,0.94,-0.0046289209
-0.28,0.94,-0.0044988385
-0.27,0.94,-0.0043660861
-0.26,0.94,-0.0042306903
-0.25,0.94,-0.0040926827
-0.24,0.94,-0.0039521006
-0.23,0.94,-0.0038089869
-0.22,0.94,-0.0036633901
-0.21,0.94,-0.0035153646
-0.2,0.94,-0.0033649704
-0.19,0.94,-0.0032122732
-0.18,0.94,-0.0030573448
-0.17,0.94,-0.0029002625
-0.16,0.94,-0.0027411092
-0.15,0.94,-0.0025799736
-0.14,0.94,-0.0024169496
-0.13,0.94,-0.0022521365
-0.12,0.94,-0.0020856386
-0.11,0.94,-0.0019175651
-0.1,0.94,-0.0017480298
-0.09,0.94,-0.0015771509
-0.08,0.94,-0.0014050506
-0.07,0.94,-0.0012318548
-0.06,0.94,-0.0010576929
-0.05,0.94,-0.0008826971
-0.04,0.94,-0.00070700234
-0.03,0.94,-0.00053074574
-0.02,0.94,-0.00035406617
-0.01,0.94,-0.00017710388
0,0.94,0
0.01,0.94,0.00017710388
0.02,0.94,0.00035406617
0.03,0.94,0.00053074574
0.04,0.94,0.00070700234
0.05,0.94,0.0008826971
0.06,0.94,0.0010576929
0.07,0.94,0.0012318548
0.08,0.94,0.0014050506
0.09,0.94,0.0015771509
0.1,0.94,0.0017480298
0.11,0.94,0.0019175651
0.12,0.94,0.0020856386
0.13,0.94,0.0022521365
0.14,0.94,0.0024169496
0.15,0.94,0.0025799736
0.16,0.94,0.0027411092
0.17,0.94,0.0029002625
0.18,0.94,0.0030573448
0.19,0.94,0.0032122732
0.2,0.94,0.0033649704
0.21,0.94,0.0035153646
0.22,0.94,0.0036633901
0.23,0.94,0.0038089869
0.24,0.94,0.0039521006
0.25,0.94,0.0040926827
0.26,0.94,0.0042306903
0.27,0.94,0.0043660861
0.28,0.94,0.0044988385
0.29,0.94,0.0046289209
0.3,0.94,0.0047563122
0.31,0.94,0.0048809963
0.32,0.94,0.0050029621
0.33,0.94,0.0051222031
0.34,0.94,0.0052387174
0.35,0.94,0.0053525075
0.36,0.94,0.0054635799
0.37,0.94,0.0055719452
0.38,0.94,0.0056776177
0.39,0.94,0.0057806151
0.4,0.94,0.0058809584
0.41,0.94,0.0059786717
0.42,0.94,0.006073782
0.43,0.94,0.0061663188
0.44,0.94,0.0062563142
0.45,0.94,0.0063438023
0.46,0.94,0.0064288195
0.47,0.94,0.0065114037
0.48,0.94,0.0065915948
0.49,0.94,0.0066694338
0.5,0.94,0.0067449632
0.51,0.94,0.0068182265
0.52,0.94,0.0068892681
0.53,0.94,0.0069581335
0.54,0.94,0.0070248684
0.55,0.94,0.0070895192
0.56,0.94,0.0071521329
0.57,0.94,0.0072127563
0.58,0.94,0.0072714368
0.59,0.94,0.0073282215
0.6,0.94,0.0073831575
0.61,0.94,0.0074362919
0.62,0.94,0.0074876715
0.63,0.94,0.0075373426
0.64,0.94,0.0075853513
0.65,0.94,0.0076317431
0.66,0.94,0.0076765632
0.67,0.94,0.007719856
0.68,0.94,0.0077616653
0.69,0.94,0.0078020345
0.7,0.94,0.0078410059
0.71,0.94,0.0078786214
0.72,0.94,0.0079149219
0.73,0.94,0.0079499477
0.74,0.94,0.0079837382
0.75,0.94,0.008016332
0.76,0.94,0.0080477669
0.77,0.94,0.0080780797
0.78,0.94,0.0081073065
0.79,0.94,0.0081354825
0.8,0.94,0.008162642
0.81,0.94,0.0081888185
0.82,0.94,0.0082140445
0.83,0.94,0.0082383519
0.84,0.94,0.0082617714
0.85,0.94,0.0082843332
0.86,0.94,0.0083060664
0.87,0.94,0.0083269994
0.88,0.94,0.0083471597
0.89,0.94,0.0083665742
0.9,0.94,0.0083852688
0.91,0.94,0.0084032685
0.92,0.94,0.008420598
0.93,0.94,0.0084372807
0.94,0.94,0.0084533397
0.95,0.94,0.0084687972
0.96,0.94,0.0084836745
0.97,0.94,0.0084979926
0.98,0.94,0.0085117716
0.99,0.94,0.0085250309
1,0.94,0.0085377894
-1,0.95,-0.0059343896
-0.99,0.95,-0.0059255215
-0.98,0.95,-0.0059163053
-0.97,0.95,-0.0059067279
-0.96,0.95,-0.0058967758
-0.95,0.95,-0.0058864349
-0.94,0.95,-0.0058756909
-0.93,0.95,-0.0058645287
-0.92,0.95,-0.005852933
-0.91,0.95,-0.0058408877
-0.9,0.95,-0.0058283766
-0.89,0.95,-0.0058153825
-0.88,0.95,-0.005801888
-0.87,0.95,-0.0057878751
-0.86,0.95,-0.0057733251
-0.85,0.95,-0.0057582189
-0.84,0.95,-0.0057425369
-0.83,0.95,-0.0057262586
-0.82,0.95,-0.0057093632
-0.81,0.95,-0.0056918292
-0.8,0.95,-0.0056736347
-0.79,0.95,-0.0056547568
-0.78,0.95,-0.0056351724
-0.77,0.95,-0.0056148577
-0.76,0.95,-0.005593788
-0.75,0.95,-0.0055719385
-0.74,0.95,-0.0055492834
-0.73,0.95,-0.0055257965
-0.72,0.95,-0.005501451
-0.71,0.95,-0.0054762195
-0.7,0.95,-0.005450074
-0.69,0.95,-0.005422986
-0.68,0.95,-0.0053949265
-0.67,0.95,-0.0053658659
-0.66,0.95,-0.0053357743
-0.65,0.95,-0.005304621
-0.64,0.95,-0.0052723753
-0.63,0.95,-0.0052390057
-0.62,0.95,-0.0052044807
-0.61,0.95,-0.0051687681
-0.6,0.95,-0.0051318358
-0.59,0.95,-0.0050936512
-0.58,0.95,-0.0050541817
-0.57,0.95,-0.0050133945
-0.56,0.95,-0.0049712567
-0.55,0.95,-0.0049277357
-0.54,0.95,-0.0048827986
-0.53,0.95,-0.0048364129
-0.52,0.95,-0.0047885465
-0.51,0.95,-0.0047391673
-0.5,0.95,-0.0046882439
-0.49,0.95,-0.0046357455
-0.48,0.95,-0.0045816416
-0.47,0.95,-0.004525903
-0.46,0.95,-0.0044685009
-0.45,0.95,-0.0044094077
-0.44,0.95,-0.004348597
-0.43,0.95,-0.0042860437
-0.42,0.95,-0.0042217238
-0.41,0.95,-0.0041556152
-0.4,0.95,-0.0040876973
-0.39,0.95,-0.0040179513
-0.38,0.95,-0.0039463606
-0.37,0.95,-0.0038729105
-0.36,0.95,-0.0037975886
-0.35,0.95,-0.0037203851
-0.34,0.95,-0.0036412927
-0.33,0.95,-0.0035603067
-0.32,0.95,-0.0034774254
-0.31,0.95,-0.0033926503
-0.3,0.95,-0.0033059857
-0.29,0.95,-0.0032174394
-0.28,0.95,-0.0031270226
-0.27,0.95,-0.00303475
-0.26,0.95,-0.0029406399
-0.25,0.95,-0.0028447145
-0.24,0.95,-0.0027469997
-0.23,0.95,-0.0026475252
-0.22,0.95,-0.0025463247
-0.21,0.95,-0.0024434361
-0.2,0.95,-0.0023389011
-0.19,0.95,-0.0022327654
-0.18,0.95,-0.0021250788
-0.17,0.95,-0.0020158951
-0.16,0.95,-0.0019052719
-0.15,0.95,-0.0017932708
-0.14,0.95,-0.0016799572
-0.13,0.95,-0.0015654
-0.12,0.95,-0.0014496717
-0.11,0.95,-0.0013328483
-0.1,0.95,-0.0012150089
-0.09,0.95,-0.0010962355
-0.08,0.95,-0.00097661318
-0.07,0.95,-0.00085622942
-0.06,0.95,-0.00073517411
-0.05,0.95,-0.0006135392
-0.04,0.95,-0.00049141846
-0.03,0.95,-0.0003689072
-0.02,0.95,-0.00024610195
-0.01,0.95,-0.00012310018
0,0.95,0
0.01,0.95,0.00012310018
0.02,0.95,0.00024610195
0.03,0.95,0.0003689072
0.04,0.95,0.00049141846
0.05,0.95,0.0006135392
0.06,0.95,0.00073517411
0.07,0.95,0.00085622942
0.08,0.95,0.00097661318
0.09,0.95,0.0010962355
0.1,0.95,0.0012150089
0.11,0.95,0.0013328483
0.12,0.95,0.0014496717
0.13,0.95,0.0015654
0.14,0.95,0.0016799572
0.15,0.95,0.0017932708
0.16,0.95,0.0019052719
0.17,0.95,0.0020158951
0.18,0.95,0.0021250788
0.19,0.95,0.0022327654
0.2,0.95,0.0023389011
0.21,0.95,0.0024434361
0.22,0.95,0.0025463247
0.23,0.95,0.0026475252
0.24,0.95,0.0027469997
0.25,0.95,0.0028447145
0.26,0.95,0.0029406399
0.27,0.95,0.00303475
0.28,0.95,0.0031270226
0.29,0.95,0.0032174394
0.3,0.95,0.0033059857
0.31,0.95,0.0033926503
0.32,0.95,0.0034774254
0.33,0.95,0.0035603067
0.34,0.95,0.0036412927
0.35,0.95,0.0037203851
0.36,0.95,0.0037975886
0.37,0.95,0.0038729105
0.38,0.95,0.0039463606
0.39,0.95,0.0040179513
0.4,0.95,0.0040876973
0.41,0.95,0.0041556152
0.42,0.95,0.0042217238
0.43,0.95,0.0042860437
0.44,0.95,0.004348597
0.45,0.95,0.0044094077
0.46,0.95,0.0044685009
0.47,0.95,0.004525903
0.48,0.95,0.0045816416
0.49,0.95,0.0046357455
0.5,0.95,0.0046882439
0.51,0.95,0.0047391673
0.52,0.95,0.0047885465
0.53,0.95,0.0048364129
0.54,0.95,0.0048827986
0.55,0.95,0.0049277357
0.56,0.95,0.0049712567
0.57,0.95,0.0050133945
0.58,0.95,0.0050541817
0.59,0.95,0.0050936512
0.6,0.95,0.0051318358
0.61,0.95,0.0051687681
0.62,0.95,0.0052044807
0.63,0.95,0.0052390057
0.64,0.95,0.0052723753
0.65,0.95,0.005304621
0.66,0.95,0.0053357743
0.67,0.95,0.0053658659
0.68,0.95,0.0053949265
0.69,0.95,0.005422986
0.7,0.95,0.005450074
0.71,0.95,0.0054762195
0.72,0.95,0.005501451
0.73,0.95,0.0055257965
0.74,0.95,0.0055492834
0.75,0.95,0.0055719385
0.76,0.95,0.005593788
0.77,0.95,0.0056148577
0.78,0.95,0.0056351724
0.79,0.95,0.0056547568
0.8,0.95,0.0056736347
0.81,0.95,0.0056918292
0.82,0.95,0.0057093632
0.83,0.95,0.0057262586
0.84,0.95,0.0057425369
0.85,0.95,0.0057582189
0.86,0.95,0.0057733251
0.87,0.95,0.0057878751
0.88,0.95,0.005801888
0.89,0.95,0.0058153825
0.9,0.95,0.0058283766
0.91,0.95,0.0058408877
0.92,0.95,0.005852933
0.93,0.95,0.0058645287
0.94,0.95,0.0058756909
0.95,0.95,0.0058864349
0.96,0.95,0.0058967758
0.97,0.95,0.0059067279
0.98,0.95,0.0059163053
0.99,0.95,0.0059255215
1,0.95,0.0059343896
-1,0.96,-0.0038008227
-0.99,0.96,-0.0037951429
-0.98,0.96,-0.0037892402
-0.97,0.96,-0.0037831061
-0.96,0.96,-0.003776732
-0.95,0.96,-0.003770109
-0.94,0.96,-0.0037632277
-0.93,0.96,-0.0037560786
-0.92,0.96,-0.0037486518
-0.91,0.96,-0.0037409372
-0.9,0.96,-0.0037329241
-0.89,0.96,-0.0037246017
-0.88,0.96,-0.0037159589
-0.87,0.96,-0.0037069839
-0.86,0.96,-0.0036976651
-0.85,0.96,-0.00368799
-0.84,0.96,-0.003677946
-0.83,0.96,-0.0036675202
-0.82,0.96,-0.0036566991
-0.81,0.96,-0.0036454691
-0.8,0.96,-0.0036338159
-0.79,0.96,-0.0036217251
-0.78,0.96,-0.0036091819
-0.77,0.96,-0.0035961708
-0.76,0.96,-0.0035826762
-0.75,0.96,-0.0035686822
-0.74,0.96,-0.0035541722
-0.73,0.96,-0.0035391294
-0.72,0.96,-0.0035235368
-0.71,0.96,-0.0035073766
-0.7,0.96,-0.0034906311
-0.69,0.96,-0.0034732819
-0.68,0.96,-0.0034553106
-0.67,0.96,-0.003436698
-0.66,0.96,-0.0034174251
-0.65,0.96,-0.0033974722
-0.64,0.96,-0.0033768197
-0.63,0.96,-0.0033554474
-0.62,0.96,-0.0033333349
-0.61,0.96,-0.003310462
-0.6,0.96,-0.0032868078
-0.59,0.96,-0.0032623516
-0.58,0.96,-0.0032370723
-0.57,0.96,-0.0032109492
-0.56,0.96,-0.0031839611
-0.55,0.96,-0.0031560869
-0.54,0.96,-0.0031273059
-0.53,0.96,-0.0030975971
-0.52,0.96,-0.0030669399
-0.51,0.96,-0.0030353138
-0.5,0.96,-0.0030026987
-0.49,0.96,-0.0029690748
-0.48,0.96,-0.0029344227
-0.47,0.96,-0.0028987235
-0.46,0.96,-0.002861959
-0.45,0.96,-0.0028241113
-0.44,0.96,-0.0027851637
-0.43,0.96,-0.0027450999
-0.42,0.96,-0.0027039046
-0.41,0.96,-0.0026615638
-0.4,0.96,-0.0026180641
-0.39,0.96,-0.0025733937
-0.38,0.96,-0.0025275417
-0.37,0.96,-0.0024804988
-0.36,0.96,-0.0024322571
-0.35,0.96,-0.0023828102
-0.34,0.96,-0.0023321536
-0.33,0.96,-0.0022802841
-0.32,0.96,-0.0022272009
-0.31,0.96,-0.0021729046
-0.3,0.96,-0.0021173981
-0.29,0.96,-0.0020606865
-0.28,0.96,-0.0020027769
-0.27,0.96,-0.0019436787
-0.26,0.96,-0.0018834036
-0.25,0.96,-0.0018219659
-0.24,0.96,-0.0017593821
-0.23,0.96,-0.0016956712
-0.22,0.96,-0.001630855
-0.21,0.96,-0.0015649575
-0.2,0.96,-0.0014980055
-0.19,0.96,-0.0014300284
-0.18,0.96,-0.0013610579
-0.17,0.96,-0.0012911285
-0.16,0.96,-0.0012202773
-0.15,0.96,-0.0011485435
-0.14,0.96,-0.001075969
-0.13,0.96,-0.0010025981
-0.12,0.96,-0.00092847716
-0.11,0.96,-0.00085365479
-0.1,0.96,-0.00077818168
-0.09,0.96,-0.00070211042
-0.08,0.96,-0.00062549542
-0.07,0.96,-0.00054839275
-0.06,0.96,-0.00047085996
-0.05,0.96,-0.00039295595
-0.04,0.96,-0.00031474079
-0.03,0.96,-0.0002362755
-0.02,0.96,-0.00015762192
-0.01,0.96,-7.8842475e-05
0,0.96,0
0.01,0.96,7.8842475e-05
0.02,0.96,0.00015762192
0.03,0.96,0.0002362755
0.04,0.96,0.00031474079
0.05,0.96,0.00039295595
0.06,0.96,0.00047085996
0.07,0.96,0.00054839275
0.08,0.96,0.00062549542
0.09,0.96,0.00070211042
0.1,0.96,0.00077818168
0.11,0.96,0.00085365479
0.12,0.96,0.00092847716
0.13,0.96,0.0010025981
0.14,0.96,0.001075969
0.15,0.96,0.0011485435
0.16,0.96,0.0012202773
0.17,0.96,0.0012911285
0.18,0.96,0.0013610579
0.19,0.96,0.0014300284
0.2,0.96,0.0014980055
0.21,0.96,0.0015649575
0.22,0.96,0.001630855
0.23,0.96,0.0016956712
0.24,0.96,0.0017593821
0.25,0.96,0.0018219659
0.26,0.96,0.0018834036
0.27,0.96,0.0019436787
0.28,0.96,0.0020027769
0.29,0.96,0.0020606865
0.3,0.96,0.0021173981
0.31,0.96,0.0021729046
0.32,0.96,0.0022272009
0.33,0.96,0.0022802841
0.34,0.96,0.0023321536
0.35,0.96,0.0023828102
0.36,0.96,0.0024322571
0.37,0.96,0.0024804988
0.38,0.96,0.0025275417
0.39,0.96,0.0025733937
0.4,0.96,0.0026180641
0.41,0.96,0.0026615638
0.42,0.96,0.0027039046
0.43,0.96,0.0027450999
0.44,0.96,0.0027851637
0.45,0.96,0.0028241113
0.46,0.96,0.002861959
0.47,0.96,0.0028987235
0.48,0.96,0.0029344227
0.49,0.96,0.0029690748
0.5,0.96,0.0030026987
0.51,0.96,0.0030353138
0.52,0.96,0.0030669399
0.53,0.96,0.0030975971
0.54,0.96,0.0031273059
0.55,0.96,0.0031560869
0.56,0.96,0.0031839611
0.57,0.96,0.0032109492
0.58,0.96,0.0032370723
0.59,0.96,0.0032623516
0.6,0.96,0.0032868078
0.61,0.96,0.003310462
0.62,0.96,0.0033333349
0.63,0.96,0.0033554474
0.64,0.96,0.0033768197
0.65,0.96,0.0033974722
0.66,0.96,0.0034174251
0.67,0.96,0.003436698
0.68,0.96,0.0034553106
0.69,0.96,0.0034732819
0.7,0.96,0.0034906311
0.71,0.96,0.0035073766
0.72,0.96,0.0035235368
0.73,0.96,0.0035391294
0.74,0.96,0.0035541722
0.75,0.96,0.0035686822
0.76,0.96,0.0035826762
0.77,0.96,0.0035961708
0.78,0.96,0.0036091819
0.79,0.96,0.0036217251
0.8,0.96,0.0036338159
0.81,0.96,0.0036454691
0.82,0.96,0.0036566991
0.83,0.96,0.0036675202
0.84,0.96,0.003677946
0.85,0.96,0.00368799
0.86,0.96,0.0036976651
0.87,0.96,0.0037069839
0.88,0.96,0.0037159589
0.89,0.96,0.0037246017
0.9,0.96,0.0037329241
0.91,0.96,0.0037409372
0.92,0.96,0.0037486518
0.93,0.96,0.0037560786
0.94,0.96,0.0037632277
0.95,0.96,0.003770109
0.96,0.96,0.003776732
0.97,0.96,0.0037831061
0.98,0.96,0.0037892402
0.99,0.96,0.0037951429
1,0.96,0.0038008227
-1,0.97,-0.0021391943
-0.99,0.97,-0.0021359975
-0.98,0.97,-0.0021326753
-0.97,0.97,-0.0021292229
-0.96,0.97,-0.0021256355
-0.95,0.97,-0.0021219078
-0.94,0.97,-0.0021180349
-0.93,0.97,-0.0021140112
-0.92,0.97,-0.0021098313
-0.91,0.97,-0.0021054893
-0.9,0.97,-0.0021009793
-0.89,0.97,-0.0020962953
-0.88,0.97,-0.0020914309
-0.87,0.97,-0.0020863796
-0.86,0.97,-0.0020811347
-0.85,0.97,-0.0020756893
-0.84,0.97,-0.0020700363
-0.83,0.97,-0.0020641684
-0.82,0.97,-0.002058078
-0.81,0.97,-0.0020517575
-0.8,0.97,-0.0020451988
-0.79,0.97,-0.0020383939
-0.78,0.97,-0.0020313342
-0.77,0.97,-0.0020240112
-0.76,0.97,-0.0020164162
-0.75,0.97,-0.00200854
-0.74,0.97,-0.0020003734
-0.73,0.97,-0.001991907
-0.72,0.97,-0.0019831311
-0.71,0.97,-0.0019740358
-0.7,0.97,-0.001964611
-0.69,0.97,-0.0019548465
-0.68,0.97,-0.0019447317
-0.67,0.97,-0.0019342561
-0.66,0.97,-0.0019234089
-0.65,0.97,-0.0019121789
-0.64,0.97,-0.0019005552
-0.63,0.97,-0.0018885263
-0.62,0.97,-0.0018760809
-0.61,0.97,-0.0018632075
-0.6,0.97,-0.0018498943
-0.59,0.97,-0.0018361298
-0.58,0.97,-0.001821902
-0.57,0.97,-0.0018071993
-0.56,0.97,-0.0017920097
-0.55,0.97,-0.0017763215
-0.54,0.97,-0.0017601228
-0.53,0.97,-0.001743402
-0.52,0.97,-0.0017261474
-0.51,0.97,-0.0017083475
-0.5,0.97,-0.0016899909
-0.49,0.97,-0.0016710666
-0.48,0.97,-0.0016515635
-0.47,0.97,-0.0016314712
-0.46,0.97,-0.0016107792
-0.45,0.97,-0.0015894777
-0.44,0.97,-0.001567557
-0.43,0.97,-0.0015450081
-0.42,0.97,-0.0015218224
-0.41,0.97,-0.001497992
-0.4,0.97,-0.0014735093
-0.39,0.97,-0.0014483677
-0.38,0.97,-0.0014225611
-0.37,0.97,-0.0013960842
-0.36,0.97,-0.0013689327
-0.35,0.97,-0.0013411028
-0.34,0.97,-0.001312592
-0.33,0.97,-0.0012833986
-0.32,0.97,-0.0012535221
-0.31,0.97,-0.0012229628
-0.3,0.97,-0.0011917225
-0.29,0.97,-0.0011598038
-0.28,0.97,-0.0011272109
-0.27,0.97,-0.001093949
-0.26,0.97,-0.0010600248
-0.25,0.97,-0.0010254462
-0.24,0.97,-0.00099022247
-0.23,0.97,-0.00095436448
-0.22,0.97,-0.00091788434
-0.21,0.97,-0.00088079565
-0.2,0.97,-0.00084311347
-0.19,0.97,-0.00080485429
-0.18,0.97,-0.00076603605
-0.17,0.97,-0.00072667813
-0.16,0.97,-0.00068680134
-0.15,0.97,-0.00064642784
-0.14,0.97,-0.0006055812
-0.13,0.97,-0.00056428629
-0.12,0.97,-0.00052256924
-0.11,0.97,-0.00048045741
-0.1,0.97,-0.00043797933
-0.09,0.97,-0.0003951646
-0.08,0.97,-0.00035204384
-0.07,0.97,-0.0003086486
-0.06,0.97,-0.00026501129
-0.05,0.97,-0.00022116504
-0.04,0.97,-0.00017714367
-0.03,0.97,-0.00013298152
-0.02,0.97,-8.8713399e-05
-0.01,0.97,-4.4374438e-05
0,0.97,0
0.01,0.97,4.4374438e-05
0.02,0.97,8.8713399e-05
0.03,0.97,0.00013298152
0.04,0.97,0.00017714367
0.05,0.97,0.00022116504
0.06,0.97,0.00026501129
0.07,0.97,0.0003086486
0.08,0.97,0.00035204384
0.09,0.97,0.0003951646
0.1,0.97,0.00043797933
0.11,0.97,0.00048045741
0.12,0.97,0.00052256924
0.13,0.97,0.00056428629
0.14,0.97,0.0006055812
0.15,0.97,0.00064642784
0.16,0.97,0.00068680134
0.17,0.97,0.00072667813
0.18,0.97,0.00076603605
0.19,0.97,0.00080485429
0.2,0.97,0.00084311347
0.21,0.97,0.00088079565
0.22,0.97,0.00091788434
0.23,0.97,0.00095436448
0.24,0.97,0.00099022247
0.25,0.97,0.0010254462
0.26,0.97,0.0010600248
0.27,0.97,0.001093949
0.28,0.97,0.0011272109
0.29,0.97,0.0011598038
0.3,0.97,0.0011917225
0.31,0.97,0.0012229628
0.32,0.97,0.0012535221
0.33,0.97,0.0012833986
0.34,0.97,0.001312592
0.35,0.97,0.0013411028
0.36,0.97,0.0013689327
0.37,0.97,0.0013960842
0.38,0.97,0.0014225611
0.39,0.97,0.0014483677
0.4,0.97,0.0014735093
0.41,0.97,0.001497992
0.42,0.97,0.0015218224
0.43,0.97,0.0015450081
0.44,0.97,0.001567557
0.45,0.97,0.0015894777
0.46,0.97,0.0016107792
0.47,0.97,0.0016314712
0.48,0.97,0.0016515635
0.49,0.97,0.0016710666
0.5,0.97,0.0016899909
0.51,0.97,0.0017083475
0.52,0.97,0.0017261474
0.53,0.97,0.001743402
0.54,0.97,0.0017601228
0.55,0.97,0.0017763215
0.56,0.97,0.0017920097
0.57,0.97,0.0018071993
0.58,0.97,0.001821902
0.59,0.97,0.0018361298
0.6,0.97,0.0018498943
0.61,0.97,0.0018632075
0.62,0.97,0.0018760809
0.63,0.97,0.0018885263
0.64,0.97,0.0019005552
0.65,0.97,0.0019121789
0.66,0.97,0.0019234089
0.67,0.97,0.0019342561
0.68,0.97,0.0019447317
0.69,0.97,0.0019548465
0.7,0.97,0.001964611
0.71,0.97,0.0019740358
0.72,0.97,0.0019831311
0.73,0.97,0.001991907
0.74,0.97,0.0020003734
0.75,0.97,0.00200854
0.76,0.97,0.0020164162
0.77,0.97,0.0020240112
0.78,0.97,0.0020313342
0.79,0.97,0.0020383939
0.8,0.97,0.0020451988
0.81,0.97,0.0020517575
0.82,0.97,0.002058078
0.83,0.97,0.0020641684
0.84,0.97,0.0020700363
0.85,0.97,0.0020756893
0.86,0.97,0.0020811347
0.87,0.97,0.0020863796
0.88,0.97,0.0020914309
0.89,0.97,0.0020962953
0.9,0.97,0.0021009793
0.91,0.97,0.0021054893
0.92,0.97,0.0021098313
0.93,0.97,0.0021140112
0.94,0.97,0.0021180349
0.95,0.97,0.0021219078
0.96,0.97,0.0021256355
0.97,0.97,0.0021292229
0.98,0.97,0.0021326753
0.99,0.97,0.0021359975
1,0.97,0.0021391943
-1,0.98,-0.00095114411
-0.99,0.98,-0.00094972276
-0.98,0.98,-0.00094824562
-0.97,0.98,-0.00094671059
-0.96,0.98,-0.00094511549
-0.95,0.98,-0.0009434581
-0.94,0.98,-0.00094173608
-0.93,0.98,-0.00093994704
-0.92,0.98,-0.00093808851
-0.91,0.98,-0.00093615794
-0.9,0.98,-0.00093415269
-0.89,0.98,-0.00093207005
-0.88,0.98,-0.0009299072
-0.87,0.98,-0.00092766125
-0.86,0.98,-0.00092532923
-0.85,0.98,-0.00092290806
-0.84,0.98,-0.00092039459
-0.83,0.98,-0.00091778556
-0.82,0.98,-0.00091507763
-0.81,0.98,-0.00091226734
-0.8,0.98,-0.00090935118
-0.79,0.98,-0.0009063255
-0.78,0.98,-0.00090318658
-0.77,0.98,-0.0008999306
-0.76,0.98,-0.00089655363
-0.75,0.98,-0.00089305166
-0.74,0.98,-0.00088942058
-0.73,0.98,-0.00088565618
-0.72,0.98,-0.00088175416
-0.71,0.98,-0.00087771013
-0.7,0.98,-0.00087351962
-0.69,0.98,-0.00086917805
-0.68,0.98,-0.00086468076
-0.67,0.98,-0.00086002303
-0.66,0.98,-0.00085520004
-0.65,0.98,-0.00085020691
-0.64,0.98,-0.00084503867
-0.63,0.98,-0.00083969031
-0.62,0.98,-0.00083415675
-0.61,0.98,-0.00082843286
-0.6,0.98,-0.00082251347
-0.59,0.98,-0.00081639337
-0.58,0.98,-0.00081006733
-0.57,0.98,-0.00080353009
-0.56,0.98,-0.00079677639
-0.55,0.98,-0.00078980098
-0.54,0.98,-0.00078259861
-0.53,0.98,-0.00077516408
-0.52,0.98,-0.0007674922
-0.51,0.98,-0.00075957787
-0.5,0.98,-0.00075141605
-0.49,0.98,-0.00074300177
-0.48,0.98,-0.00073433019
-0.47,0.98,-0.00072539659
-0.46,0.98,-0.00071619637
-0.45,0.98,-0.00070672511
-0.44,0.98,-0.00069697858
-0.43,0.98,-0.00068695274
-0.42,0.98,-0.00067664376
-0.41,0.98,-0.0006660481
-0.4,0.98,-0.00065516244
-0.39,0.98,-0.00064398379
-0.38,0.98,-0.00063250947
-0.37,0.98,-0.00062073713
-0.36,0.98,-0.00060866479
-0.35,0.98,-0.00059629088
-0.34,0.98,-0.0005836142
-0.33,0.98,-0.00057063404
-0.32,0.98,-0.00055735011
-0.31,0.98,-0.00054376264
-0.3,0.98,-0.00052987232
-0.29,0.98,-0.00051568042
-0.28,0.98,-0.00050118871
-0.27,0.98,-0.00048639957
-0.26,0.98,-0.00047131593
-0.25,0.98,-0.00045594132
-0.24,0.98,-0.00044027992
-0.23,0.98,-0.00042433647
-0.22,0.98,-0.00040811641
-0.21,0.98,-0.00039162577
-0.2,0.98,-0.00037487124
-0.19,0.98,-0.00035786017
-0.18,0.98,-0.00034060052
-0.17,0.98,-0.00032310092
-0.16,0.98,-0.0003053706
-0.15,0.98,-0.00028741945
-0.14,0.98,-0.00026925792
-0.13,0.98,-0.00025089707
-0.12,0.98,-0.00023234853
-0.11,0.98,-0.00021362447
-0.1,0.98,-0.00019473755
-0.09,0.98,-0.00017570096
-0.08,0.98,-0.00015652829
-0.07,0.98,-0.00013723359
-0.06,0.98,-0.00011783125
-0.05,0.98,-9.833601e-05
-0.04,0.98,-7.8762907e-05
-0.03,0.98,-5.9127212e-05
-0.02,0.98,-3.9444397e-05
-0.01,0.98,-1.9730085e-05
0,0.98,0
0.01,0.98,1.9730085e-05
0.02,0.98,3.9444397e-05
0.03,0.98,5.9127212e-05
0.04,0.98,7.8762907e-05
0.05,0.98,9.833601e-05
0.06,0.98,0.00011783125
0.07,0.98,0.00013723359
0.08,0.98,0.00015652829
0.09,0.98,0.00017570096
0.1,0.98,0.00019473755
0.11,0.98,0.00021362447
0.12,0.98,0.00023234853
0.13,0.98,0.00025089707
0.14,0.98,0.00026925792
0.15,0.98,0.00028741945
0.16,0.98,0.0003053706
0.17,0.98,0.00032310092
0.18,0.98,0.00034060052
0.19,0.98,0.00035786017
0.2,0.98,0.00037487124
0.21,0.98,0.00039162577
0.22,0.98,0.00040811641
0.23,0.98,0.00042433647
0.24,0.98,0.00044027992
0.25,0.98,0.00045594132
0.26,0.98,0.00047131593
0.27,0.98,0.00048639957
0.28,0.98,0.00050118871
0.29,0.98,0.00051568042
0.3,0.98,0.00052987232
0.31,0.98,0.00054376264
0.32,0.98,0.00055735011
0.33,0.98,0.00057063404
0.34,0.98,0.0005836142
0.35,0.98,0.00059629088
0.36,0.98,0.00060866479
0.37,0.98,0.00062073713
0.38,0.98,0.00063250947
0.39,0.98,0.00064398379
0.4,0.98,0.00065516244
0.41,0.98,0.0006660481
0.42,0.98,0.00067664376
0.43,0.98,0.00068695274
0.44,0.98,0.00069697858
0.45,0.98,0.00070672511
0.46,0.98,0.00071619637
0.47,0.98,0.00072539659
0.48,0.98,0.00073433019
0.49,0.98,0.00074300177
0.5,0.98,0.00075141605
0.51,0.98,0.00075957787
0.52,0.98,0.0007674922
0.53,0.98,0.00077516408
0.54,0.98,0.00078259861
0.55,0.98,0.00078980098
0.56,0.98,0.00079677639
0.57,0.98,0.00080353009
0.58,0.98,0.00081006733
0.59,0.98,0.00081639337
0.6,0.98,0.00082251347
0.61,0.98,0.00082843286
0.62,0.98,0.00083415675
0.63,0.98,0.00083969031
0.64,0.98,0.00084503867
0.65,0.98,0.00085020691
0.66,0.98,0.00085520004
0.67,0.98,0.00086002303
0.68,0.98,0.00086468076
0.69,0.98,0.00086917805
0.7,0.98,0.00087351962
0.71,0.98,0.00087771013
0.72,0.98,0.00088175416
0.73,0.98,0.00088565618
0.74,0.98,0.00088942058
0.75,0.98,0.00089305166
0.76,0.98,0.00089655363
0.77,0.98,0.0008999306
0.78,0.98,0.00090318658
0.79,0.98,0.0009063255
0.8,0.98,0.00090935118
0.81,0.98,0.00091226734
0.82,0.98,0.00091507763
0.83,0.98,0.00091778556
0.84,0.98,0.00092039459
0.85,0.98,0.00092290806
0.86,0.98,0.00092532923
0.87,0.98,0.00092766125
0.88,0.98,0.0009299072
0.89,0.98,0.00093207005
0.9,0.98,0.00093415269
0.91,0.98,0.00093615794
0.92,0.98,0.00093808851
0.93,0.98,0.00093994704
0.94,0.98,0.00094173608
0.95,0.98,0.0009434581
0.96,0.98,0.00094511549
0.97,0.98,0.00094671059
0.98,0.98,0.00094824562
0.99,0.98,0.00094972276
1,0.98,0.00095114411
-1,0.99,-0.00023784471
-0.99,0.99,-0.00023748928
-0.98,0.99,-0.00023711991
-0.97,0.99,-0.00023673605
-0.96,0.99,-0.00023633718
-0.95,0.99,-0.00023592273
-0.94,0.99,-0.00023549212
-0.93,0.99,-0.00023504475
-0.92,0.99,-0.00023458
-0.91,0.99,-0.00023409724
-0.9,0.99,-0.00023359581
-0.89,0.99,-0.00023307502
-0.88,0.99,-0.00023253417
-0.87,0.99,-0.00023197254
-0.86,0.99,-0.0002313894
-0.85,0.99,-0.00023078395
-0.84,0.99,-0.00023015543
-0.83,0.99,-0.00022950301
-0.82,0.99,-0.00022882586
-0.81,0.99,-0.00022812312
-0.8,0.99,-0.0002273939
-0.79,0.99,-0.00022663729
-0.78,0.99,-0.00022585237
-0.77,0.99,-0.00022503817
-0.76,0.99,-0.00022419372
-0.75,0.99,-0.00022331801
-0.74,0.99,-0.00022241002
-0.73,0.99,-0.00022146868
-0.72,0.99,-0.00022049294
-0.71,0.99,-0.00021948168
-0.7,0.99,-0.0002184338
-0.69,0.99,-0.00021734814
-0.68,0.99,-0.00021622354
-0.67,0.99,-0.00021505882
-0.66,0.99,-0.00021385277
-0.65,0.99,-0.00021260418
-0.64,0.99,-0.0002113118
-0.63,0.99,-0.00020997438
-0.62,0.99,-0.00020859065
-0.61,0.99,-0.00020715932
-0.6,0.99,-0.00020567911
-0.59,0.99,-0.00020414871
-0.58,0.99,-0.00020256681
-0.57,0.99,-0.0002009321
-0.56,0.99,-0.00019924326
-0.55,0.99,-0.00019749897
-0.54,0.99,-0.00019569794
-0.53,0.99,-0.00019383884
-0.52,0.99,-0.0001919204
-0.51,0.99,-0.00018994133
-0.5,0.99,-0.00018790037
-0.49,0.99,-0.00018579628
-0.48,0.99,-0.00018362785
-0.47,0.99,-0.0001813939
-0.46,0.99,-0.00017909328
-0.45,0.99,-0.00017672488
-0.44,0.99,-0.00017428765
-0.43,0.99,-0.00017178057
-0.42,0.99,-0.00016920269
-0.41,0.99,-0.00016655312
-0.4,0.99,-0.00016383103
-0.39,0.99,-0.00016103568
-0.38,0.99,-0.00015816639
-0.37,0.99,-0.00015522258
-0.36,0.99,-0.00015220375
-0.35,0.99,-0.00014910951
-0.34,0.99,-0.00014593956
-0.33,0.99,-0.00014269372
-0.32,0.99,-0.00013937191
-0.31,0.99,-0.00013597421
-0.3,0.99,-0.00013250077
-0.29,0.99,-0.00012895192
-0.28,0.99,-0.0001253281
-0.27,0.99,-0.0001216299
-0.26,0.99,-0.00011785806
-0.25,0.99,-0.00011401346
-0.24,0.99,-0.00011009714
-0.23,0.99,-0.0001061103
-0.22,0.99,-0.00010205428
-0.21,0.99,-9.7930604e-05
-0.2,0.99,-9.3740938e-05
-0.19,0.99,-8.948712e-05
-0.18,0.99,-8.5171143e-05
-0.17,0.99,-8.0795163e-05
-0.16,0.99,-7.6361491e-05
-0.15,0.99,-7.1872594e-05
-0.14,0.99,-6.7331092e-05
-0.13,0.99,-6.2739747e-05
-0.12,0.99,-5.8101468e-05
-0.11,0.99,-5.3419297e-05
-0.1,0.99,-4.8696403e-05
-0.09,0.99,-4.3936079e-05
-0.08,0.99,-3.914173e-05
-0.07,0.99,-3.4316863e-05
-0.06,0.99,-2.9465081e-05
-0.05,0.99,-2.4590069e-05
-0.04,0.99,-1.9695586e-05
-0.03,0.99,-1.4785451e-05
-0.02,0.99,-9.8635327e-06
-0.01,0.99,-4.9337385e-06
0,0.99,0
0.01,0.99,4.9337385e-06
0.02,0.99,9.8635327e-06
0.03,0.99,1.4785451e-05
0.04,0.99,1.9695586e-05
0.05,0.99,2.4590069e-05
0.06,0.99,2.9465081e-05
0.07,0.99,3.4316863e-05
0.08,0.99,3.914173e-05
0.09,0.99,4.3936079e-05
0.1,0.99,4.8696403e-05
0.11,0.99,5.3419297e-05
0.12,0.99,5.8101468e-05
0.13,0.99,6.2739747e-05
0.14,0.99,6.7331092e-05
0.15,0.99,7.1872594e-05
0.16,0.99,7.6361491e-05
0.17,0.99,8.0795163e-05
0.18,0.99,8.5171143e-05
0.19,0.99,8.948712e-05
0.2,0.99,9.3740938e-05
0.21,0.99,9.7930604e-05
0.22,0.99,0.00010205428
0.23,0.99,0.0001061103
0.24,0.99,0.00011009714
0.25,0.99,0.00011401346
0.26,0.99,0.00011785806
0.27,0.99,0.0001216299
0.28,0.99,0.0001253281
0.29,0.99,0.00012895192
0.3,0.99,0.00013250077
0.31,0.99,0.00013597421
0.32,0.99,0.00013937191
0.33,0.99,0.00014269372
0.34,0.99,0.00014593956
0.35,0.99,0.00014910951
0.36,0.99,0.00015220375
0.37,0.99,0.00015522258
0.38,0.99,0.00015816639
0.39,0.99,0.00016103568
0.4,0.99,0.00016383103
0.41,0.99,0.00016655312
0.42,0.99,0.00016920269
0.43,0.99,0.00017178057
0.44,0.99,0.00017428765
0.45,0.99,0.00017672488
0.46,0.99,0.00017909328
0.47,0.99,0.0001813939
0.48,0.99,0.00018362785
0.49,0.99,0.00018579628
0.5,0.99,0.00018790037
0.51,0.99,0.00018994133
0.52,0.99,0.0001919204
0.53,0.99,0.00019383884
0.54,0.99,0.00019569794
0.55,0.99,0.00019749897
0.56,0.99,0.00019924326
0.57,0.99,0.0002009321
0.58,0.99,0.00020256681
0.59,0.99,0.00020414871
0.6,0.99,0.00020567911
0.61,0.99,0.00020715932
0.62,0.99,0.00020859065
0.63,0.99,0.00020997438
0.64,0.99,0.0002113118
0.65,0.99,0.00021260418
0.66,0.99,0.00021385277
0.67,0.99,0.00021505882
0.68,0.99,0.00021622354
0.69,0.99,0.00021734814
0.7,0.99,0.0002184338
0.71,0.99,0.00021948168
0.72,0.99,0.00022049294
0.73,0.99,0.00022146868
0.74,0.99,0.00022241002
0.75,0.99,0.00022331801
0.76,0.99,0.00022419372
0.77,0.99,0.00022503817
0.78,0.99,0.00022585237
0.79,0.99,0.00022663729
0.8,0.99,0.0002273939
0.81,0.99,0.00022812312
0.82,0.99,0.00022882586
0.83,0.99,0.00022950301
0.84,0.99,0.00023015543
0.85,0.99,0.00023078395
0.86,0.99,0.0002313894
0.87,0.99,0.00023197254
0.88,0.99,0.00023253417
0.89,0.99,0.00023307502
0.9,0.99,0.00023359581
0.91,0.99,0.00023409724
0.92,0.99,0.00023458
0.93,0.99,0.00023504475
0.94,0.99,0.00023549212
0.95,0.99,0.00023592273
0.96,0.99,0.00023633718
0.97,0.99,0.00023673605
0.98,0.99,0.00023711991
0.99,0.99,0.00023748928
1,0.99,0.00023784471
-1,1,-0
-0.99,1,-0
-0.98,1,-0
-0.97,1,-0
-0.96,1,-0
-0.95,1,-0
-0.94,1,-0
-0.93,1,-0
-0.92,1,-0
-0.91,1,-0
-0.9,1,-0
-0.89,1,-0
-0.88,1,-0
-0.87,1,-0
-0.86,1,-0
-0.85,1,-0
-0.84,1,-0
-0.83,1,-0
-0.82,1,-0
-0.81,1,-0
-0.8,1,-0
-0.79,1,-0
-0.78,1,-0
-0.77,1,-0
-0.76,1,-0
-0.75,1,-0
-0.74,1,-0
-0.73,1,-0
-0.72,1,-0
-0.71,1,-0
-0.7,1,-0
-0.69,1,-0
-0.68,1,-0
-0.67,1,-0
-0.66,1,-0
-0.65,1,-0
-0.64,1,-0
-0.63,1,-0
-0.62,1,-0
-0.61,1,-0
-0.6,1,-0
-0.59,1,-0
-0.58,1,-0
-0.57,1,-0
-0.56,1,-0
-0.55,1,-0
-0.54,1,-0
-0.53,1,-0
-0.52,1,-0
-0.51,1,-0
-0.5,1,-0
-0.49,1,-0
-0.48,1,-0
-0.47,1,-0
-0.46,1,-0
-0.45,1,-0
-0.44,1,-0
-0.43,1,-0
-0.42,1,-0
-0.41,1,-0
-0.4,1,-0
-0.39,1,-0
-0.38,1,-0
-0.37,1,-0
-0.36,1,-0
-0.35,1,-0
-0.34,1,-0
-0.33,1,-0
-0.32,1,-0
-0.31,1,-0
-0.3,1,-0
-0.29,1,-0
-0.28,1,-0
-0.27,1,-0
-0.26,1,-0
-0.25,1,-0
-0.24,1,-0
-0.23,1,-0
-0.22,1,-0
-0.21,1,-0
-0.2,1,-0
-0.19,1,-0
-0.18,1,-0
-0.17,1,-0
-0.16,1,-0
-0.15,1,-0
-0.14,1,-0
-0.13,1,-0
-0.12,1,-0
-0.11,1,-0
-0.1,1,-0
-0.09,1,-0
-0.08,1,-0
-0.07,1,-0
-0.06,1,-0
-0.05,1,-0
-0.04,1,-0
-0.03,1,-0
-0.02,1,-0
-0.01,1,-0
0,1,0
0.01,1,0
0.02,1,0
0.03,1,0
0.04,1,0
0.05,1,0
0.06,1,0
0.07,1,0
0.08,1,0
0.09,1,0
0.1,1,0
0.11,1,0
0.12,1,0
0.13,1,0
0.14,1,0
0.15,1,0
0.16,1,0
0.17,1,0
0.18,1,0
0.19,1,0
0.2,1,0
0.21,1,0
0.22,1,0
0.23,1,0
0.24,1,0
0.25,1,0
0.26,1,0
0.27,1,0
0.28,1,0
0.29,1,0
0.3,1,0
0.31,1,0
0.32,1,0
0.33,1,0
0.34,1,0
0.35,1,0
0.36,1,0
0.37,1,0
0.38,1,0
0.39,1,0
0.4,1,0
0.41,1,0
0.42,1,0
0.43,1,0
0.44,1,0
0.45,1,0
0.46,1,0
0.47,1,0
0.48,1,0
0.49,1,0
0.5,1,0
0.51,1,0
0.52,1,0
0.53,1,0
0.54,1,0
0.55,1,0
0.56,1,0
0.57,1,0
0.58,1,0
0.59,1,0
0.6,1,0
0.61,1,0
0.62,1,0
0.63,1,0
0.64,1,0
0.65,1,0
0.66,1,0
0.67,1,0
0.68,1,0
0.69,1,0
0.7,1,0
0.71,1,0
0.72,1,0
0.73,1,0
0.74,1,0
0.75,1,0
0.76,1,0
0.77,1,0
0.78,1,0
0.79,1,0
0.8,1,0
0.81,1,0
0.82,1,0
0.83,1,0
0.84,1,0
0.85,1,0
0.86,1,0
0.87,1,0
0.88,1,0
0.89,1,0
0.9,1,0
0.91,1,0
0.92,1,0
0.93,1,0
0.94,1,0
0.95,1,0
0.96,1,0
0.97,1,0
0.98,1,0
0.99,1,0
1,1,0
